JAN,SHOSINM,KANSU,ITMCD,DAIGENRECD,CHUGENRECD,SHOGENRECD,SIKIRIBANCD,ITMNM,DAIGENRENM,CHUGENRENM,SHOGENRENM,SIKIRIBANNM,CHOSHANM,SHPNSHACD,SHPNSHANM,SAKUHINCD,SAKUHINNM,SOSHONM,HATUBAIYMD,ANNUAL_SALES,SUBLABEL,SERIESNM
9784023322226,徳川家康へタイムワープ　？！歴史漫画タイムワープシリーズ,,1076,16,0071,0005,0091,書籍,児童書,学習百科,学習漫画,その他学習漫画,ＴＡＫ．Ｂｒｏ,0000002,朝日新聞出版,43376613,徳川家康へタイムワープ　？！歴史漫画タイムワープシリーズ,歴史人物ＢＯＯＫ,20221118,1515,歴史漫画タイムワープシリーズ,歴史漫画タイムワープシリーズ
9784023322141,トンネルのサバイバル,,1076,16,0071,0005,0021,書籍,児童書,学習百科,学習漫画,サバイバルシリーズ,パク・ソンイ,0000002,朝日新聞出版,43366736,トンネルのサバイバル,かがくるＢＯＯＫ　科学漫画サバイバルシリーズ　８０,20221007,17125,科学漫画サバイバルシリーズ８０,サバイバルシリーズ
9784023322158,テーマパークのサバイバル,,1076,16,0071,0005,0021,書籍,児童書,学習百科,学習漫画,サバイバルシリーズ,ポドアルチング,0000002,朝日新聞出版,43380283,テーマパークのサバイバル,かがくるＢＯＯＫ　科学漫画サバイバルシリーズ　８１,20221207,23076,科学漫画サバイバルシリーズ８１,サバイバルシリーズ
9784023333772,きらきら　ぴかぴか,,1076,16,0011,0002,0001,書籍,児童書,幼児絵本,ファーストブック,ファーストブック,瀧靖之,0000002,朝日新聞出版,43369774,きらきら　ぴかぴか,脳科学にもとづいた知育絵本,20221020,7306,脳科学にもとづいた知育絵本,脳科学にもとづいた知育絵本
9784023322080,実験対決　火山の対決　学校勝ちぬき戦　実験対決シリーズ　明日は実験王,４３,1076,16,0071,0005,0021,書籍,児童書,学習百科,学習漫画,サバイバルシリーズ,ストーリーａ．,0000002,朝日新聞出版,42202145,実験対決,かがくるＢＯＯＫ,20221118,1000,,サバイバルシリーズ
9784031271905,すうじのかくれんぼ,,1076,16,0015,0001,0021,書籍,児童書,しかけ絵本,しかけ絵本,しかけ絵本,いしかわこうじ,0000003,偕成社,43370935,すうじのかくれんぼ,あっ！とおどろくしかけえほん,20221205,1172,,あっ！とおどろくしかけえほん
9784041126547,どっちが強い！？Ａ　ロボットで入学試験！？,１,1076,16,0071,0005,0031,書籍,児童書,学習百科,学習漫画,どっちが強い！？シリーズ,スライウム,0000004,ＫＡＤＯＫＡＷＡ,43369333,どっちが強い！？Ａ,,20221116,3519,,どっちが強い！？シリーズ
9784041127742,どっちが強い！？ガチンコ動物オリンピック編　なんでもＮｏ．１決定戦,,1076,16,0071,0005,0031,書籍,児童書,学習百科,学習漫画,どっちが強い！？シリーズ,ブラックインクチーム,0000004,ＫＡＤＯＫＡＷＡ,43369402,どっちが強い！？ガチンコ動物オリンピック編　なんでもＮｏ．１決定戦,角川まんが学習シリーズ,20221130,9083,,どっちが強い！？シリーズ
9784041122914,どっちが強い！？　ピットブルｖｓオオヤマネコ　豪華客船でイヌネコ対決,,1076,16,0071,0005,0031,書籍,児童書,学習百科,学習漫画,どっちが強い！？シリーズ,ジノ,0000004,ＫＡＤＯＫＡＷＡ,43377192,どっちが強い！？　ピットブルｖｓオオヤマネコ　豪華客船でイヌネコ対決,角川まんが学習シリーズ,20221214,9239,,どっちが強い！？シリーズ
9784041126554,どっちが強い！？Ａ　無人島でロボバトル！,２,1076,16,0071,0005,0031,書籍,児童書,学習百科,学習漫画,どっちが強い！？シリーズ,レッドコード,0000004,ＫＡＤＯＫＡＷＡ,43369333,どっちが強い！？Ａ,,20221116,2906,,どっちが強い！？シリーズ
9784049146707,すみっコぐらしいっしょにクロスワード,,1076,16,0021,0001,0051,書籍,児童書,キャラクター絵本,キャラクター絵本,その他キャラクター,キャラぱふぇ編集部,0000004,ＫＡＤＯＫＡＷＡ,43372072,すみっコぐらしいっしょにクロスワード,キャラぱふぇブックス,20221130,1755,,すみっコぐらし
9784052055966,正解のない問題集　道徳編,,1076,16,0071,0001,0007,書籍,児童書,学習百科,学習百科,道徳・教養,池上彰,0000005,学研プラス,43369058,正解のない問題集　道徳編,新時代の教養,20221117,3281,新時代の教養,新時代の教養
9784052055881,こどもずかん　のりもの７７７　英語つき　しゃしんバージョン,,1076,16,0011,0003,0001,書籍,児童書,幼児絵本,知育絵本,知育絵本,デイブ・テルキ,0000005,学研プラス,43369056,こどもずかん　のりもの７７７　英語つき　しゃしんバージョン,こどもずかん,20221125,5125,こどもずかん,こどもずかん
9784052056383,めくってばあ！,,1076,16,0011,0002,0001,書籍,児童書,幼児絵本,ファーストブック,ファーストブック,いりやまさとし,0000005,学研プラス,43369406,めくってばあ！,ＮＥＷぴよちゃんとあそぼ！,20221104,2288,ＮＥＷぴよちゃんとあそぼ！,ＮＥＷぴよちゃんとあそぼ！
9784052056727,最強王キャラ図鑑,,1076,16,0061,0001,0091,書籍,児童書,実用百科,実用百科,その他実用百科,国際最強王図鑑協会,0000005,学研プラス,43375608,最強王キャラ図鑑,最強王図鑑シリーズ,20221222,18450,最強王図鑑シリーズ,最強王図鑑シリーズ
9784052056000,０さい〜３さい脳そだて　おさかなちゃんとあ〜そ〜ぼ！,,1076,16,0011,0002,0001,書籍,児童書,幼児絵本,ファーストブック,ファーストブック,茂木健一郎,0000005,学研プラス,43360343,０さい～３さい脳そだて　おさかなちゃんとあ～そ～ぼ！,,20221020,1083,おさかなちゃん,おさかなちゃん
9784046321954,四つ子ぐらし　プレゼントに思いをこめて,１３,1076,16,0055,0001,0015,書籍,児童書,児童文庫,児童文庫,角川つばさ文庫,ひのひまり,0000004,ＫＡＤＯＫＡＷＡ,43007684,四つ子ぐらし,角川つばさ文庫,20221109,19208,,四つ子ぐらし
9784052055171,きょうりゅう,,1076,16,0081,0001,0011,書籍,児童書,図鑑,図鑑,学習図鑑シリーズ,真鍋真,0000005,学研プラス,43369054,きょうりゅう,ひとりでよめるずかん,20221118,1179,ひとりでよめるずかん,ひとりでよめるずかん
9784065301944,トミカライトペンでしらべろ！トミカのひみつだいずかん,,1076,16,0035,0001,0011,書籍,児童書,絵本塔,絵本塔,講談社,講談社,0000006,講談社,43372075,トミカライトペンでしらべろ！トミカのひみつだいずかん,講談社ＭＯＯＫ,20221212,1751,,講談社ＭＯＯＫ
9784053049247,マンガでわかる中学英語中１〜３,,1076,19,0021,0005,0001,書籍,学習参考書,中学学参,基礎学習,基礎学習参考書,竹屋まり子,0000005,学研プラス,43222649,マンガでわかる中学英語中１～３,ＣＯＭＩＣ×ＳＴＵＤＹ,20221006,2553,ＣＯＭＩＣ×ＳＴＵＤＹ,ＣＯＭＩＣ×ＳＴＵＤＹ
9784065264461,日本の歴史,,1076,16,0081,0001,0011,書籍,児童書,図鑑,図鑑,学習図鑑シリーズ,西谷大,0000006,講談社,43358029,日本の歴史,講談社の動く図鑑ＭＯＶＥ,20221129,4178,,講談社の動く図鑑ＭＯＶＥ
9784065290361,仮面ライダーギーツもじかずちえドリル,,1076,19,0001,0001,0001,書籍,学習参考書,幼児ドリル,幼児ドリル,幼児ドリル,講談社,0000006,講談社,43357398,仮面ライダーギーツもじかずちえドリル,キャラクタードリルシリーズ,20221018,1335,,キャラクタードリルシリーズ
9784074523115,いきもののふしぎはっけん！３６６クイズ,,1076,16,0071,0001,0407,書籍,児童書,学習百科,学習百科,理科　動物,主婦の友社,0000007,主婦の友社,43377197,いきもののふしぎはっけん！３６６クイズ,頭のいい子を育てる,20221117,1404,頭のいい子を育てる,頭のいい子を育てる
9784053056016,高校入試出るナビ英語,,1076,19,0021,0061,0001,書籍,学習参考書,中学学参,高校入試,入試対策問題集,ｍｉｏ,0000005,学研プラス,43360363,高校入試出るナビ英語,高校入試出るナビ,20221006,1237,高校入試　出るナビ,高校入試出るナビ
9784065300985,あつまれ！　トミカ　いっぱいずかん,,1076,16,0035,0001,0011,書籍,児童書,絵本塔,絵本塔,講談社,ｍｉｏ,0000006,講談社,43384012,あつまれ！　トミカ　いっぱいずかん,講談社ＭＯＯＫ,20221208,2372,,講談社ＭＯＯＫ
9784053056047,高校入試出るナビ理科,,1076,19,0021,0061,0001,書籍,学習参考書,中学学参,高校入試,入試対策問題集,ｍｉｏ,0000005,学研プラス,43360366,高校入試出るナビ理科,高校入試出るナビ,20221006,1301,高校入試　出るナビ,高校入試出るナビ
9784053056054,高校入試出るナビ社会,,1076,19,0021,0061,0001,書籍,学習参考書,中学学参,高校入試,入試対策問題集,ｍｉｏ,0000005,学研プラス,43360367,高校入試出るナビ社会,高校入試出るナビ,20221006,1789,高校入試　出るナビ,高校入試出るナビ
9784065293355,アナと雪の女王　アナ雪　きらきら　えほん文庫,,1076,16,0021,0001,0005,書籍,児童書,キャラクター絵本,キャラクター絵本,ディズニー,講談社,0000006,講談社,43362343,アナと雪の女王　アナ雪　きらきら　えほん文庫,ディズニーえほん文庫,20221027,1019,,ディズニーえほん文庫
9784074525584,ジブリの食卓となりのトトロ,,1076,16,0061,0001,0041,書籍,児童書,実用百科,実用百科,料理,スタジオジブリ,0000007,主婦の友社,43364239,ジブリの食卓となりのトトロ,子どもりょうり絵本,20221004,1019,,子どもりょうり絵本
9784091125972,それいけ！アンパンマン　シールいっぱい！　たべものこれなあにブック,,1076,16,0035,0001,0001,書籍,児童書,絵本塔,絵本塔,小学館,やなせたかし,0000009,小学館,43377198,それいけ！アンパンマン　シールいっぱい！　たべものこれなあにブック,小学館のカラーワイド,20221124,1741,カラーワイド,アンパンマン_小学館のカラーワイド
9784065300992,全ウルトラマン　パーフェクト大図鑑　増補改訂,,1076,16,0035,0001,0011,書籍,児童書,絵本塔,絵本塔,講談社,講談社,0000006,講談社,43385230,全ウルトラマン　パーフェクト大図鑑　増補改訂,講談社ＭＯＯＫ　テレビマガジンＭＯＯＫ,20221215,2232,,講談社ＭＯＯＫ　テレビマガジンＭＯＯＫ
9784065294994,はってはがせる！仮面ライダーギーツ超シールバトルロイヤル！,,1076,16,0035,0001,0011,書籍,児童書,絵本塔,絵本塔,講談社,講談社,0000006,講談社,43357380,はってはがせる！仮面ライダーギーツ超シールバトルロイヤル！,講談社ＭＯＯＫ　テレビマガジンＭＯＯＫ,20221024,1763,,講談社ＭＯＯＫ　テレビマガジンＭＯＯＫ
9784065301197,ウルトラライトペンでちょうさせよ！ウルトラヒーロー＆かいじゅうひみつバトルだいず,,1076,16,0035,0001,0011,書籍,児童書,絵本塔,絵本塔,講談社,講談社,0000006,講談社,43372550,ウルトラライトペンでちょうさせよ！ウルトラヒーロー＆かいじゅうひみつバトルだいず,おと幼ムック,20221212,2198,,おと幼ムック
9784053056061,高校入試出るナビ５科　改訂版,,1076,19,0021,0061,0001,書籍,学習参考書,中学学参,高校入試,入試対策問題集,学研プラス,0000005,学研プラス,43360368,高校入試出るナビ５科　改訂版,高校入試出るナビ,20221027,4077,高校入試　出るナビ,高校入試出るナビ
9784057508320,キャンディねんどでつくる　つやぷるアクセサリー,,1076,16,0061,0001,0043,書籍,児童書,実用百科,実用百科,おしゃれ,ｓａｒｉｃｏ,0000005,学研プラス,43369072,キャンディねんどでつくる　つやぷるアクセサリー,［バラエティ］　ガールズクラフト,20221115,1838,ガールズクラフト,ガールズクラフト
9784065304358,全仮面ライダー　パーフェクト大図鑑　増補改訂,,1076,16,0035,0001,0011,書籍,児童書,絵本塔,絵本塔,講談社,ｍｉｏ,0000006,講談社,43374260,全仮面ライダー　パーフェクト大図鑑　増補改訂,講談社ＭＯＯＫ　テレビマガジンデラックス　２５２,20221223,1363,,講談社ＭＯＯＫ　テレビマガジンデラックス　２５２
9784065291702,仮面ライダーギーツとあそぼう！,,1076,16,0035,0001,0011,書籍,児童書,絵本塔,絵本塔,講談社,講談社,0000006,講談社,43372549,仮面ライダーギーツとあそぼう！,,20221025,10296,,仮面ライダー
9784065301036,仮面ライダーギーツとあそぼう！　レジェンド,,1076,16,0035,0001,0011,書籍,児童書,絵本塔,絵本塔,講談社,講談社,0000006,講談社,43379298,仮面ライダーギーツとあそぼう！　レジェンド,講談社ＭＯＯＫ　テレビマガジンＭＯＯＫ,20221215,6903,,講談社ＭＯＯＫ　テレビマガジンＭＯＯＫ
9784091066275,ピカチュウとあそぼ！　ピカチュウのだいぼうけん　ポケモンおはなし＆おあそびブック,,1076,16,0035,0001,0001,書籍,児童書,絵本塔,絵本塔,小学館,よしのえみこ,0000009,小学館,43372077,ピカチュウとあそぼ！　ピカチュウのだいぼうけん　ポケモンおはなし＆おあそびブック,ワンダーライフスペシャル,20221024,1568,ワンダーライフスペシャル,ワンダーライフスペシャル
9784092175143,乗りもの　新版　鉄道・自動車・飛行機・船,,1076,16,0081,0001,0011,書籍,児童書,図鑑,図鑑,学習図鑑シリーズ,長根広和,0000009,小学館,43374262,乗りもの　新版　鉄道・自動車・飛行機・船,小学館の図鑑ＮＥＯ,20221129,9960,小学館の図鑑NEO,小学館の図鑑ＮＥＯ
9784097251743,チャレンジミッケ！　ポケット版　サンタクロース,４,1076,16,0007,0004,0031,書籍,児童書,絵本,さがしもの絵本,ミッケ,ウォルター・ウィック,0000009,小学館,43341242,チャレンジミッケ！　ポケット版,,20221129,1065,,ミッケ
9784097355984,星のカービィ　ディスカバリー　ほおばれ！シールブック,,1076,16,0021,0001,0051,書籍,児童書,キャラクター絵本,キャラクター絵本,その他キャラクター,ワープスター,0000009,小学館,43372078,星のカービィ　ディスカバリー　ほおばれ！シールブック,まるごとシールブックＤＸ,20221026,2574,まるごとシールブック,まるごとシールブックＤＸ
9784092592094,ドラえもん探究ワールド　本の歴史と未来,,1076,16,0071,0001,0021,書籍,児童書,学習百科,学習百科,ドラえもんの学習シリ－ズ,藤子・Ｆ・不二雄,0000009,小学館,43370509,ドラえもん探究ワールド　本の歴史と未来,ビッグ・コロタン,20221116,3018,ビッグ･コロタン,ビッグコロタン
9784092536418,マインクラフト　公式ドリル　さんすう　ステップ２　７ー８才におすすめ　マイクラで楽しく理数系センスを身につける！,,1076,19,0005,0001,0091,書籍,学習参考書,小学ドリル,小学ドリル,その他ドリル,夏坂哲志,0000009,小学館,43368533,マインクラフト　公式ドリル　さんすう　ステップ２　７ー８才におすすめ　マイクラで楽しく理数系センスを身につける！,知育ドリル,20221013,3870,知育ドリル,知育ドリル
9784092592117,ドラえもん探究ワールド　ねむりと夢のふしぎ,,1076,16,0071,0001,0021,書籍,児童書,学習百科,学習百科,ドラえもんの学習シリ－ズ,藤子・Ｆ・不二雄,0000009,小学館,43383706,ドラえもん探究ワールド　ねむりと夢のふしぎ,ビッグ・コロタン,20221207,4395,ビッグ･コロタン,ビッグコロタン
9784198655471,スタジオジブリのヒロインがいっぱい,,1076,16,0021,0001,0035,書籍,児童書,キャラクター絵本,キャラクター絵本,ジブリ,スタジオジブリ,0000019,徳間書店,43359658,スタジオジブリのヒロインがいっぱい,徳間アニメ絵本ミニ,20221015,1194,,ジブリ
9784097353492,ワンワンの　パンやさん,,1076,16,0021,0001,0051,書籍,児童書,キャラクター絵本,キャラクター絵本,その他キャラクター,ＮＨＫエデュケーショナル,0000009,小学館,43380286,ワンワンの　パンやさん,ゆびにんぎょうえほん　いないいないばあっ！,20221207,1778,,ゆびにんぎょうえほん　いないいないばあっ！
9784092592100,ドラえもん科学ワールドｓｐｅｃｉａｌ　みんなのためのデジタル入門,,1076,16,0071,0001,0021,書籍,児童書,学習百科,学習百科,ドラえもんの学習シリ－ズ,藤子・Ｆ・不二雄,0000009,小学館,43363325,ドラえもん科学ワールドｓｐｅｃｉａｌ　みんなのためのデジタル入門,ビッグ・コロタン,20221116,6128,ビッグ･コロタン,ビッグコロタン
9784097251897,ピタゴラじゃんけん装置ＱＲブック　ピタの巻,,1076,16,0061,0001,0061,書籍,児童書,実用百科,実用百科,工作,ＮＨＫエデュケーショナル,0000009,小学館,43374263,ピタゴラじゃんけん装置ＱＲブック　ピタの巻,ピタゴラＢＯＯＫ,20221026,3049,,ピタゴラＢＯＯＫ
9784097353485,ぷしゅぷしゅの　こんにちは！,,1076,16,0021,0001,0051,書籍,児童書,キャラクター絵本,キャラクター絵本,その他キャラクター,テレビ東京,0000009,小学館,43380285,ぷしゅぷしゅの　こんにちは！,ゆびにんぎょうえほん　シナぷしゅ,20221207,2586,,シナぷしゅ
9784092989313,小学館版学習まんが日本の歴史（全２０巻セット）,,1076,16,0071,0005,0001,書籍,児童書,学習百科,学習漫画,日本の歴史,小学館,0000009,小学館,43351790,小学館版学習まんが日本の歴史（全２０巻セット）,小学館学習まんがシリーズ,20221201,2211,小学館 学習まんがシリーズ,小学館学習まんがシリーズ
9784097504368,てれびくん超ひゃっかシリーズ　ウルトラマンデッカー　デッカー＆ヒーローバトルずかん,,1076,16,0021,0001,0041,書籍,児童書,キャラクター絵本,キャラクター絵本,ヒーロー,間宮尚彦,0000009,小学館,43378663,てれびくん超ひゃっかシリーズ　ウルトラマンデッカー　デッカー＆ヒーローバトルずかん,超ひゃっか,20221116,1405,超ひゃっか,超ひゃっか
9784092536425,マインクラフト　公式ドリル　さんすう　ステップ１　６ー７才におすすめ　マイクラで楽しく理数系センスを身につける！,,1076,19,0005,0001,0091,書籍,学習参考書,小学ドリル,小学ドリル,その他ドリル,夏坂哲志,0000009,小学館,43368534,マインクラフト　公式ドリル　さんすう　ステップ１　６ー７才におすすめ　マイクラで楽しく理数系センスを身につける！,知育ドリル,20221013,5279,知育ドリル,知育ドリル
9784092984011,日本の歴史　日本文化のあけぼの　旧石器〜縄文〜弥生〜古墳時代,１,1076,16,0071,0005,0001,書籍,児童書,学習百科,学習漫画,日本の歴史,山川出版社,0000009,小学館,43381698,小学館版学習まんが　日本の歴史,小学館学習まんがシリーズ,20221201,1176,小学館 学習まんがシリーズ,小学館学習まんがシリーズ
9784097251903,ピタゴラじゃんけん装置ＱＲブック　ゴラの巻,,1076,16,0061,0001,0061,書籍,児童書,実用百科,実用百科,工作,ＮＨＫエデュケーショナル,0000009,小学館,43374264,ピタゴラじゃんけん装置ＱＲブック　ゴラの巻,ピタゴラＢＯＯＫ,20221026,2157,,ピタゴラＢＯＯＫ
9784494003808,みかんくんがね・・,,1076,16,0011,0003,0005,書籍,児童書,幼児絵本,知育絵本,たべもの絵本,とよたかずひこ,0000494,童心社,43365481,みかんくんがね・・,おいしいともだち,20221014,1511,おいしいともだち,おいしいともだち
9784415332161,のりものずかん,,1076,16,0011,0003,0001,書籍,児童書,幼児絵本,知育絵本,知育絵本,成美堂出版編集部,0000415,成美堂出版,43378668,のりものずかん,じぶんでよめる,20221110,2524,,じぶんでよめる
9784522439999,１０才からの勉強が得意になる方法,,1076,16,0071,0001,0008,書籍,児童書,学習百科,学習百科,その他教科,葉一,0000522,永岡書店,43365870,１０才からの勉強が得意になる方法,大人だって本当は知らない,20221011,1196,,大人だって本当は知らない
9784325253600,福岡大学（医学部医学科を除くー一般選抜前期日程）２０２３,,1076,19,0031,0061,0011,書籍,学習参考書,高校学参,大学受験,大学別赤本,教学社編集部,0000325,教学社,43371510,福岡大学（医学部医学科を除くー一般選抜前期日程）２０２３,大学入試シリーズ,20221012,1201,2023年版大学入試シリーズ,大学入試シリーズ
9784325251255,東海大学（医学部医学科を除くー一般選抜）　２０２３,,1076,19,0031,0061,0011,書籍,学習参考書,高校学参,大学受験,大学別赤本,教学社編集部,0000325,教学社,43367832,東海大学（医学部医学科を除くー一般選抜）　２０２３,大学入試シリーズ,20221006,1023,2023年版大学入試シリーズ,大学入試シリーズ
9784415332178,でんしゃずかん,,1076,16,0011,0003,0001,書籍,児童書,幼児絵本,知育絵本,知育絵本,成美堂出版編集部,0000415,成美堂出版,43378669,でんしゃずかん,じぶんでよめる,20221110,2424,,じぶんでよめる
9784325251002,専修大学（学部個別入試）　２０２３,,1076,19,0031,0061,0011,書籍,学習参考書,高校学参,大学受験,大学別赤本,教学社編集部,0000325,教学社,43367829,専修大学（学部個別入試）　２０２３,大学入試シリーズ,20221006,1656,2023年版大学入試シリーズ,大学入試シリーズ
9784522803134,ごはんもぐもぐいただきま〜す！　とびだすえほん,,1076,16,0015,0001,0021,書籍,児童書,しかけ絵本,しかけ絵本,しかけ絵本,さくらいひろし,0000522,永岡書店,43365871,ごはんもぐもぐいただきま～す！　とびだすえほん,,20221011,1505,,とびだすえほん
9784591174951,ディズニープリンセスのひみつ１００,,1076,16,0021,0001,0005,書籍,児童書,キャラクター絵本,キャラクター絵本,ディズニー,ｍｉｏ,0000591,ポプラ社,43367769,ディズニープリンセスのひみつ１００,,20221013,1947,単行本,ディズニー
9784591175194,あおい１ばんのきかんしゃ　トーマスどーこだ？,,1076,16,0021,0001,0011,書籍,児童書,キャラクター絵本,キャラクター絵本,トーマス,ｍｉｏ,0000591,ポプラ社,43374278,あおい１ばんのきかんしゃ　トーマスどーこだ？,きかんしゃトーマスの本,20221109,1182,きかんしゃトーマスの本,きかんしゃトーマスの本
9784591175644,きかんしゃトーマス　キャラクターずかん,,1076,16,0021,0001,0055,書籍,児童書,キャラクター絵本,キャラクター絵本,超ひみつゲット,ｍｉｏ,0000591,ポプラ社,43380017,きかんしゃトーマス　キャラクターずかん,超ひみつゲット！,20221207,3227,超ひみつゲット！,超ひみつゲット
9784577051191,アンパンマンおままごとえほん　おべんとう,,1076,16,0021,0001,0001,書籍,児童書,キャラクター絵本,キャラクター絵本,アンパンマン,やなせたかし,0000577,フレーベル館,43379325,アンパンマンおままごとえほん　おべんとう,,20221216,1462,アンパンマンおままごとえほん,アンパンマンおままごとえほん
9784592763161,ノラネコぐんだん　うみのたび,,1076,16,0007,0001,0201,書籍,児童書,絵本,国内絵本,ノラネコぐんだん,工藤ノリコ,0000592,白泉社,43368308,ノラネコぐんだん　うみのたび,コドモエのえほん,20221104,26177,,ノラネコぐんだん
9784593103782,クリスマスプレゼントなぁに？,,1076,16,0011,0002,0001,書籍,児童書,幼児絵本,ファーストブック,ファーストブック,フフフーン,0000593,ほるぷ出版,43357128,クリスマスプレゼントなぁに？,めくって　たのしい　しかけえほん,20221011,1726,めくって たのしい しかけえほん,めくって　たのしい　しかけえほん
9784577050705,ＰＵＩ　ＰＵＩ　モルカー　を　さがせ！,,1076,16,0021,0001,0051,書籍,児童書,キャラクター絵本,キャラクター絵本,その他キャラクター,フレーベル館,0000577,フレーベル館,43370954,ＰＵＩ　ＰＵＩ　モルカー　を　さがせ！,,20221124,2114,PUI PUI モルカー,ＰＵＩ　ＰＵＩ　モルカー
9784577051061,ブンブーン！バイキンメカ,,1076,16,0021,0001,0001,書籍,児童書,キャラクター絵本,キャラクター絵本,アンパンマン,やなせたかし,0000577,フレーベル館,43376238,ブンブーン！バイキンメカ,［バラエティ］　アンパンマンタイヤえほん,20221021,1123,アンパンマンタイヤえほん,アンパンマンタイヤえほん
9784591175200,ウルトラマン大図鑑ハイパー,,1076,16,0021,0001,0041,書籍,児童書,キャラクター絵本,キャラクター絵本,ヒーロー,円谷プロダクション,0000591,ポプラ社,43376319,ウルトラマン大図鑑ハイパー,,20221122,2825,単行本,ウルトラマン
9784591175651,トミカコレクション　２０２３,,1076,16,0021,0001,0055,書籍,児童書,キャラクター絵本,キャラクター絵本,超ひみつゲット,タカラトミー,0000591,ポプラ社,43380018,トミカコレクション　２０２３,超ひみつゲット！,20221207,3702,超ひみつゲット！,超ひみつゲット
9784592763123,おすしがふくをかいにきた,,1076,16,0007,0001,0092,書籍,児童書,絵本,国内絵本,国内絵本,田中達也,0000592,白泉社,43357122,おすしがふくをかいにきた,ＭＯＥのえほん,20221003,5809,,ＭＯＥのえほん
9784592763147,いちごサンタ,,1076,16,0007,0001,0092,書籍,児童書,絵本,国内絵本,国内絵本,わたなべあや,0000592,白泉社,43368307,いちごサンタ,コドモエの本,20221101,1529,,コドモエの本
9784591175422,なにかな？　まる　あかまるの　かたちえほん,,1076,16,0011,0003,0001,書籍,児童書,幼児絵本,知育絵本,知育絵本,しみずだいすけ,0000591,ポプラ社,43372099,なにかな？　まる　あかまるの　かたちえほん,０歳からのあかちゃんえほん,20221104,1159,０歳からのあかちゃんえほん,０歳からのあかちゃんえほん
9784591175668,プラレールコレクション　２０２３,,1076,16,0021,0001,0055,書籍,児童書,キャラクター絵本,キャラクター絵本,超ひみつゲット,タカラトミー,0000591,ポプラ社,43380019,プラレールコレクション　２０２３,超ひみつゲット！,20221207,2109,超ひみつゲット！,超ひみつゲット
9784577051054,ゴーゴー！アンパンマンごう,,1076,16,0021,0001,0001,書籍,児童書,キャラクター絵本,キャラクター絵本,アンパンマン,やなせたかし,0000577,フレーベル館,43365400,アンパンマンタイヤえほん,［バラエティ］　アンパンマンタイヤえほん,20221021,2209,アンパンマンタイヤえほん,アンパンマンタイヤえほん
9784577051092,めくってだあれ？,,1076,16,0021,0001,0001,書籍,児童書,キャラクター絵本,キャラクター絵本,アンパンマン,やなせたかし,0000577,フレーベル館,43372092,めくってだあれ？,ベイビー・アンパンマン,20221128,2163,ベイビー・アンパンマン,ベイビー・アンパンマン
9784591175002,黒田長政　戦国人物伝　日本の歴史＜コミック版＞８３,,1076,16,0071,0005,0041,書籍,児童書,学習百科,学習漫画,偉人・伝記（漫画）,加来耕三,0000591,ポプラ社,43367771,黒田長政　戦国人物伝　日本の歴史＜コミック版＞８３,,20221013,1056,コミック版　日本の歴史,コミック版　日本の歴史
9784591175637,アナと雪の女王まちがいさがし　エルサのプレゼント,,1076,16,0021,0001,0005,書籍,児童書,キャラクター絵本,キャラクター絵本,ディズニー,ｍｉｏ,0000591,ポプラ社,43380016,アナと雪の女王まちがいさがし　エルサのプレゼント,,20221207,1656,単行本,ディズニー
9784774622767,れいぞうこのそこのそこ　りんごのまほう,,1076,16,0007,0001,0097,書籍,児童書,絵本,国内絵本,３才〜国内絵本,うえだしげこ,0007746,教育画劇,43359665,れいぞうこのそこのそこ　りんごのまほう,れいぞうこのあるあるえほん,20221006,1353,れいぞうこのあるあるえほん,れいぞうこのあるあるえほん
9784774622859,おばけのやだもん　だいすき！ソフトクリーム,,1076,16,0007,0001,0092,書籍,児童書,絵本,国内絵本,国内絵本,ひらのゆきこ,0007746,教育画劇,43375642,おばけのやだもん　だいすき！ソフトクリーム,,20230112,1132,おばけのやだもん　えほんシリーズ,おばけのやだもん
9784774333335,５さいからできる　おかね　はじめて編,,1076,16,0071,0001,0007,書籍,児童書,学習百科,学習百科,道徳・教養,白井一之,0007743,くもん出版,43366183,５さいからできる　おかね　はじめて編,シールたっぷりレッスン,20221202,1869,シールたっぷりレッスン,シールたっぷりレッスン
9784774333366,４さいからできる　えいご,,1076,16,0071,0001,0006,書籍,児童書,学習百科,学習百科,英語,卯城祐司,0007743,くもん出版,43366186,４さいからできる　えいご,シールたっぷりレッスン,20221202,1319,シールたっぷりレッスン,シールたっぷりレッスン
9784774333342,５さいからできる　プログラミング,,1076,16,0071,0001,0009,書籍,児童書,学習百科,学習百科,プログラミング,中村一彰,0007743,くもん出版,43366184,５さいからできる　プログラミング,シールたっぷりレッスン,20221202,1675,シールたっぷりレッスン,シールたっぷりレッスン
9784774333359,４さいからできる　しぜんとかがく,,1076,16,0071,0001,0004,書籍,児童書,学習百科,学習百科,理科,横山正,0007743,くもん出版,43366185,４さいからできる　しぜんとかがく,シールたっぷりレッスン,20221202,1363,シールたっぷりレッスン,シールたっぷりレッスン
9784815429812,愛知県公立高予想テスト　２０２３年度受験用,,1076,19,0021,0061,0011,書籍,学習参考書,中学学参,高校入試,学校別問題集,英俊社編集部,0008154,英俊社,43372163,愛知県公立高予想テスト　２０２３年度受験用,公立高校入試予想テストシリーズ,20221110,1381,公立高校入試予想テストシリーズ,公立高校入試予想テストシリーズ
9784834086850,でんしゃが　きた！,,1076,16,0007,0005,0001,書籍,児童書,絵本,福音館書店,福音館書店,石橋真樹子,0008340,福音館書店,43365884,でんしゃが　きた！,幼児絵本ふしぎなたねシリーズ,20221107,1030,幼児絵本ふしぎなたねシリーズ,幼児絵本ふしぎなたねシリーズ
9784866515816,うんこドリル　たしざん・ひきざんもんだいしゅう編小学１年生　日本一楽しい学習ドリル,,1076,19,0005,0001,0051,書籍,学習参考書,小学ドリル,小学ドリル,うんこドリル,古屋雄作,0086651,文響社,43367358,うんこドリル　たしざん・ひきざんもんだいしゅう編小学１年生　日本一楽しい学習ドリル,うんこドリル算数,20221110,1667,小学生 ドリル 1年生,うんこドリル_小
9784815429836,兵庫県公立高予想テスト　２０２３年度受験用,,1076,19,0021,0061,0011,書籍,学習参考書,中学学参,高校入試,学校別問題集,英俊社編集部,0008154,英俊社,43372165,兵庫県公立高予想テスト　２０２３年度受験用,公立高校入試予想テストシリーズ,20221110,1141,公立高校入試予想テストシリーズ,公立高校入試予想テストシリーズ
9784866515830,うんこドリル　小学１ー６年生の全漢字,,1076,19,0005,0001,0051,書籍,学習参考書,小学ドリル,小学ドリル,うんこドリル,古屋雄作,0086651,文響社,43367360,うんこドリル　小学１ー６年生の全漢字,,20221110,1150,小学生 ドリル,うんこドリル_小
9784890859078,東進共通テスト実戦問題集英語［リーディング］〈２訂版〉,,1076,19,0031,0051,0031,書籍,学習参考書,高校学参,予備校,東進ハイスクール,安河内哲也,0089085,ナガセ,43367862,東進共通テスト実戦問題集英語［リーディング］〈２訂版〉,東進ブックス,20221108,1146,,東進ブックス
9784866515311,１日１まい　３０日うんこドリル　かん字　小学１年生,,1076,19,0005,0001,0051,書籍,学習参考書,小学ドリル,小学ドリル,うんこドリル,古屋雄作,0086651,文響社,43335805,１日１まい　３０日うんこドリル　かん字　小学１年生,,20221005,1238,小学生 ドリル 1年生,うんこドリル_小
9784815429829,大阪府公立高等学校一般予想テスト　２０２３年度受験用,,1076,19,0021,0061,0011,書籍,学習参考書,中学学参,高校入試,学校別問題集,ｍｉｏ,0008154,英俊社,43372164,大阪府公立高等学校一般予想テスト　２０２３年度受験用,公立高校入試予想テストシリーズ,20221102,1402,公立高校入試予想テストシリーズ,公立高校入試予想テストシリーズ
9784862904089,Ｚ会小学生わくわくワーク６年生総復習・中学さきどり編　２０２２・２０２３年度用　国語・算数・理科・社会・英語,,1076,19,0011,0005,0021,書籍,学習参考書,小学学参,基礎学習,総復習,Ｚ会編集部,0086290,Ｚ会編集部,43374294,Ｚ会小学生わくわくワーク６年生総復習・中学さきどり編　２０２２・２０２３年度用　国語・算数・理科・社会・英語,,20221108,1296,,わくわくワーク
9784866515823,うんこドリル　たし算・ひき算・かけ算もんだいしゅう編小学２年生　日本一楽しい学習ドリル,,1076,19,0005,0001,0051,書籍,学習参考書,小学ドリル,小学ドリル,うんこドリル,古屋雄作,0086651,文響社,43367359,うんこドリル　たし算・ひき算・かけ算もんだいしゅう編小学２年生　日本一楽しい学習ドリル,うんこドリル算数,20221110,1148,小学生 ドリル 2年生,うんこドリル_小
9784575317619,先生は教えてくれない！クレヨンしんちゃんの折れない心をつくる本,,1076,16,0071,0005,0091,書籍,児童書,学習百科,学習漫画,その他学習漫画,臼井儀人,0000575,双葉社,43366747,先生は教えてくれない！クレヨンしんちゃんの折れない心をつくる本,,20221117,2054,,
9784410105883,チャート式基礎からの数学２＋Ｂ　新課程,,1076,19,0031,0011,0011,書籍,学習参考書,高校学参,数学,数学Ⅱ・Ｂ,チャート研究所,0000410,数研出版,43371514,チャート式基礎からの数学２＋Ｂ　新課程,,20221025,2595,,
9784046321657,君のとなりで。　この道を、ずっといっしょに,９,1076,16,0055,0001,0015,書籍,児童書,児童文庫,児童文庫,角川つばさ文庫,高杉六花,0000004,ＫＡＤＯＫＡＷＡ,43090241,君のとなりで。,角川つばさ文庫,20221013,2147,,
9784299036124,ドラゴン超絶バトル大図鑑,,1076,16,0061,0001,0091,書籍,児童書,実用百科,実用百科,その他実用百科,村上健司,0000299,宝島社,43373399,ドラゴン超絶バトル大図鑑,,20221024,1105,,
9784863463417,２０２３年中学入試用サピックス重大ニュース　中学入試に出る　２０２２ニュース解説（小学５・６年,,1076,19,0011,0061,0003,書籍,学習参考書,小学学参,中学入試,重大ニュース,進学教室サピックス小学部,0086346,代々木ライブラリー,43368312,２０２３年中学入試用サピックス重大ニュース　中学入試に出る　２０２２ニュース解説（小学５・６年,,20221101,2643,,
9784591175514,おかあさんといっしょ　おうたで　わーい！,,1076,16,0015,0001,0001,書籍,児童書,しかけ絵本,しかけ絵本,音のでる絵本,ｍｉｏ,0000591,ポプラ社,43380292,おかあさんといっしょ　おうたで　わーい！,,20221209,4774,単行本,
9784834767544,わくわく楽しい！日本＆世界の旅行すごろく,,1076,16,0091,0001,0006,書籍,児童書,グッズ,グッズ,すごろく,ｍｉｏ,0008347,ブティック社,43375238,わくわく楽しい！日本＆世界の旅行すごろく,［バラエティ］,20221220,1061,,
9784284001205,いちねんせいえほん　はじめての「よのなかルールブック」,,1076,16,0011,0003,0001,書籍,児童書,幼児絵本,知育絵本,知育絵本,高濱正伸,0000284,日本図書センター,43383708,いちねんせいえほん　はじめての「よのなかルールブック」,,20230118,4953,,
9784046322210,おもしろい話、集めました。Ｗ,,1076,16,0055,0001,0015,書籍,児童書,児童文庫,児童文庫,角川つばさ文庫,ひのひまり,0000004,ＫＡＤＯＫＡＷＡ,43383192,おもしろい話、集めました。Ｗ,角川つばさ文庫,20230112,1800,,
9784342353697,重要古文単語３１５　読んで見て聞いて覚える　四訂版,,1076,19,0031,0015,0031,書籍,学習参考書,高校学参,国語,古文・古典,武田博幸,0000342,桐原書店,43370958,重要古文単語３１５　読んで見て聞いて覚える　四訂版,,20221014,2377,,
9784065302576,超復刻版　タローマンかるた,,1076,16,0091,0001,0005,書籍,児童書,グッズ,グッズ,かるた,ＮＨＫ「ＴＡＲＯＭＡＮ」制作班,0000006,講談社,43370941,超復刻版　タローマンかるた,［バラエティ］,20221205,1071,,
9784046321862,恐怖コレクター　宿命の再会,２０,1076,16,0055,0001,0015,書籍,児童書,児童文庫,児童文庫,角川つばさ文庫,佐東みどり,0000004,ＫＡＤＯＫＡＷＡ,42675589,恐怖コレクター,角川つばさ文庫,20221214,3491,,
9784265081899,いつつごうさぎとゆきのもり,,1076,16,0007,0001,0097,書籍,児童書,絵本,国内絵本,３才〜国内絵本,まつおりかこ,0000265,岩崎書店,43377202,いつつごうさぎとゆきのもり,,20221207,9321,,
9784300104125,自分のあたまで考えるドリル　まず、これから。　小学１・２年生めやす　よみとき・なぞとき・ひらめき,,1076,19,0005,0001,0091,書籍,学習参考書,小学ドリル,小学ドリル,その他ドリル,ｉＭＬ国際算数・数学能力検定協会,0000300,ＴＡＣ出版事業部,43365197,自分のあたまで考えるドリル　まず、これから。　小学１・２年生めやす　よみとき・なぞとき・ひらめき,,20221027,1090,,
9784284001199,おまもりえほん　こどもぼうはんルールブック,,1076,16,0007,0001,0092,書籍,児童書,絵本,国内絵本,国内絵本,国崎信江,0000284,日本図書センター,43366741,おまもりえほん　こどもぼうはんルールブック,,20221019,2509,,
9784052056444,５分後に意外な結末ｅｘ　緑に覆われた世界の出来事,,1076,16,0041,0005,0022,書籍,児童書,読み物,読み物,５分後に意外な結末シリーズ,桃戸ハル,0000005,学研プラス,43363324,５分後に意外な結末ｅｘ　緑に覆われた世界の出来事,「５分後に意外な結末」シリーズ,20221215,3948,５分後に意外な結末,
9784092314467,小説映画ドラえもんのび太と空の理想郷,,1076,16,0055,0001,0019,書籍,児童書,児童文庫,児童文庫,小学館ジュニア文庫,藤子・Ｆ・不二雄,0000009,小学館,43398271,小説映画ドラえもんのび太と空の理想郷,小学館ジュニア文庫,20230203,2782,小学館ジュニア文庫,
9784774738642,メイクアップぬりえ　キュートポップコレクション,,1076,16,0015,0001,0041,書籍,児童書,しかけ絵本,しかけ絵本,ぬりえ,ｍｉｏ,0007747,コスミック出版,43380025,メイクアップぬりえ　キュートポップコレクション,［バラエティ］,20221128,3856,,
9784041125694,きょうりゅうかくれんぼ,,1076,16,0007,0004,0001,書籍,児童書,絵本,さがしもの絵本,さがしもの絵本,聞かせ屋。けいたろう,0000004,ＫＡＤＯＫＡＷＡ,43360531,きょうりゅうかくれんぼ,,20221004,8545,,
9784046321756,時間割男子　ヒミツにせまる動物園！,１０,1076,16,0055,0001,0015,書籍,児童書,児童文庫,児童文庫,角川つばさ文庫,一ノ瀬三葉,0000004,ＫＡＤＯＫＡＷＡ,43100036,時間割男子,角川つばさ文庫,20221214,7212,,
9784057508412,学研の科学　大図鑑プロジェクター　世界とつながるほんもの体験キット,,1076,16,0061,0001,0065,書籍,児童書,実用百科,実用百科,実験・自由研究,学研の科学編集部,0000005,学研プラス,43372767,学研の科学　大図鑑プロジェクター　世界とつながるほんもの体験キット,［バラエティ］,20221213,4731,,
9784099425203,タッチペンでいっぱいあそべる！まいにちのことばずかん１５００　英語つき,,1076,16,0011,0003,0001,書籍,児童書,幼児絵本,知育絵本,知育絵本,小学館辞典編集部,0000009,小学館,43377756,タッチペンでいっぱいあそべる！まいにちのことばずかん１５００　英語つき,［バラエティ］,20221205,3082,,
9784757568204,絵本　おじさまと猫　ふくまるとしあわせの宇宙船,,1076,16,0007,0001,0092,書籍,児童書,絵本,国内絵本,国内絵本,桜井海,0007575,スクウェア・エニックス,43175894,絵本　おじさまと猫　ふくまるとしあわせの宇宙船,,20221111,1858,,
9784801933798,マインクラフト３つの試練,,1076,16,0041,0005,0015,書籍,児童書,読み物,読み物,中学年読み物,スイー・デイヴィース,0008019,竹書房,43366428,マインクラフト３つの試練,,20221216,2528,,
9784813780724,この恋は、ぜったいヒミツ。,３,1076,16,0055,0001,0091,書籍,児童書,児童文庫,児童文庫,その他児童文庫,このはなさくら,0008137,スターツ出版,43205112,この恋は、ぜったいヒミツ。,野いちごジュニア文庫,20221118,1265,,
9784046321848,サバイバー！！　豪華客船は再会のとき,４,1076,16,0055,0001,0015,書籍,児童書,児童文庫,児童文庫,角川つばさ文庫,あさばみゆき,0000004,ＫＡＤＯＫＡＷＡ,43261596,サバイバー！！,角川つばさ文庫,20221109,2213,,
9784299036513,東大王からの挑戦！　めざせ子ども東大王　最強クイズ,,1076,16,0061,0001,0011,書籍,児童書,実用百科,実用百科,クイズ・なぞなぞ,ＴＢＳテレビ「東大王」クイズ制作チーム,0000299,宝島社,43385234,東大王からの挑戦！　めざせ子ども東大王　最強クイズ,,20221212,1570,,
9784046321930,神スキル！！！　キセキの三きょうだい、登場！,,1076,16,0055,0001,0015,書籍,児童書,児童文庫,児童文庫,角川つばさ文庫,大空なつき,0000004,ＫＡＤＯＫＡＷＡ,43383100,神スキル！！！　キセキの三きょうだい、登場！,角川つばさ文庫,20230112,2091,,
9784591175682,かいけつゾロリ　きょうりゅうママをすくえ！,,1076,16,0041,0005,0011,書籍,児童書,読み物,読み物,かいけつゾロリシリーズ,原ゆたか,0000591,ポプラ社,43379327,かいけつゾロリ　きょうりゅうママをすくえ！,かいけつゾロリシリーズ,20221207,11508,ポプラ社の新・小さな童話,
9784866515670,いますぐ名探偵　犯人をさがせ！　ワハハ小学校編,,1076,16,0015,0001,0021,書籍,児童書,しかけ絵本,しかけ絵本,しかけ絵本,桂林ブックス,0086651,文響社,43374615,いますぐ名探偵　犯人をさがせ！　ワハハ小学校編,,20221208,1410,,
9784813780694,願いごとガチャ　願いをかなえるアイテム当たります,,1076,16,0055,0001,0091,書籍,児童書,児童文庫,児童文庫,その他児童文庫,Ｓｙｔｒｙ,0008137,スターツ出版,43365498,願いごとガチャ　願いをかなえるアイテム当たります,野いちごジュニア文庫,20221020,1350,,
9784791631902,ミラクルきょうふ！　意味がわかると怖いストーリー,,1076,16,0041,0005,0041,書籍,児童書,読み物,読み物,おばけ・こわい話,朔月糸,0007916,西東社,43369786,ミラクルきょうふ！　意味がわかると怖いストーリー,,20221107,3067,,
9784791632008,ゆめがひろがるおんなのこのでんきえほん　全２２話,,1076,16,0007,0001,0021,書籍,児童書,絵本,国内絵本,国内の名作絵本,堀米薫,0007916,西東社,43374714,ゆめがひろがるおんなのこのでんきえほん　全２２話,,20221107,2037,,
9784046321732,本当はこわい話　明かされる真実、君は気づけた？,１０,1076,16,0055,0001,0015,書籍,児童書,児童文庫,児童文庫,角川つばさ文庫,小林丸々,0000004,ＫＡＤＯＫＡＷＡ,42960710,本当はこわい話,角川つばさ文庫,20230112,1206,,
9784046321923,世界一クラブ　スター・ダイヤを取りもどせ！,,1076,16,0055,0001,0015,書籍,児童書,児童文庫,児童文庫,角川つばさ文庫,大空なつき,0000004,ＫＡＤＯＫＡＷＡ,43377084,世界一クラブ　スター・ダイヤを取りもどせ！,角川つばさ文庫,20221214,2973,,
9784083217548,花とつぼみと、きみのこと。　だいじな想いの咲かせかた,,1076,16,0055,0001,0018,書籍,児童書,児童文庫,児童文庫,集英社みらい文庫,五十嵐美怜,0000008,集英社,43382705,花とつぼみと、きみのこと。　だいじな想いの咲かせかた,集英社みらい文庫,20221216,1346,,
9784591175262,グレッグのダメ日記　なんだって、やってやる！,,1076,16,0041,0005,0017,書籍,児童書,読み物,読み物,グレッグのダメ日記シリーズ,ジェフ・キニー,0000591,ポプラ社,43377481,グレッグのダメ日記　なんだって、やってやる！,,20221124,2872,単行本,
9784651202686,歴史バトル図鑑　最強！戦国武将決定戦,,1076,16,0071,0001,0047,書籍,児童書,学習百科,学習百科,歴史（読みもの）,小和田哲男,0000651,ＯＮＥ　ＰＵＢＬＩＳＨＩＮＧ,43372104,歴史バトル図鑑　最強！戦国武将決定戦,,20221117,1652,,
9784813780779,溺愛×ミッション！（１）　エリート学園の超モテスパイ男子たちに溺愛されちゃってます！,１,1076,16,0055,0001,0091,書籍,児童書,児童文庫,児童文庫,その他児童文庫,青山そらら,0008137,スターツ出版,43379193,溺愛×ミッション！（１）　エリート学園の超モテスパイ男子たちに溺愛されちゃってます！,野いちごジュニア文庫,20221220,1381,,
9784813780687,告白したのは、君だから。　かんちがいから始まるホントの恋,,1076,16,0055,0001,0091,書籍,児童書,児童文庫,児童文庫,その他児童文庫,神戸遥真,0008137,スターツ出版,43365497,告白したのは、君だから。　かんちがいから始まるホントの恋,野いちごジュニア文庫,20221020,1603,,
9784756253842,きみも運転手になれる！　パノラマずかん　運転席,,1076,16,0015,0001,0021,書籍,児童書,しかけ絵本,しかけ絵本,しかけ絵本,宮本えつよし,0007562,パイインターナショナル,43365386,きみも運転手になれる！　パノラマずかん　運転席,,20221124,1077,,
9784813780700,ウタイテ！,３,1076,16,0055,0001,0091,書籍,児童書,児童文庫,児童文庫,その他児童文庫,＊あいら＊,0008137,スターツ出版,43313006,ウタイテ！,野いちごジュニア文庫,20221118,6086,ウタイテ！,
9784083217463,相方なんかになりません！　転校生はなにわのお笑い男子！？,,1076,16,0055,0001,0018,書籍,児童書,児童文庫,児童文庫,集英社みらい文庫,遠山彼方,0000008,集英社,43366737,相方なんかになりません！　転校生はなにわのお笑い男子！？,集英社みらい文庫,20221028,1264,,
9784041130254,どっちが強い！？　動物ｖｓ恐竜　夢の超時空バトル,,1076,16,0071,0005,0031,書籍,児童書,学習百科,学習漫画,どっちが強い！？シリーズ,Ｘベンチャーオールスターズ,0000004,ＫＡＤＯＫＡＷＡ,43387253,どっちが強い！？　動物ｖｓ恐竜　夢の超時空バトル,角川まんが学習シリーズ,20230215,2805,,
9784052055935,ふたごのプリンセスとピアニストのひみつクレープ,,1076,16,0041,0005,0005,書籍,児童書,読み物,読み物,低学年読み物,赤尾でこ,0000005,学研プラス,43369057,ふたごのプリンセスとピアニストのひみつクレープ,まほうのドレスハウス,20221129,2580,まほうのドレスハウス,
9784023322219,科学探偵ｖｓ．超・自然現象（前）,,1076,16,0041,0005,0021,書籍,児童書,読み物,読み物,高学年読み物,佐東みどり,0000002,朝日新聞出版,43376612,科学探偵ｖｓ．超・自然現象,科学探偵謎野真実シリーズ,20221118,2201,科学探偵　謎野真実シリーズ,
9784074535231,ＢＴ２１　まちがいをさがせ！,,1076,16,0007,0004,0001,書籍,児童書,絵本,さがしもの絵本,さがしもの絵本,ＬＩＮＥＦｒｉｅｎｄｓＪａｐａｎ,0000007,主婦の友社,43384708,ＢＴ２１　まちがいをさがせ！,,20221212,1625,,
9784097353508,めくってあそぼう！しかけえほん　シナぷしゅ,,1076,16,0021,0001,0051,書籍,児童書,キャラクター絵本,キャラクター絵本,その他キャラクター,ｍｉｏ,0000009,小学館,43379300,めくってあそぼう！しかけえほん　シナぷしゅ,,20221121,1471,,
9784522803493,最恐！　危険生物かるた　超危険な生物のなまえで　ひらがなとカタカナをおぼえよう！,,1076,16,0091,0001,0005,書籍,児童書,グッズ,グッズ,かるた,岩崎政志,0000522,永岡書店,43373845,最恐！　危険生物かるた　超危険な生物のなまえで　ひらがなとカタカナをおぼえよう！,,20221110,1066,,
9784065307458,ちいリベ　クリアファイルブック,,1076,16,0091,0001,0092,書籍,児童書,グッズ,グッズ,キャラクターグッズ,講談社,0000006,講談社,43379651,ちいリベ　クリアファイルブック,［バラエティ］,20230131,1066,,
9784265809660,妖怪捕物帖乙　冥界彷徨篇　無間地獄は阿鼻の闇４,,1076,16,0041,0005,0005,書籍,児童書,読み物,読み物,低学年読み物,大崎悌造,0000265,岩崎書店,43363706,妖怪捕物帖乙　冥界彷徨篇　無間地獄は阿鼻の闇４,ようかいとりものちょう,20221018,2767,ようかいとりものちょう,
9784471104078,うちゅう,,1076,16,0081,0001,0011,書籍,児童書,図鑑,図鑑,学習図鑑シリーズ,山岡均,0000471,高橋書店,43370519,うちゅう,はじめてのずかん,20221129,1984,,
9784046321787,絶体絶命ゲーム　ねらわれた歌姫を守れ！,１２,1076,16,0055,0001,0015,書籍,児童書,児童文庫,児童文庫,角川つばさ文庫,藤ダリオ,0000004,ＫＡＤＯＫＡＷＡ,42843882,絶体絶命ゲーム,角川つばさ文庫,20221109,6033,,
9784049145472,星のカービィ　プププナゾトレブック,,1076,16,0021,0001,0051,書籍,児童書,キャラクター絵本,キャラクター絵本,その他キャラクター,ワープスター,0000004,ＫＡＤＯＫＡＷＡ,43375600,星のカービィ　プププナゾトレブック,,20221214,1136,,
9784052056154,マンガ・クイズつき『桃太郎電鉄』で学ぶお金・経済のしくみ攻略,,1076,16,0071,0001,0005,書籍,児童書,学習百科,学習百科,社会,正頭英和,0000005,学研プラス,43375602,マンガ・クイズつき『桃太郎電鉄』で学ぶお金・経済のしくみ攻略,,20221215,2305,,
9784774622781,ポコポコクリスマスクッキー,,1076,16,0007,0001,0092,書籍,児童書,絵本,国内絵本,国内絵本,さかいさちえ,0007746,教育画劇,43372775,ポコポコクリスマスクッキー,,20221115,4602,ちいさなちいさなポコポコえほん,
9784591175149,おしりたんてい　ププッ　かいていいせきのぼうけん　アニメコミック,１３,1076,16,0041,0005,0007,書籍,児童書,読み物,読み物,おしりたんていシリーズ,トロル,0000591,ポプラ社,43109435,おしりたんてい　アニメコミック,,20221013,4684,アニメコミックおしりたんてい,
9784763140210,ぺんたと小春のめんどいまちがいさがし　ＢＩＧ,,1076,16,0061,0001,0015,書籍,児童書,実用百科,実用百科,迷路・パズル,ペンギン飛行機製作所,0007631,サンマーク出版,43368795,ぺんたと小春のめんどいまちがいさがし　ＢＩＧ,,20221110,3548,,
9784791631438,頂上決戦！異種最強生物　オールスター大決戦,,1076,16,0061,0001,0091,書籍,児童書,実用百科,実用百科,その他実用百科,ＣｒｅａｔｕｒｅＳｔｏｒｙ,0007916,西東社,43378398,頂上決戦！異種最強生物　オールスター大決戦,,20221220,2915,,
9784791631926,ミラクルハピネス　誕生日＆うらない大全,,1076,16,0061,0001,0021,書籍,児童書,実用百科,実用百科,心理ゲーム・占い,ルナ・アヴニール,0007916,西東社,43370161,ミラクルハピネス　誕生日＆うらない大全,,20221015,1975,,
9784834086805,どきどきキッチンサーカス,,1076,16,0007,0005,0003,書籍,児童書,絵本,福音館書店,幼児絵本福音館書店,石津ちひろ,0008340,福音館書店,43358279,どきどきキッチンサーカス,幼児絵本シリーズ,20221007,1042,幼児絵本シリーズ,
9784065292495,ウルトラヒーローｖｓ．ウルトラかいじゅう　だいけっとう！　マグネットＢＯＸ,,1076,16,0021,0001,0041,書籍,児童書,キャラクター絵本,キャラクター絵本,ヒーロー,講談社,0000006,講談社,43357379,ウルトラヒーローｖｓ．ウルトラかいじゅう　だいけっとう！　マグネットＢＯＸ,［バラエティ］,20221208,1078,,
9784065299081,ＴＶアニメブルーロッククリアファイルブック,,1076,16,0091,0001,0092,書籍,児童書,グッズ,グッズ,キャラクターグッズ,講談社,0000006,講談社,43379649,ＴＶアニメブルーロッククリアファイルブック,［バラエティ］,20221220,4100,,
9784813780748,総長さま、溺愛中につき。　最強イケメンの溺愛バトルは再加速！？,７,1076,16,0055,0001,0091,書籍,児童書,児童文庫,児童文庫,その他児童文庫,＊あいら＊,0008137,スターツ出版,43205111,総長さま、溺愛中につき。,野いちごジュニア文庫,20221220,9519,,
9784405073623,図解大事典　ドラゴン,,1076,16,0061,0001,0091,書籍,児童書,実用百科,実用百科,その他実用百科,龍・ドラゴン研究チームＴ＆Ｈ,0000405,新星出版社,43370151,図解大事典　ドラゴン,,20221215,1535,,
9784591174975,かいけつゾロリのおやじギャグ＆なぞなぞ大じてん,,1076,16,0041,0005,0011,書籍,児童書,読み物,読み物,かいけつゾロリシリーズ,原ゆたか,0000591,ポプラ社,43372095,かいけつゾロリのおやじギャグ＆なぞなぞ大じてん,,20221107,1194,単行本,
9784046321855,サキヨミ！　恋と決意の文化祭,７,1076,16,0055,0001,0015,書籍,児童書,児童文庫,児童文庫,角川つばさ文庫,七海まち,0000004,ＫＡＤＯＫＡＷＡ,43182126,サキヨミ！,角川つばさ文庫,20221013,3193,,
9784593103621,サンタさんのぼうし　どこいった？,,1076,16,0007,0003,0092,書籍,児童書,絵本,海外絵本,海外絵本,エマニュエル・レ,0000593,ほるぷ出版,43357126,サンタさんのぼうし　どこいった？,海外秀作絵本,20221011,1995,,
9784083217579,海色ダイアリー〜五つ子アイドルと五河の夢〜,,1076,16,0055,0001,0018,書籍,児童書,児童文庫,児童文庫,集英社みらい文庫,みゆ,0000008,集英社,43382708,海色ダイアリー～五つ子アイドルと五河の夢～,集英社みらい文庫,20221216,7164,,
9784265811601,ちびちびうさまる　くまさんといっしょ,,1076,16,0007,0001,0092,書籍,児童書,絵本,国内絵本,国内絵本,ｓａｋｕｍａｒｕ,0000265,岩崎書店,43360127,ちびちびうさまる　くまさんといっしょ,,20221014,1177,,
9784592107170,ノラネコぐんだん大図鑑　１０周年限定特典付き,,1076,16,0007,0001,0201,書籍,児童書,絵本,国内絵本,ノラネコぐんだん,工藤ノリコ,0000592,白泉社,43368273,ノラネコぐんだん大図鑑　１０周年限定特典付き,［バラエティ］,20221118,4152,,
9784591175507,いないいないばあっ！　おうたで　わーい！,,1076,16,0015,0001,0001,書籍,児童書,しかけ絵本,しかけ絵本,音のでる絵本,ｍｉｏ,0000591,ポプラ社,43380291,いないいないばあっ！　おうたで　わーい！,,20221209,3746,単行本,
9784046321879,スイッチ！　大キライなはずなのに！？,１１,1076,16,0055,0001,0015,書籍,児童書,児童文庫,児童文庫,角川つばさ文庫,深海ゆずは,0000004,ＫＡＤＯＫＡＷＡ,42943339,スイッチ！,角川つばさ文庫,20221109,2967,,
9784046321824,星のカービィ　まんぷく、まんまる、グルメフェス！,,1076,16,0055,0001,0015,書籍,児童書,児童文庫,児童文庫,角川つばさ文庫,高瀬美恵,0000004,ＫＡＤＯＫＡＷＡ,43345582,星のカービィ　ディスカバリー,角川つばさ文庫,20221214,17708,,
9784046322067,泣き虫スマッシュ！　がけっぷちのバドミントンペア、はじまる！？,１,1076,16,0055,0001,0015,書籍,児童書,児童文庫,児童文庫,角川つばさ文庫,平河ゆうき,0000004,ＫＡＤＯＫＡＷＡ,43369728,泣き虫スマッシュ！,,20221109,1515,,
9784046322173,ジュニア　空想科学読本,２５,1076,16,0055,0001,0015,書籍,児童書,児童文庫,児童文庫,角川つばさ文庫,柳田理科雄,0000004,ＫＡＤＯＫＡＷＡ,42475688,ジュニア　空想科学読本,角川つばさ文庫,20221214,2835,,
9784074531738,ゆめみる　おひめさま図鑑,,1076,16,0007,0001,0092,書籍,児童書,絵本,国内絵本,国内絵本,たけいみき,0000007,主婦の友社,43380010,ゆめみる　おひめさま図鑑,,20221208,1388,,
9784052056581,ゆるゆる昆虫図鑑,,1076,16,0071,0001,0401,書籍,児童書,学習百科,学習百科,理科　昆虫,さのかける,0000005,学研プラス,43369408,ゆるゆる昆虫図鑑,,20221129,3593,,
9784097252078,かぼちゃスープのおふろ,,1076,16,0007,0001,0092,書籍,児童書,絵本,国内絵本,国内絵本,柴田ケイコ,0000009,小学館,43379656,かぼちゃスープのおふろ,,20221118,1621,,
9784591175026,歴史ゴーストバスターズ　歴女失格！？　お泊まり会で大波乱の夏休み！,４,1076,16,0055,0001,0091,書籍,児童書,児童文庫,児童文庫,その他児童文庫,あさばみゆき,0000591,ポプラ社,43250741,歴史ゴーストバスターズ,ポプラキミノベル　創作,20221013,2394,ポプラキミノベル　創作,
9784052056819,なぜ？がわかる！　にゃんこ大戦争クイズブック　〜科学のぎもん編〜,,1076,16,0061,0001,0011,書籍,児童書,実用百科,実用百科,クイズ・なぞなぞ,ＰＯＮＯＳ,0000005,学研プラス,43375611,なぜ？がわかる！　にゃんこ大戦争クイズブック　～科学のぎもん編～,,20221215,1836,,
9784065293423,ディズニーガールズと　いっしょに　おふろで　あいうえお　アルファベットひょうつき,,1076,16,0091,0001,0004,書籍,児童書,グッズ,グッズ,ウォールチャート,講談社,0000006,講談社,43362345,ディズニーガールズと　いっしょに　おふろで　あいうえお　アルファベットひょうつき,,20221018,1298,,
9784053056191,２０２３年入試用重大ニュース　時事問題に強くなる本　中学・高校入試,,1076,19,0011,0061,0003,書籍,学習参考書,小学学参,中学入試,重大ニュース,Ｇａｋｋｅｎ,0000005,学研プラス,43360369,２０２３年入試用重大ニュース　時事問題に強くなる本　中学・高校入試,,20221013,2594,,
9784057508382,妖怪最強王図鑑フィギュア,,1076,16,0091,0001,0091,書籍,児童書,グッズ,グッズ,その他グッズ,ｍｉｏ,0000005,学研プラス,43369073,妖怪最強王図鑑フィギュア,［バラエティ］　最強王図鑑シリーズ,20221126,13759,最強王図鑑シリーズ,
9784092893078,小学館世界Ｊ文学館,,1076,16,0041,0001,0003,書籍,児童書,読み物,名作読み物,海外の名作読み物,浅田次郎,0000009,小学館,43355658,小学館世界Ｊ文学館,,20221118,1172,,
9784591174814,小説　魔入りました！入間くん　アクドルくろむちゃんとアメリの決断,４,1076,16,0055,0001,0091,書籍,児童書,児童文庫,児童文庫,その他児童文庫,針とら,0000591,ポプラ社,43264725,小説　魔入りました！入間くん,ポプラキミノベル,20221005,3591,ポプラキミノベル　ノベライズ,
9784092172661,図解はじめての絵画,,1076,16,0081,0001,0011,書籍,児童書,図鑑,図鑑,学習図鑑シリーズ,青柳正規,0000009,小学館,43388151,図解はじめての絵画,小学館の図鑑ＮＥＯアート,20230206,6646,,
9784533151545,るるぶマンガとクイズで楽しく学ぶ！日本の歴史人物伝,,1076,16,0071,0005,0091,書籍,児童書,学習百科,学習漫画,その他学習漫画,伊藤賀一,0000533,ＪＴＢ,43370158,るるぶマンガとクイズで楽しく学ぶ！日本の歴史人物伝,,20221115,1349,こども絵本[学習まんが],
9784074521562,きみのこころをつよくする　えほん,,1076,16,0007,0001,0092,書籍,児童書,絵本,国内絵本,国内絵本,足立啓美,0000007,主婦の友社,43360941,きみのこころをつよくする　えほん,,20221004,1376,,
9784065289020,トミカ　タブレットがた　おしゃべりえほん,,1076,16,0021,0001,0012,書籍,児童書,キャラクター絵本,キャラクター絵本,トミカ,講談社,0000006,講談社,43341015,トミカ　タブレットがた　おしゃべりえほん,［バラエティ］,20221212,1541,,
9784046321978,トップ・シークレット　決戦前夜のショータイム！,４,1076,16,0055,0001,0015,書籍,児童書,児童文庫,児童文庫,角川つばさ文庫,あんのまる,0000004,ＫＡＤＯＫＡＷＡ,43284068,トップ・シークレット,角川つばさ文庫,20230112,1601,,
9784046322050,サキヨミ！　トラブルまみれのデート作戦！,８,1076,16,0055,0001,0015,書籍,児童書,児童文庫,児童文庫,角川つばさ文庫,七海まち,0000004,ＫＡＤＯＫＡＷＡ,43387254,サキヨミ！　トラブルまみれのデート作戦！,角川つばさ文庫,20230208,1316,,
9784092314405,華麗なる探偵アリス＆ペンギン　キャッツ・イン・ザ・スカイ,,1076,16,0055,0001,0019,書籍,児童書,児童文庫,児童文庫,小学館ジュニア文庫,南房秀久,0000009,小学館,43381820,華麗なる探偵アリス＆ペンギン　キャッツ・イン・ザ・スカイ,小学館ジュニア文庫,20221125,1185,小学館ジュニア文庫,
9784415331942,音と光のでる絵本　スイッチくるくる,,1076,16,0015,0001,0001,書籍,児童書,しかけ絵本,しかけ絵本,音のでる絵本,かしわらあきお,0000415,成美堂出版,43376866,音と光のでる絵本　スイッチくるくる,［バラエティ］,20221102,4143,,
9784065309926,プリキュアオールスターズ　さがして！プリキュア,,1076,16,0021,0001,0045,書籍,児童書,キャラクター絵本,キャラクター絵本,ヒロイン,東映アニメーション,0000006,講談社,43393230,プリキュアオールスターズ　さがして！プリキュア,,20230208,1464,,
9784569880921,青鬼　調査クラブ　怪物を従えた少女と激突せよ！,７,1076,16,0055,0001,0091,書籍,児童書,児童文庫,児童文庫,その他児童文庫,波摘,0000569,ＰＨＰ研究所,43113004,青鬼　調査クラブ,ＰＨＰジュニアノベル,20230126,1319,PHPジュニアノベル,
9784083217555,天宮家の王子さま　メイドのわたしのバレンタイン計画！,,1076,16,0055,0001,0018,書籍,児童書,児童文庫,児童文庫,集英社みらい文庫,白井ごはん,0000008,集英社,43382706,天宮家の王子さま　メイドのわたしのバレンタイン計画！,集英社みらい文庫,20221216,1937,天宮家の王子さま,
9784479393948,勇者たちの中学受験　わが子が本気になったとき、私の目が覚めたとき,,1076,19,0011,0021,0001,書籍,学習参考書,小学学参,勉強法,勉強法,おおたとしまさ,0000479,大和書房,43378073,勇者たちの中学受験　わが子が本気になったとき、私の目が覚めたとき,,20221112,4672,,
9784083217531,鬼滅の刃　ノベライズ　〜カナヲと無一郎！　命をかけた闘い編〜,,1076,16,0055,0001,0018,書籍,児童書,児童文庫,児童文庫,集英社みらい文庫,吾峠呼世晴,0000008,集英社,43375620,鬼滅の刃　ノベライズ　～カナヲと無一郎！　命をかけた闘い編～,集英社みらい文庫,20221125,7517,鬼滅の刃 ノベライズ,
9784408640617,マンガでよくわかる　ねこねこ日本史＜ジュニア版＞,１１,1076,16,0071,0001,0047,書籍,児童書,学習百科,学習百科,歴史（読みもの）,そにしけんじ,0000408,実業之日本社,42910337,マンガでよくわかる　ねこねこ日本史＜ジュニア版＞,,20221201,1337,,
9784278087093,あかちゃん　あかちゃん,２,1076,16,0011,0002,0001,書籍,児童書,幼児絵本,ファーストブック,ファーストブック,おおのたろう,0000278,大泉書店,43321352,あかちゃん　あかちゃん,,20221130,1034,,
9784083217470,絶対好きにならない同盟　〜歌姫はラブソングが超ニガテ！〜,,1076,16,0055,0001,0018,書籍,児童書,児童文庫,児童文庫,集英社みらい文庫,夜野せせり,0000008,集英社,43366738,絶対好きにならない同盟　～歌姫はラブソングが超ニガテ！～,集英社みらい文庫,20221028,1583,絶対好きにならない同盟,
9784591175118,新装版　どうぶつえあわせ　ぴったりカード,,1076,16,0091,0001,0003,書籍,児童書,グッズ,グッズ,知育カード,わらべきみか,0000591,ポプラ社,43365878,新装版　どうぶつえあわせ　ぴったりカード,,20221005,1146,単行本,
9784591175125,新装版　のりものえあわせ　ぴったりカード,,1076,16,0091,0001,0003,書籍,児童書,グッズ,グッズ,知育カード,わらべきみか,0000591,ポプラ社,43365879,新装版　のりものえあわせ　ぴったりカード,,20221005,1062,単行本,
9784265074877,にじいろフェアリーしずくちゃん　７つのストーンのひみつ,７,1076,16,0041,0005,0005,書籍,児童書,読み物,読み物,低学年読み物,友永コリエ,0000265,岩崎書店,43064309,にじいろフェアリーしずくちゃん,,20221213,2726,しずくちゃん,
9784049145663,星のカービィ　プププヒーロー　プププランド最大の事件！！編,,1076,16,0021,0001,0051,書籍,児童書,キャラクター絵本,キャラクター絵本,その他キャラクター,あおきけい,0000004,ＫＡＤＯＫＡＷＡ,43375601,星のカービィ　プププヒーロー　プププランド最大の事件！！編,,20221214,3415,,
9784522803356,サイレンカー　だいずかん　６５ピース,,1076,16,0091,0001,0013,書籍,児童書,グッズ,グッズ,ジグソーパズル,松島浩一郎,0000522,永岡書店,43365873,サイレンカー　だいずかん　６５ピース,頭のいい子を育むジグソー知育パズル,20221011,1267,頭のいい子を育む　ジグソー知育パズル,
9784083217562,おチビがうちにやってきた！　動物園で事件！あらたな能力児、あらわる！？,,1076,16,0055,0001,0018,書籍,児童書,児童文庫,児童文庫,集英社みらい文庫,柴野理奈子,0000008,集英社,43382707,おチビがうちにやってきた！　動物園で事件！あらたな能力児、あらわる！？,集英社みらい文庫,20221216,2036,,
9784065301821,氷の上のプリンセス　シニア編,３,1076,16,0055,0001,0011,書籍,児童書,児童文庫,児童文庫,青い鳥文庫,風野潮,0000006,講談社,43308401,氷の上のプリンセス　シニア編,講談社青い鳥文庫,20221214,1209,,
9784083217524,生き残りゲーム　ラストサバイバル　かせぐが勝ちの学園生活！　サバイバルポイント,,1076,16,0055,0001,0018,書籍,児童書,児童文庫,児童文庫,集英社みらい文庫,大久保開,0000008,集英社,43375619,生き残りゲーム　ラストサバイバル　かせぐが勝ちの学園生活！　サバイバルポイント,集英社みらい文庫,20221125,1434,ラストサバイバルシリーズ,
9784813780670,放課後★七不思議！　イケメンたちが優結を救う！？涙と笑顔のハッピーエンド,,1076,16,0055,0001,0091,書籍,児童書,児童文庫,児童文庫,その他児童文庫,永良サチ,0008137,スターツ出版,43365496,放課後★七不思議！　イケメンたちが優結を救う！？涙と笑顔のハッピーエンド,野いちごジュニア文庫,20221020,1215,,
9784041129081,パンどろぼうほかほかギフトボックス絵本３冊＋メッセージカード（全３冊セット）,,1076,16,0007,0001,0097,書籍,児童書,絵本,国内絵本,３才〜国内絵本,柴田ケイコ,0000004,ＫＡＤＯＫＡＷＡ,43368305,パンどろぼうほかほかギフトボックス絵本３冊＋メッセージカード（全３冊セット）,,20221109,2829,,
9784083217517,霧島くんは普通じゃない　〜ヴァンパイア三兄弟と同居！？　ドキドキの新学期〜,,1076,16,0055,0001,0018,書籍,児童書,児童文庫,児童文庫,集英社みらい文庫,麻井深雪,0000008,集英社,43375618,霧島くんは普通じゃない　～ヴァンパイア三兄弟と同居！？　ドキドキの新学期～,集英社みらい文庫,20221125,9859,霧島くんは普通じゃない,
9784813780717,となりの一条三兄弟！,３,1076,16,0055,0001,0091,書籍,児童書,児童文庫,児童文庫,その他児童文庫,永良サチ,0008137,スターツ出版,43313007,となりの一条三兄弟！,野いちごジュニア文庫,20221118,1282,,
9784052056239,ひみつの魔女フレンズ　まいごの子犬と魔法のリング,５,1076,16,0041,0005,0021,書籍,児童書,読み物,読み物,高学年読み物,宮下恵茉,0000005,学研プラス,43230639,ひみつの魔女フレンズ,,20221201,1437,ひみつの魔女フレンズ,
9784487815340,小学生のうちに覚えておくといいことカルタ,,1076,16,0091,0001,0005,書籍,児童書,グッズ,グッズ,かるた,東京書籍出版事業部,0000487,東京書籍,43375231,小学生のうちに覚えておくといいことカルタ,［バラエティ］,20221208,1075,,
9784046061270,じんせいさいしょの,,1076,16,0011,0002,0001,書籍,児童書,幼児絵本,ファーストブック,ファーストブック,おおのたろう,0000004,ＫＡＤＯＫＡＷＡ,43384710,じんせいさいしょの,,20230126,1109,,
9784083217661,戦国姫　徳川家康と愛しき姫君たち　江姫、東福門院和子ほか,,1076,16,0055,0001,0018,書籍,児童書,児童文庫,児童文庫,集英社みらい文庫,藤咲あゆな,0000008,集英社,43386789,戦国姫　徳川家康と愛しき姫君たち　江姫、東福門院和子ほか,集英社みらい文庫,20230127,1132,戦国姫,
9784083217500,二条くんはわたしの執事　ダンスパーティーで運命の告白！？,,1076,16,0055,0001,0018,書籍,児童書,児童文庫,児童文庫,集英社みらい文庫,小桜すず,0000008,集英社,43375617,二条くんはわたしの執事　ダンスパーティーで運命の告白！？,集英社みらい文庫,20221125,1085,二条くんはわたしの執事,
9784299033833,まいぜんシスターズのまちがいさがしＢＯＯＫ,,1076,16,0007,0004,0001,書籍,児童書,絵本,さがしもの絵本,さがしもの絵本,まいぜんシスターズ,0000299,宝島社,43373394,まいぜんシスターズのまちがいさがしＢＯＯＫ,,20221025,8641,,
9784299035875,桃太郎電鉄でわかる歴史の英雄大図鑑,,1076,16,0071,0001,0047,書籍,児童書,学習百科,学習百科,歴史（読みもの）,村瀬哲史,0000299,宝島社,43377522,桃太郎電鉄でわかる歴史の英雄大図鑑,,20221118,1124,,
9784522803363,あつまれ！　きょうりゅう　３５ピース,,1076,16,0091,0001,0013,書籍,児童書,グッズ,グッズ,ジグソーパズル,加藤愛一,0000522,永岡書店,43365874,あつまれ！　きょうりゅう　３５ピース,頭のいい子を育むジグソー知育パズル,20221011,1013,頭のいい子を育む　ジグソー知育パズル,
9784083217593,戦国姫　徳川家康と運命の姫君たち　於大の方、瀬名姫ほか,,1076,16,0055,0001,0018,書籍,児童書,児童文庫,児童文庫,集英社みらい文庫,藤咲あゆな,0000008,集英社,43382710,戦国姫　徳川家康と運命の姫君たち　於大の方、瀬名姫ほか,集英社みらい文庫,20221216,1921,戦国姫,
9784774738604,とびだす！かわいい！どうぶつピアノ,,1076,16,0015,0001,0001,書籍,児童書,しかけ絵本,しかけ絵本,音のでる絵本,ｍｉｏ,0007747,コスミック出版,43383715,とびだす！かわいい！どうぶつピアノ,［バラエティ］,20221216,1256,,
9784065296851,小説　ブルーロック,１,1076,16,0055,0001,0091,書籍,児童書,児童文庫,児童文庫,その他児童文庫,吉岡みつる,0000006,講談社,43367241,小説　ブルーロック,講談社ＫＫ文庫,20221117,1828,,
9784865492859,おせちのみんなあつまって！,,1076,16,0011,0003,0005,書籍,児童書,幼児絵本,知育絵本,たべもの絵本,真珠まりこ,0086549,ひさかたチャイルド,43367256,おせちのみんなあつまって！,,20221114,1838,,
9784265820658,ほねほねザウルス　パーフェクト図鑑,,1076,16,0041,0005,0013,書籍,児童書,読み物,読み物,ほねほねザウルスシリーズ,カバヤ食品,0000265,岩崎書店,43370950,ほねほねザウルス　パーフェクト図鑑,,20221117,2312,ほねほねザウルス,
9784083217678,逃走中　オリジナルストーリー　暗闇からハンター！？　夜の遊園地で恐怖に立ちむかえ！,,1076,16,0055,0001,0018,書籍,児童書,児童文庫,児童文庫,集英社みらい文庫,逃走中,0000008,集英社,43386790,逃走中　オリジナルストーリー　暗闇からハンター！？　夜の遊園地で恐怖に立ちむかえ！,集英社みらい文庫,20230127,3416,逃走中 オリジナルストーリー,
9784065311035,ひろがるスカイ！プリキュア　へんしんシールえほん,,1076,16,0035,0001,0011,書籍,児童書,絵本塔,絵本塔,講談社,東映アニメーション,0000006,講談社,43393231,ひろがるスカイ！プリキュア　へんしんシールえほん,おともだちムック,20230206,1384,,
9784074514120,女の子おりがみ,,1076,16,0061,0001,0001,書籍,児童書,実用百科,実用百科,おりがみ,たつくりのおりがみ,0000007,主婦の友社,43378772,女の子おりがみ,,20221202,2218,,
9784774738659,くるくるまわる！ビーだまビッグコースター,,1076,16,0091,0001,0091,書籍,児童書,グッズ,グッズ,その他グッズ,ｍｉｏ,0007747,コスミック出版,43383195,くるくるまわる！ビーだまビッグコースター,［バラエティ］,20221213,1233,,
9784087901009,おしりダンディ　ザ・ヤング　きょうりゅうのしま,,1076,16,0041,0005,0007,書籍,児童書,読み物,読み物,おしりたんていシリーズ,トロル,0000008,集英社,43375621,おしりダンディ　ザ・ヤング　きょうりゅうのしま,おしりダンディ　アドベンチャー,20221125,4247,おしりダンディ アドベンチャー,
9784865492873,はたらくくるま,,1076,16,0011,0002,0001,書籍,児童書,幼児絵本,ファーストブック,ファーストブック,伊藤アキラ,0086549,ひさかたチャイルド,43373876,はたらくくるま,,20221215,1191,,
9784791631582,超特大なぞなぞウルトラ大冒険３５１５問！,,1076,16,0061,0001,0011,書籍,児童書,実用百科,実用百科,クイズ・なぞなぞ,平目きらり,0007916,西東社,43363338,超特大なぞなぞウルトラ大冒険３５１５問！,,20221011,1026,,
9784083217654,渚くんをお兄ちゃんとは呼ばない　〜これからも大好き〜,,1076,16,0055,0001,0018,書籍,児童書,児童文庫,児童文庫,集英社みらい文庫,夜野せせり,0000008,集英社,43386788,渚くんをお兄ちゃんとは呼ばない　～これからも大好き～,集英社みらい文庫,20230127,2508,渚くんをお兄ちゃんとは呼ばない,
9784041097526,角川まんが学習シリーズ　日本の歴史　多様化する社会　平成時代〜令和,１６,1076,16,0071,0005,0001,書籍,児童書,学習百科,学習漫画,日本の歴史,五百旗頭薫,0000004,ＫＡＤＯＫＡＷＡ,42677088,角川まんが学習シリーズ　日本の歴史,,20221013,4185,,
9784065297001,人狼サバイバル　疑心暗鬼！　水の都の人狼ゲーム,,1076,16,0055,0001,0011,書籍,児童書,児童文庫,児童文庫,青い鳥文庫,甘雪こおり,0000006,講談社,43367244,人狼サバイバル　疑心暗鬼！　水の都の人狼ゲーム,,20221109,4734,,
9784330059228,トミカ　はじめてのひらがなキューブ,,1076,16,0091,0001,0001,書籍,児童書,グッズ,グッズ,知育玩具,ｍｉｏ,0000330,交通新聞社,43371216,トミカ　はじめてのひらがなキューブ,［バラエティ］,20221128,1086,,
9784023322233,大雪のサバイバル,,1076,16,0071,0005,0021,書籍,児童書,学習百科,学習漫画,サバイバルシリーズ,ポドアルチング,0000002,朝日新聞出版,43392485,大雪のサバイバル,かがくるＢＯＯＫ　科学漫画サバイバルシリーズ　８２,20230207,4032,科学漫画サバイバルシリーズ８２,
9784791631889,ミラクルハピネス　心理テスト１４１２,,1076,16,0061,0001,0021,書籍,児童書,実用百科,実用百科,心理ゲーム・占い,ミラクル心理研究会,0007916,西東社,43368800,ミラクルハピネス　心理テスト１４１２,,20221015,2097,,
9784046322012,怪盗レッド　家族の絆は、うばえない☆の巻,２２,1076,16,0055,0001,0015,書籍,児童書,児童文庫,児童文庫,角川つばさ文庫,秋木真,0000004,ＫＡＤＯＫＡＷＡ,40911770,怪盗レッド,角川つばさ文庫,20221214,3750,,
9784046322029,ふたごチャレンジ！　ココロ揺らめく遊園地！？,４,1076,16,0055,0001,0015,書籍,児童書,児童文庫,児童文庫,角川つばさ文庫,七都にい,0000004,ＫＡＤＯＫＡＷＡ,43292427,ふたごチャレンジ！,角川つばさ文庫,20230112,2721,,
9784791631513,大迫力！戦慄の都市伝説大百科,,1076,16,0061,0001,0091,書籍,児童書,実用百科,実用百科,その他実用百科,朝里樹,0007916,西東社,43374282,大迫力！戦慄の都市伝説大百科,,20221115,3485,,
9784041129791,角川まんが学習シリーズ日本の歴史５大特典つき全１６巻＋別巻４冊セット（全２０巻セ,,1076,16,0071,0005,0001,書籍,児童書,学習百科,学習漫画,日本の歴史,山本博文,0000004,ＫＡＤＯＫＡＷＡ,43370508,角川まんが学習シリーズ日本の歴史５大特典つき全１６巻＋別巻４冊セット（全２０巻セ,,20221110,1223,,
9784522803431,たべっ子どうぶつバスボール　りんごのかおり,１,1076,16,0091,0001,0091,書籍,児童書,グッズ,グッズ,その他グッズ,ｍｉｏ,0000522,永岡書店,43376252,たべっ子どうぶつバスボール　りんごのかおり,,20221110,4544,,
9784036358502,あやし、おそろし、天獄園,,1076,16,0041,0005,0024,書籍,児童書,読み物,読み物,ふしぎ駄菓子屋銭天堂シリーズ,廣嶋玲子,0000003,偕成社,43363698,あやし、おそろし、天獄園,,20221124,10445,,
9784410143335,化学重要問題集化学基礎・化学　実戦２０２３,,1076,19,0031,0021,0011,書籍,学習参考書,高校学参,理科,化学,数研出版編集部,0000410,数研出版,43363351,化学重要問題集化学基礎・化学　実戦２０２３,,20221104,2698,,
9784591175699,ティンクル・セボンスター　アンナと宝石の国の女王様,８,1076,16,0041,0005,0005,書籍,児童書,読み物,読み物,低学年読み物,菊田みちよ,0000591,ポプラ社,42723633,ティンクル・セボンスター,,20221214,1179,ティンクル・セボンスター,
9784083217494,絶叫学級　パーティーのいけにえ　編,,1076,16,0055,0001,0018,書籍,児童書,児童文庫,児童文庫,集英社みらい文庫,いしかわえみ,0000008,集英社,43366740,絶叫学級　パーティーのいけにえ　編,集英社みらい文庫,20221028,3042,絶叫学級,
9784591175705,ミオととなりのマーメイド　つながる心でラストマジック！,１２,1076,16,0041,0005,0051,書籍,児童書,読み物,読み物,ファンタジー,ミランダ・ジョーンズ,0000591,ポプラ社,43380020,ミオととなりのマーメイド　つながる心でラストマジック！,,20221207,2130,ミオととなりのマーメイド,
9784046321831,ぜったいバレちゃいけません！！！　ハッピーエンドはゆずれない！,６,1076,16,0055,0001,0015,書籍,児童書,児童文庫,児童文庫,角川つばさ文庫,水無仙丸,0000004,ＫＡＤＯＫＡＷＡ,43210129,ぜったいバレちゃいけません！！！,角川つばさ文庫,20221013,1374,,
9784083217487,迷宮教室　裏切りの「友達処刑ゲーム」,,1076,16,0055,0001,0018,書籍,児童書,児童文庫,児童文庫,集英社みらい文庫,あいはらしゅう,0000008,集英社,43366739,迷宮教室　裏切りの「友達処刑ゲーム」,集英社みらい文庫,20221028,1475,迷宮教室,
9784478116562,小学生がたった１日で１９×１９までかんぺきに暗算できる本,,1076,19,0011,0005,0001,書籍,学習参考書,小学学参,基礎学習,基礎学習参考書,小杉拓也,0000478,ダイヤモンド社,43373276,小学生がたった１日で１９×１９までかんぺきに暗算できる本,,20221208,17634,,
9784522803424,じゃがりこバスボール　りんごのかおり,,1076,16,0091,0001,0091,書籍,児童書,グッズ,グッズ,その他グッズ,ｍｉｏ,0000522,永岡書店,43376318,じゃがりこバスボール　りんごのかおり,,20221110,6182,,
9784867163436,まじょねこマーニャ　まほうのゆびわ,,1076,16,0007,0001,0092,書籍,児童書,絵本,国内絵本,国内絵本,さかいさちえ,0086716,マイクロマガジン社,43360949,まじょねこマーニャ　まほうのゆびわ,,20221005,1432,,
9784591175866,かいけつゾロリの　あたまがよくなるボードゲームＢＯＸ,,1076,16,0091,0001,0008,書籍,児童書,グッズ,グッズ,その他ゲーム,原ゆたか,0000591,ポプラ社,43380293,かいけつゾロリの　あたまがよくなるボードゲームＢＯＸ,［バラエティ］,20221209,1523,単行本,
9784410143137,物理重要問題集物理基礎・物理　実戦２０２３,,1076,19,0031,0021,0001,書籍,学習参考書,高校学参,理科,物理,数研出版編集部,0000410,数研出版,43363350,物理重要問題集物理基礎・物理　実戦２０２３,,20221104,1050,,
9784083217609,アイ・アム・冒険少年　脱出島　オリジナルストーリー　友情でミッションを乗り越えろ！,,1076,16,0055,0001,0018,書籍,児童書,児童文庫,児童文庫,集英社みらい文庫,ｍｉｏ,0000008,集英社,43382711,アイ・アム・冒険少年　脱出島　オリジナルストーリー　友情でミッションを乗り越えろ！,集英社みらい文庫,20221216,1176,アイ・アム・冒険少年 脱出島 オリジナルストーリー 無人島サバイバルスタート！,
9784591176061,おしりたんてい　ププッ　でんせつのかたなをまもれ　アニメコミック,１４,1076,16,0041,0005,0007,書籍,児童書,読み物,読み物,おしりたんていシリーズ,トロル,0000591,ポプラ社,43109435,おしりたんてい　アニメコミック,,20230118,2038,アニメコミックおしりたんてい,
9784083217586,青星学園★チームＥＹＥーＳの事件ノート　翔太の熱い体育祭！ハチマキにこめた気持ち,,1076,16,0055,0001,0018,書籍,児童書,児童文庫,児童文庫,集英社みらい文庫,相川真,0000008,集英社,43382709,青星学園★チームＥＹＥーＳの事件ノート　翔太の熱い体育祭！ハチマキにこめた気持ち,集英社みらい文庫,20221216,3422,,
9784522440513,おしえて　おしえて　かわいいの　だぁれ？　こころをはぐくむ　ふれあいえほん,,1076,16,0011,0002,0001,書籍,児童書,幼児絵本,ファーストブック,ファーストブック,うらつかりょうま,0000522,永岡書店,43380013,おしえて　おしえて　かわいいの　だぁれ？　こころをはぐくむ　ふれあいえほん,,20221212,1777,,
9784309629315,人類の物語　Ｕｎｓｔｏｐｐａｂｌｅ　Ｕｓ　ヒトはこうして地球の支配者になった,,1076,16,0071,0001,0047,書籍,児童書,学習百科,学習百科,歴史（読みもの）,ユヴァル・ノア・ハラリ,0000309,河出書房新社,43369411,人類の物語　Ｕｎｓｔｏｐｐａｂｌｅ　Ｕｓ　ヒトはこうして地球の支配者になった,,20221124,3382,Unstoppable Us,
9784046057129,にゃんこ大戦争でまなぶ！難しい言葉１０００,,1076,16,0071,0001,0003,書籍,児童書,学習百科,学習百科,国語,ＰＯＮＯＳ,0000004,ＫＡＤＯＫＡＷＡ,43367727,にゃんこ大戦争でまなぶ！難しい言葉１０００,,20221118,2756,,
9784391158779,すみっコぐらしをさがせ　あつまるとあんしんです編,,1076,16,0021,0001,0051,書籍,児童書,キャラクター絵本,キャラクター絵本,その他キャラクター,主婦と生活社,0000391,主婦と生活社,43372086,すみっコぐらしをさがせ　あつまるとあんしんです編,,20221125,3526,,
9784813780786,ヴァンパイア・溺愛パラダイス,５,1076,16,0055,0001,0091,書籍,児童書,児童文庫,児童文庫,その他児童文庫,碧井こなつ,0008137,スターツ出版,43270868,ヴァンパイア・溺愛パラダイス,野いちごジュニア文庫,20230120,1344,ヴァンパイア♡溺愛パラダイス,
9784865314960,共通テスト予想問題パック　２０２３年用,,1076,19,0031,0051,0041,書籍,学習参考書,高校学参,予備校,Ｚ会,Ｚ会編集部,0086531,Ｚ会,43367355,共通テスト予想問題パック　２０２３年用,,20221007,5463,,
9784405073586,頭のいい子が育つ葉加瀬太郎の英語のうた　ＣＤ付,,1076,16,0071,0001,0006,書籍,児童書,学習百科,学習百科,英語,葉加瀬太郎,0000405,新星出版社,43369780,頭のいい子が育つ葉加瀬太郎の英語のうた　ＣＤ付,,20221117,1435,,
9784046321886,理花のおかしな実験室　ふくらむナゾの答えをさがせ！,７,1076,16,0055,0001,0015,書籍,児童書,児童文庫,児童文庫,角川つばさ文庫,やまもとふみ,0000004,ＫＡＤＯＫＡＷＡ,43189443,理花のおかしな実験室,角川つばさ文庫,20221013,2290,,
9784052056437,５分後に意外な結末ｅｘ　亜麻色の糸で紡がれた物語,,1076,16,0041,0005,0022,書籍,児童書,読み物,読み物,５分後に意外な結末シリーズ,桃戸ハル,0000005,学研プラス,43363323,５分後に意外な結末ｅｘ　亜麻色の糸で紡がれた物語,「５分後に意外な結末」シリーズ,20221215,4042,５分後に意外な結末,
9784591175798,ないしょの未来日記　恋愛ギライな私とフキゲンな王子様,１,1076,16,0055,0001,0091,書籍,児童書,児童文庫,児童文庫,その他児童文庫,高杉六花,0000591,ポプラ社,43379932,ないしょの未来日記　恋愛ギライな私とフキゲンな王子様,ポプラキミノベル　創作,20221207,1452,ポプラキミノベル　ノベライズ,
9784046321909,すずめの戸締まり,,1076,16,0055,0001,0015,書籍,児童書,児童文庫,児童文庫,角川つばさ文庫,新海誠,0000004,ＫＡＤＯＫＡＷＡ,43351498,すずめの戸締まり,角川つばさ文庫,20221013,45820,,
9784065291832,いちねんじゅうおばけずかん　ハロウィンかぼちゃん,,1076,16,0041,0005,0041,書籍,児童書,読み物,読み物,おばけ・こわい話,斉藤洋,0000006,講談社,43371446,いちねんじゅうおばけずかん　ハロウィンかぼちゃん,どうわがいっぱい,20221201,4832,,