JAN,SHOSINM,KANSU,SAKUHINNM,DAIGENRENM,CHUGENRENM,SHOGENRENM,SIKIRIBANNM,SHPNSHANM,CHOSHANM,SOSHONM
9784863892309,ハリー・ポッターと賢者の石　１－１,,ハリー・ポッターと賢者の石　１－１,児童書,児童文庫,児童文庫,静山社ペガサス文庫,静山社,Ｊ・Ｋ・ローリング,静山社ペガサス文庫
9784863895775,ハリー・ポッターと呪いの子＜舞台脚本　愛蔵版＞,１,ハリー・ポッターと呪いの子＜舞台脚本　愛蔵版＞,児童書,児童文庫,児童文庫,静山社ペガサス文庫,静山社,Ｊ・Ｋ・ローリング,静山社ペガサス文庫
9784863895782,ハリー・ポッターと呪いの子＜舞台脚本　愛蔵版＞,２,ハリー・ポッターと呪いの子＜舞台脚本　愛蔵版＞,児童書,児童文庫,児童文庫,静山社ペガサス文庫,静山社,Ｊ・Ｋ・ローリング,静山社ペガサス文庫
9784863892316,ハリー・ポッターと賢者の石　１－２,,ハリー・ポッターと賢者の石　１－２,児童書,児童文庫,児童文庫,静山社ペガサス文庫,静山社,Ｊ・Ｋ・ローリング,静山社ペガサス文庫
9784863892323,ハリー・ポッターと秘密の部屋　２－１,,ハリー・ポッターと秘密の部屋　２－１,児童書,児童文庫,児童文庫,静山社ペガサス文庫,静山社,Ｊ・Ｋ・ローリング,静山社ペガサス文庫
9784863892330,ハリー・ポッターと秘密の部屋　２－２,,ハリー・ポッターと秘密の部屋　２－２,児童書,児童文庫,児童文庫,静山社ペガサス文庫,静山社,Ｊ・Ｋ・ローリング,静山社ペガサス文庫
9784863892347,ハリー・ポッターとアズカバンの囚人　３－１,,ハリー・ポッターとアズカバンの囚人　３－１,児童書,児童文庫,児童文庫,静山社ペガサス文庫,静山社,Ｊ・Ｋ・ローリング,静山社ペガサス文庫
9784863892354,ハリー・ポッターとアズカバンの囚人　３－２,,ハリー・ポッターとアズカバンの囚人　３－２,児童書,児童文庫,児童文庫,静山社ペガサス文庫,静山社,Ｊ・Ｋ・ローリング,静山社ペガサス文庫
9784863892361,ハリー・ポッターと炎のゴブレット　４－１,,ハリー・ポッターと炎のゴブレット　４－１,児童書,児童文庫,児童文庫,静山社ペガサス文庫,静山社,Ｊ・Ｋ・ローリング,静山社ペガサス文庫
9784863892378,ハリー・ポッターと炎のゴブレット　４－２,,ハリー・ポッターと炎のゴブレット　４－２,児童書,児童文庫,児童文庫,静山社ペガサス文庫,静山社,Ｊ・Ｋ・ローリング,静山社ペガサス文庫
9784863892385,ハリー・ポッターと炎のゴブレット　４－３,,ハリー・ポッターと炎のゴブレット　４－３,児童書,児童文庫,児童文庫,静山社ペガサス文庫,静山社,Ｊ・Ｋ・ローリング,静山社ペガサス文庫
9784863892392,ハリー・ポッターと不死鳥の騎士団　５－１,,ハリー・ポッターと不死鳥の騎士団　５－１,児童書,児童文庫,児童文庫,静山社ペガサス文庫,静山社,Ｊ・Ｋ・ローリング,静山社ペガサス文庫
9784863892439,ハリー・ポッターと謎のプリンス　６－１,,ハリー・ポッターと謎のプリンス　６－１,児童書,児童文庫,児童文庫,静山社ペガサス文庫,静山社,Ｊ・Ｋ・ローリング,静山社ペガサス文庫
9784863892408,ハリー・ポッターと不死鳥の騎士団　５－２,,ハリー・ポッターと不死鳥の騎士団　５－２,児童書,児童文庫,児童文庫,静山社ペガサス文庫,静山社,Ｊ・Ｋ・ローリング,静山社ペガサス文庫
9784863892460,ハリー・ポッターと死の秘宝　７－１,,ハリー・ポッターと死の秘宝　７－１,児童書,児童文庫,児童文庫,静山社ペガサス文庫,静山社,Ｊ・Ｋ・ローリング,静山社ペガサス文庫
9784863892415,ハリー・ポッターと不死鳥の騎士団　５－３,,ハリー・ポッターと不死鳥の騎士団　５－３,児童書,児童文庫,児童文庫,静山社ペガサス文庫,静山社,Ｊ・Ｋ・ローリング,静山社ペガサス文庫
9784863892422,ハリー・ポッターと不死鳥の騎士団　５－４,,ハリー・ポッターと不死鳥の騎士団　５－４,児童書,児童文庫,児童文庫,静山社ペガサス文庫,静山社,Ｊ・Ｋ・ローリング,静山社ペガサス文庫
9784863892446,ハリー・ポッターと謎のプリンス　６－２,,ハリー・ポッターと謎のプリンス　６－２,児童書,児童文庫,児童文庫,静山社ペガサス文庫,静山社,Ｊ・Ｋ・ローリング,静山社ペガサス文庫
9784863892477,ハリー・ポッターと死の秘宝　７－２,,ハリー・ポッターと死の秘宝　７－２,児童書,児童文庫,児童文庫,静山社ペガサス文庫,静山社,Ｊ・Ｋ・ローリング,静山社ペガサス文庫
9784863892453,ハリー・ポッターと謎のプリンス　６－３,,ハリー・ポッターと謎のプリンス　６－３,児童書,児童文庫,児童文庫,静山社ペガサス文庫,静山社,Ｊ・Ｋ・ローリング,静山社ペガサス文庫
9784863892491,ハリー・ポッターと死の秘宝　７－４,,ハリー・ポッターと死の秘宝　７－４,児童書,児童文庫,児童文庫,静山社ペガサス文庫,静山社,Ｊ・Ｋ・ローリング,静山社ペガサス文庫
9784863892484,ハリー・ポッターと死の秘宝　７－３,,ハリー・ポッターと死の秘宝　７－３,児童書,児童文庫,児童文庫,静山社ペガサス文庫,静山社,Ｊ・Ｋ・ローリング,静山社ペガサス文庫
9784863895904,もののけ屋　一度は会いたい妖怪変化,,もののけ屋　一度は会いたい妖怪変化,児童書,児童文庫,児童文庫,静山社ペガサス文庫,静山社,廣嶋玲子,静山社ペガサス文庫
9784834018127,魔女の宅急便,,魔女の宅急便,児童書,児童文庫,児童文庫,福音館文庫,福音館書店,角野栄子,福音館文庫
9784036518807,二分間の冒険,,二分間の冒険,児童書,児童文庫,児童文庫,偕成社文庫,偕成社,岡田淳,偕成社文庫
9784035500704,大どろぼうホッツェンプロッツ,,大どろぼうホッツェンプロッツ,児童書,児童文庫,児童文庫,偕成社文庫,偕成社,オットフリ－ト・プロイスラ－,偕成社文庫
9784863894051,ハリー・ポッター裏話,,ハリー・ポッター裏話,児童書,児童文庫,児童文庫,静山社ペガサス文庫,静山社,Ｊ・Ｋ・ローリング,静山社ペガサス文庫
9784035509608,びりっかすの神さま,,びりっかすの神さま,児童書,児童文庫,児童文庫,偕成社文庫,偕成社,岡田淳,偕成社文庫
9784863892538,吟遊詩人ビードルの物語,,吟遊詩人ビードルの物語,児童書,児童文庫,児童文庫,静山社ペガサス文庫,静山社,Ｊ・Ｋ・ローリング,静山社ペガサス文庫
9784863892514,クィディッチ今昔　ケニルワージー・ウィスプ,,クィディッチ今昔　ケニルワージー・ウィスプ,児童書,児童文庫,児童文庫,静山社ペガサス文庫,静山社,Ｊ・Ｋ・ローリング,静山社ペガサス文庫
9784834006216,魔女の宅急便　キキと新しい魔法,２,魔女の宅急便,児童書,児童文庫,児童文庫,福音館文庫,福音館書店,角野栄子,福音館文庫
9784863895812,悪ガキ７－セブン－　いたずらｔｗｉｎｓと仲間たち,,悪ガキ７－セブン－　いたずらｔｗｉｎｓと仲間たち,児童書,児童文庫,児童文庫,静山社ペガサス文庫,静山社,宗田理,静山社ペガサス文庫
9784834018028,くまのパディントン,,くまのパディントン,児童書,児童文庫,児童文庫,福音館文庫,福音館書店,マイケルボンド,福音館文庫
9784036509201,シャーロック＝ホームズの冒険　上,,シャーロック＝ホームズの冒険　上,児童書,児童文庫,児童文庫,偕成社文庫,偕成社,コナン・ドイル,偕成社文庫
9784035512202,象のいない動物園,,象のいない動物園,児童書,児童文庫,児童文庫,偕成社文庫,偕成社,斎藤憐,偕成社文庫
9784035500803,大どろぼうホッツェンプロッツ　ふたたびあらわる,,大どろぼうホッツェンプロッツ　ふたたびあらわる,児童書,児童文庫,児童文庫,偕成社文庫,偕成社,オットフリート・プロイスラー,偕成社文庫
9784036520404,オリエント急行殺人事件,,オリエント急行殺人事件,児童書,児童文庫,児童文庫,偕成社文庫,偕成社,アガサ・クリスティ,
9784036512409,銀河鉄道の夜,,銀河鉄道の夜,児童書,児童文庫,児童文庫,偕成社文庫,偕成社,宮沢賢治,偕成社文庫
9784834022438,魔女の宅急便　キキともうひとりの魔女,３,魔女の宅急便,児童書,児童文庫,児童文庫,福音館文庫,福音館書店,角野栄子,福音館文庫
9784036506507,杜子春・くもの糸,,杜子春・くもの糸,児童書,児童文庫,児童文庫,偕成社文庫,偕成社,芥川龍之介,偕成社文庫
9784036515707,坊っちゃん,,坊っちゃん,児童書,児童文庫,児童文庫,偕成社文庫,偕成社,夏目漱石,
9784035500902,大どろぼうホッツェンプロッツ三たびあらわる,,大どろぼうホッツェンプロッツ三たびあらわる,児童書,児童文庫,児童文庫,偕成社文庫,偕成社,オットフリ－ト・プロイスラ－,偕成社文庫
9784834084436,まく子,,まく子,児童書,児童文庫,児童文庫,福音館文庫,福音館書店,西加奈子,福音館文庫
9784834018080,大きな森の小さな家,,大きな森の小さな家,児童書,児童文庫,児童文庫,福音館文庫,福音館書店,ローラ・インガルス・ワイルダー,福音館文庫
9784834027235,魔女の宅急便　キキの恋,４,魔女の宅急便,児童書,児童文庫,児童文庫,福音館文庫,福音館書店,角野栄子,福音館文庫
9784036516100,走れメロス,,走れメロス,児童書,児童文庫,児童文庫,偕成社文庫,偕成社,太宰治,偕成社文庫
9784834027891,魔女の宅急便　それぞれの旅立ち,６,魔女の宅急便,児童書,児童文庫,児童文庫,福音館文庫,福音館書店,角野栄子,福音館文庫
9784036524006,アーサー王物語,,アーサー王物語,児童書,児童文庫,児童文庫,偕成社文庫,偕成社,ジェイムズ・ノウルズ,偕成社文庫
9784036520008,宝島,,宝島,児童書,児童文庫,児童文庫,偕成社文庫,偕成社,ロバート・ルイス・スティーヴンソン,偕成社文庫
9784834027778,魔女の宅急便　魔法のとまり木,５,魔女の宅急便,児童書,児童文庫,児童文庫,福音館文庫,福音館書店,角野栄子,福音館文庫
9784863895911,もののけ屋　二丁目の卵屋にご用心,,もののけ屋　二丁目の卵屋にご用心,児童書,児童文庫,児童文庫,静山社ペガサス文庫,静山社,廣嶋玲子,静山社ペガサス文庫
9784834019872,あしながおじさん,,あしながおじさん,児童書,児童文庫,児童文庫,福音館文庫,福音館書店,ジーン・ウェブスター,福音館文庫
9784036516308,シートン動物記,１,シートン動物記,児童書,児童文庫,児童文庫,偕成社文庫,偕成社,アーネスト・トンプソン・シートン,偕成社文庫
9784036509409,シャーロック＝ホームズの冒険（下）,,シャーロック＝ホームズの冒険,児童書,児童文庫,児童文庫,偕成社文庫,偕成社,コナン・ドイル,偕成社文庫
9784834018134,大草原の小さな家　インガルス一家の物語２,,大草原の小さな家,児童書,児童文庫,児童文庫,福音館文庫,福音館書店,ローラ・インガルス・ワイルダー,福音館文庫
9784036521203,吾輩は猫である　上,,吾輩は猫である,児童書,児童文庫,児童文庫,偕成社文庫,偕成社,夏目漱石,偕成社文庫
9784036509300,シャーロック＝ホームズの冒険（中）,,シャーロック＝ホームズの冒険,児童書,児童文庫,児童文庫,偕成社文庫,偕成社,コナン・ドイル,偕成社文庫
9784036524808,透明人間,,透明人間,児童書,児童文庫,児童文庫,偕成社文庫,偕成社,ハーバート・ジョージ・ウェルズ,偕成社文庫
9784863895928,もののけ屋　三度の飯より妖怪が好き,,もののけ屋　三度の飯より妖怪が好き,児童書,児童文庫,児童文庫,静山社ペガサス文庫,静山社,廣嶋玲子,静山社ペガサス文庫
9784834018257,グリムの昔話,１,グリムの昔話,児童書,児童文庫,児童文庫,福音館文庫,福音館書店,グリム兄弟,福音館文庫
9784834020939,海底二万海里（上）,,海底二万海里,児童書,児童文庫,児童文庫,福音館文庫,福音館書店,ジュール・ヴェルヌ,福音館文庫
9784035508809,放課後の時間割,,放課後の時間割,児童書,児童文庫,児童文庫,偕成社文庫,偕成社,岡田淳,偕成社文庫
9784036521302,吾輩は猫である　下,,吾輩は猫である,児童書,児童文庫,児童文庫,偕成社文庫,偕成社,夏目漱石,偕成社文庫
9784863895829,悪ガキ７－セブン－　いたずらｔｗｉｎｓのキューピッド作戦,,悪ガキ７－セブン－　いたずらｔｗｉｎｓのキューピッド作戦,児童書,児童文庫,児童文庫,静山社ペガサス文庫,静山社,宗田理,静山社ペガサス文庫
9784036525409,宇宙戦争,,宇宙戦争,児童書,児童文庫,児童文庫,偕成社文庫,偕成社,ハーバート・ジョージ・ウェルズ,偕成社文庫
9784036519903,地底旅行,,地底旅行,児童書,児童文庫,児童文庫,偕成社文庫,偕成社,ジュール・ヴェルヌ,
9784834006179,秘密の花園,,秘密の花園,児童書,児童文庫,児童文庫,福音館文庫,福音館書店,フランシス・ホジソン・バーネット,福音館文庫
9784834006230,ロビンソン・クルーソー,,ロビンソン・クルーソー,児童書,児童文庫,児童文庫,福音館文庫,福音館書店,ダニエル・デフォー,福音館文庫
9784038508202,流れる星は生きている＜新版＞,,流れる星は生きている＜新版＞,児童書,児童文庫,児童文庫,偕成社文庫,偕成社,藤原てい,偕成社文庫
9784036525508,飛ぶ教室,,飛ぶ教室,児童書,児童文庫,児童文庫,偕成社文庫,偕成社,エーリヒ・ケストナー,偕成社文庫
9784834018097,少年動物詩,,少年動物詩,児童書,児童文庫,児童文庫,福音館文庫,福音館書店,河合雅雄,福音館文庫
9784834027617,ハッピーノート,,ハッピーノート,児童書,児童文庫,児童文庫,福音館文庫,福音館書店,草野たき,福音館文庫
9784036514007,ルパン対ホームズ　アルセーヌ＝ルパン・シリーズ,,ルパン対ホームズ　アルセーヌ＝ルパン・シリーズ,児童書,児童文庫,児童文庫,偕成社文庫,偕成社,モーリス・ルブラン,偕成社文庫
9784036523405,タイムマシン,,タイムマシン,児童書,児童文庫,児童文庫,偕成社文庫,偕成社,ハーバート・ジョージ・ウェルズ,偕成社文庫
9784036518302,ＡＢＣ殺人事件,,ＡＢＣ殺人事件,児童書,児童文庫,児童文庫,偕成社文庫,偕成社,アガサ・クリスティ,
9784834018370,パディントンのクリスマス,,パディントンのクリスマス,児童書,児童文庫,児童文庫,福音館文庫,福音館書店,マイケル・ボンド,福音館文庫
9784863895935,もののけ屋　四階フロアは妖怪だらけ,,もののけ屋　四階フロアは妖怪だらけ,児童書,児童文庫,児童文庫,静山社ペガサス文庫,静山社,廣嶋玲子,静山社ペガサス文庫
9784834020946,海底二万海里（下）,,海底二万海里,児童書,児童文庫,児童文庫,福音館文庫,福音館書店,ジュール・ヴェルヌ,福音館文庫
9784834019346,ハイジ　上,,ハイジ,児童書,児童文庫,児童文庫,福音館文庫,福音館書店,ヨハンナ・シュピリ,福音館文庫
9784834019841,ふしぎの国のアリス,,ふしぎの国のアリス,児童書,児童文庫,児童文庫,福音館文庫,福音館書店,ルイス・キャロル,福音館文庫
9784834018042,宝島,,宝島,児童書,児童文庫,児童文庫,福音館文庫,福音館書店,ロバート・ルイス・スティーヴンソン,福音館文庫
9784834020076,トム・ソーヤーの冒険,,トム・ソーヤーの冒険,児童書,児童文庫,児童文庫,福音館文庫,福音館書店,マーク・トウェイン,福音館文庫
9784834019353,ハイジ　下,,ハイジ,児童書,児童文庫,児童文庫,福音館文庫,福音館書店,ヨハンナ・シュピリ,福音館文庫
9784036514809,赤毛のアン（上）,,赤毛のアン,児童書,児童文庫,児童文庫,偕成社文庫,偕成社,ルーシー・モード・モンゴメリ,偕成社文庫
9784863895836,悪ガキ７－セブン－　いたずらｔｗｉｎｓ、南の国へ,,悪ガキ７－セブン－　いたずらｔｗｉｎｓ、南の国へ,児童書,児童文庫,児童文庫,静山社ペガサス文庫,静山社,宗田理,静山社ペガサス文庫
9784863896109,ロミオとジュリエット　物語で読むシェイクスピア,,ロミオとジュリエット　物語で読むシェイクスピア,児童書,児童文庫,児童文庫,静山社ペガサス文庫,静山社,斉藤洋,静山社ペガサス文庫
9784834019889,若草物語,,若草物語,児童書,児童文庫,児童文庫,福音館文庫,福音館書店,ルイザ・メイ・オルコット,福音館文庫
9784834018158,シルバー・レイクの岸辺で　インガルス一家の物語４,,シルバー・レイクの岸辺で,児童書,児童文庫,児童文庫,福音館文庫,福音館書店,ローラ・インガルス・ワイルダー,福音館文庫
9784036527908,伝記ヘレン・ケラー,,伝記ヘレン・ケラー,児童書,児童文庫,児童文庫,偕成社文庫,偕成社,村岡花子,偕成社文庫
9784863892507,ハリー・ポッターシリーズ　全２０巻セット,,ハリー・ポッターシリーズ　全２０巻セット,児童書,児童文庫,児童文庫,静山社ペガサス文庫,静山社,Ｊ・Ｋ・ローリング,静山社ペガサス文庫
9784834027396,鬼の橋,,鬼の橋,児童書,児童文庫,児童文庫,福音館文庫,福音館書店,伊藤遊,福音館文庫
9784036504305,ギリシア神話,,ギリシア神話,児童書,児童文庫,児童文庫,偕成社文庫,偕成社,高津春繁,偕成社文庫
9784036523900,ジョン万次郎漂流記,,ジョン万次郎漂流記,児童書,児童文庫,児童文庫,偕成社文庫,偕成社,井伏鱒二,偕成社文庫
9784036514908,赤毛のアン（下）,,赤毛のアン,児童書,児童文庫,児童文庫,偕成社文庫,偕成社,ルーシー・モード・モンゴメリ,偕成社文庫
9784035509400,星と伝説,,星と伝説,児童書,児童文庫,児童文庫,偕成社文庫,偕成社,野尻抱影,偕成社文庫
9784038505904,クラバート　上,,クラバート　上,児童書,児童文庫,児童文庫,偕成社文庫,偕成社,オットフリ－ト・プロイスラ－,偕成社文庫
9784863893153,パーシー・ジャクソンとオリンポスの神々　１（上）　盗まれた雷撃－ライトニングボルト－,,パーシー・ジャクソンとオリンポスの神々　１　盗まれた雷撃－ライトニングボルト－,児童書,児童文庫,児童文庫,静山社ペガサス文庫,静山社,リック・リオーダン,静山社ペガサス文庫
9784036515509,怪談　小泉八雲怪奇短編集,,怪談　小泉八雲怪奇短編集,児童書,児童文庫,児童文庫,偕成社文庫,偕成社,ラフカディオ・ハーン,偕成社文庫
9784038506000,クラバート（下）,,クラバート,児童書,児童文庫,児童文庫,偕成社文庫,偕成社,オットフリ－ト・プロイスラ－,偕成社文庫
9784036501007,コンチキ号漂流記,,コンチキ号漂流記,児童書,児童文庫,児童文庫,偕成社文庫,偕成社,ト－ル・ハイエルダ－ル,偕成社文庫
9784035500308,大きい１年生と小さな２年生,,大きい１年生と小さな２年生,児童書,児童文庫,児童文庫,偕成社文庫,偕成社,古田足日,偕成社文庫
9784036513901,怪盗紳士ルパン　アルセーヌ＝ルパン・シリーズ,,怪盗紳士ルパン　アルセーヌ＝ルパン・シリーズ,児童書,児童文庫,児童文庫,偕成社文庫,偕成社,モーリス・ルブラン,偕成社文庫
9784834018165,農場の少年　インガルス一家の物語５,,農場の少年,児童書,児童文庫,児童文庫,福音館文庫,福音館書店,ローラ・インガルス・ワイルダー,福音館文庫
9784035506300,ふしぎの国のアリス,,ふしぎの国のアリス,児童書,児童文庫,児童文庫,偕成社文庫,偕成社,ルイス・キャロル,偕成社文庫
9784036527601,ハイジ＜完訳版＞,１,ハイジ＜完訳版＞,児童書,児童文庫,児童文庫,偕成社文庫,偕成社,ヨハンナ・シュピリ,偕成社文庫
9784834018141,プラム・クリークの土手で　インガルス一家の物語３,,プラム・クリークの土手で,児童書,児童文庫,児童文庫,福音館文庫,福音館書店,ローラ・インガルス・ワイルダー,福音館文庫
9784834021424,鏡の国のアリス,,鏡の国のアリス,児童書,児童文庫,児童文庫,福音館文庫,福音館書店,ルイス・キャロル,福音館文庫
9784036524303,月の森に、カミよ眠れ,,月の森に、カミよ眠れ,児童書,児童文庫,児童文庫,偕成社文庫,偕成社,上橋菜穂子,偕成社文庫
9784834086201,かはたれ　散在ガ池の河童猫,,かはたれ　散在ガ池の河童猫,児童書,児童文庫,児童文庫,福音館文庫,福音館書店,朽木祥,福音館文庫
9784834019995,魔法使いのチョコレート・ケーキ,,魔法使いのチョコレート・ケーキ,児童書,児童文庫,児童文庫,福音館文庫,福音館書店,マーヒー,福音館文庫
9784863894594,ルイスと不思議の時計　ルイスと不思議の時計１,,ルイスと不思議の時計,児童書,児童文庫,児童文庫,静山社ペガサス文庫,静山社,ジョン・ベレアーズ,静山社ペガサス文庫
9784834018264,グリムの昔話,２,グリムの昔話,児童書,児童文庫,児童文庫,福音館文庫,福音館書店,グリム兄弟,福音館文庫
9784834021837,はじまりのはじまりのはじまりのおわり　小さいカタツムリともっと小さいアリの冒険,,はじまりのはじまりのはじまりのおわり　小さいカタツムリともっと小さいアリの冒険,児童書,児童文庫,児童文庫,福音館文庫,福音館書店,アヴィ,福音館文庫
9784035507703,先生のつうしんぼ,,先生のつうしんぼ,児童書,児童文庫,児童文庫,偕成社文庫,偕成社,宮川ひろ,偕成社文庫
9784863894822,オリンポスの神々と７人の英雄１　消えた英雄（上）　パーシー・ジャクソンとオリンポスの神々　シーズン２,,オリンポスの神々と７人の英雄　消えた英雄１,児童書,児童文庫,児童文庫,静山社ペガサス文庫,静山社,リック・リオーダン,静山社ペガサス文庫
9784863896116,ハムレット　物語で読むシェイクスピア,,ハムレット　物語で読むシェイクスピア,児童書,児童文庫,児童文庫,静山社ペガサス文庫,静山社,斉藤洋,静山社ペガサス文庫
9784036526703,選ばなかった冒険－光の石の伝説－,,選ばなかった冒険－光の石の伝説－,児童書,児童文庫,児童文庫,偕成社文庫,偕成社,岡田淳,偕成社文庫
9784035509509,子ぎつねヘレンがのこしたもの,,子ぎつねヘレンがのこしたもの,児童書,児童文庫,児童文庫,偕成社文庫,偕成社,竹田津実,偕成社文庫
9784834021745,ガリヴァー旅行記（上）,,ガリヴァー旅行記,児童書,児童文庫,児童文庫,福音館文庫,福音館書店,ジョナサン・スウィフト,福音館文庫
9784036510306,ニルスのふしぎな旅,１,ニルスのふしぎな旅,児童書,児童文庫,児童文庫,偕成社文庫,偕成社,セルマ・オッティ,
9784834018387,パディントンの一周年記念,,パディントンの一周年記念,児童書,児童文庫,児童文庫,福音館文庫,福音館書店,マイケル・ボンド,福音館文庫
9784035508502,雨やどりはすべり台の下で,,雨やどりはすべり台の下で,児童書,児童文庫,児童文庫,偕成社文庫,偕成社,岡田淳,偕成社文庫
9784035509202,クワガタクワジ物語,,クワガタクワジ物語,児童書,児童文庫,児童文庫,偕成社文庫,偕成社,中島みち,偕成社文庫
9784036516407,シートン動物記,２,シートン動物記,児童書,児童文庫,児童文庫,偕成社文庫,偕成社,アーネスト・トンプソン・シートン,偕成社文庫
9784834006223,ピーター・パンとウェンディ,,ピーター・パンとウェンディ,児童書,児童文庫,児童文庫,福音館文庫,福音館書店,ジェームス・マシュー・バリー,福音館文庫
9784834018011,イギリスとアイルランドの昔話,,イギリスとアイルランドの昔話,児童書,児童文庫,児童文庫,福音館文庫,福音館書店,ジョーゼフジェイコブズ,福音館文庫
9784863893160,パーシー・ジャクソンとオリンポスの神々　１（下）　盗まれた雷撃－ライトニングボルト－,,パーシー・ジャクソンとオリンポスの神々　１　盗まれた雷撃－ライトニングボルト－,児童書,児童文庫,児童文庫,静山社ペガサス文庫,静山社,リック・リオーダン,静山社ペガサス文庫
9784036527809,大おばさんの不思議なレシピ,,大おばさんの不思議なレシピ,児童書,児童文庫,児童文庫,偕成社文庫,偕成社,柏葉幸子,偕成社文庫
9784863894709,バーティミアス　サマルカンドの秘宝（上）,１,バーティミアス,児童書,児童文庫,児童文庫,静山社ペガサス文庫,静山社,ジョナサン・ストラウド,静山社ペガサス文庫
9784863894839,オリンポスの神々と７人の英雄１　消えた英雄（下）　パーシー・ジャクソンとオリンポスの神々　シーズン２,,オリンポスの神々と７人の英雄　消えた英雄１,児童書,児童文庫,児童文庫,静山社ペガサス文庫,静山社,リック・リオーダン,静山社ペガサス文庫
9784036527502,９月０日大冒険,,９月０日大冒険,児童書,児童文庫,児童文庫,偕成社文庫,偕成社,さとうまきこ,偕成社文庫
9784036517701,レ・ミゼラブル（上）,,レ・ミゼラブル,児童書,児童文庫,児童文庫,偕成社文庫,偕成社,ヴィクトル・ユーゴー,偕成社文庫
9784834018394,パディントンフランスへ,,パディントンフランスへ,児童書,児童文庫,児童文庫,福音館文庫,福音館書店,マイケル・ボンド,福音館文庫
9784834009927,西遊記　上,,西遊記,児童書,児童文庫,児童文庫,福音館文庫,福音館書店,呉承恩,福音館文庫
9784834021752,ガリヴァー旅行記（下）,,ガリヴァー旅行記,児童書,児童文庫,児童文庫,福音館文庫,福音館書店,ジョナサン・スウィフト,福音館文庫
9784863895843,悪ガキ７－セブン－　いたずらｔｗｉｎｓと謎の転校生,,悪ガキ７－セブン－　いたずらｔｗｉｎｓと謎の転校生,児童書,児童文庫,児童文庫,静山社ペガサス文庫,静山社,宗田理,静山社ペガサス文庫
9784834020007,パディントン街へ行く,,パディントン街へ行く,児童書,児童文庫,児童文庫,福音館文庫,福音館書店,マイケル・ボンド,福音館文庫
9784834026658,山のトムさん　ほか一篇,,山のトムさん　ほか一篇,児童書,児童文庫,児童文庫,福音館文庫,福音館書店,石井桃子,福音館文庫
9784036513208,神秘の島,１,神秘の島,児童書,児童文庫,児童文庫,偕成社文庫,偕成社,ジュール・ヴェルヌ,偕成社文庫
9784863896130,夏の夜の夢　物語で読むシェイクスピア４,,夏の夜の夢　物語で読むシェイクスピア４,児童書,児童文庫,児童文庫,静山社ペガサス文庫,静山社,斉藤洋,静山社ペガサス文庫
9784863895850,悪ガキ７　いたずらｔｗｉｎｓのロボット計画,,悪ガキ７　いたずらｔｗｉｎｓのロボット計画,児童書,児童文庫,児童文庫,静山社ペガサス文庫,静山社,宗田理,静山社ペガサス文庫
9784036511501,路傍の石,,路傍の石,児童書,児童文庫,児童文庫,偕成社文庫,偕成社,山本有三,偕成社文庫
9784036516506,シートン動物記,３,シートン動物記,児童書,児童文庫,児童文庫,偕成社文庫,偕成社,アーネスト・トンプソン・シートン,偕成社文庫
9784834018059,二年間の休暇（上）,,二年間の休暇,児童書,児童文庫,児童文庫,福音館文庫,福音館書店,ジュール・ヴェルヌ,福音館文庫
9784036527700,ハイジ＜完訳版＞,２,ハイジ＜完訳版＞,児童書,児童文庫,児童文庫,偕成社文庫,偕成社,ヨハンナ・シュピリ,偕成社文庫
9784036523603,海底二万里　上,,海底二万里　上,児童書,児童文庫,児童文庫,偕成社文庫,偕成社,ジュール・ヴェルヌ,偕成社文庫
9784834018271,グリムの昔話,３,グリムの昔話,児童書,児童文庫,児童文庫,福音館文庫,福音館書店,グリム兄弟,福音館文庫
9784834006667,人魚姫,,人魚姫,児童書,児童文庫,児童文庫,福音館文庫,福音館書店,ハンス・クリスチャン・アンデルセン,福音館文庫
9784036525102,かぎりなくやさしい花々,,かぎりなくやさしい花々,児童書,児童文庫,児童文庫,偕成社文庫,偕成社,星野富弘,偕成社文庫
9784834009057,なぞなぞの本,,なぞなぞの本,児童書,児童文庫,児童文庫,福音館文庫,福音館書店,石川勇,福音館日曜日文庫
9784834018066,二年間の休暇（下）,,二年間の休暇,児童書,児童文庫,児童文庫,福音館文庫,福音館書店,ジュール・ヴェルヌ,福音館文庫
9784036500505,トム＝ソーヤーの冒険（上）,,トム＝ソーヤーの冒険（上）,児童書,児童文庫,児童文庫,偕成社文庫,偕成社,マーク・トウェイン,偕成社文庫
9784863894891,オリンポスの神々と７人の英雄４　ハデスの館（下）　パーシー・ジャクソンとオリンポスの神々　シーズン２,,オリンポスの神々と７人の英雄４　ハデスの館　パーシー・ジャクソンとオリンポスの神々　シーズン２,児童書,児童文庫,児童文庫,静山社ペガサス文庫,静山社,リック・リオーダン,静山社ペガサス文庫
9784863894235,猫のダヤン　ダヤン、わちふぃーるどへ,１,猫のダヤン,児童書,児童文庫,児童文庫,静山社ペガサス文庫,静山社,池田あきこ,静山社ペガサス文庫
9784834018400,パディントンとテレビ,,パディントンとテレビ,児童書,児童文庫,児童文庫,福音館文庫,福音館書店,マイケル・ボンド,福音館文庫
9784035501909,セロ弾きのゴーシュ,,セロ弾きのゴーシュ,児童書,児童文庫,児童文庫,偕成社文庫,偕成社,宮沢賢治,偕成社文庫
9784863895867,悪ガキ７　いたずらｔｗｉｎｓのイス取りゲーム,,悪ガキ７　いたずらｔｗｉｎｓのイス取りゲーム,児童書,児童文庫,児童文庫,静山社ペガサス文庫,静山社,宗田理,静山社ペガサス文庫
9784834009934,西遊記　中,,西遊記,児童書,児童文庫,児童文庫,福音館文庫,福音館書店,呉承恩,福音館文庫
9784863894884,オリンポスの神々と７人の英雄４　ハデスの館（上）　パーシー・ジャクソンとオリンポスの神々　シーズン２,,オリンポスの神々と７人の英雄４　ハデスの館　パーシー・ジャクソンとオリンポスの神々　シーズン２,児童書,児童文庫,児童文庫,静山社ペガサス文庫,静山社,リック・リオーダン,静山社ペガサス文庫
9784834018844,ＴＮ君の伝記,,ＴＮ君の伝記,児童書,児童文庫,児童文庫,福音館文庫,福音館書店,なだいなだ,福音館文庫
9784834006681,絵のない絵本,,絵のない絵本,児童書,児童文庫,児童文庫,福音館文庫,福音館書店,ハンス・クリスチャン・アンデルセン,福音館文庫
9784834009941,西遊記　下,,西遊記,児童書,児童文庫,児童文庫,福音館文庫,福音館書店,呉承恩,福音館文庫
9784036500901,片耳の大シカ,,片耳の大シカ,児童書,児童文庫,児童文庫,偕成社文庫,偕成社,椋鳩十,偕成社文庫
9784038500701,二十四の瞳,,二十四の瞳,児童書,児童文庫,児童文庫,偕成社文庫,偕成社,壺井栄,偕成社文庫
9784036513406,神秘の島,３,神秘の島,児童書,児童文庫,児童文庫,偕成社文庫,偕成社,ジュール・ヴェルヌ,偕成社文庫
9784834014846,パディントンの大切な家族　パディントンの本１０,,パディントンの大切な家族　パディントンの本１０,児童書,児童文庫,児童文庫,福音館文庫,福音館書店,マイケル・ボンド,福音館文庫
9784036517800,レ・ミゼラブル　中,,レ・ミゼラブル　中,児童書,児童文庫,児童文庫,偕成社文庫,偕成社,ヴィクトル・ユーゴー,偕成社文庫
9784036513307,神秘の島,２,神秘の島,児童書,児童文庫,児童文庫,偕成社文庫,偕成社,ジュール・ヴェルヌ,偕成社文庫
9784834023527,シチリアを征服したクマ王国の物語,,シチリアを征服したクマ王国の物語,児童書,児童文庫,児童文庫,福音館文庫,福音館書店,ディーノ・ブッツァーティ,福音館文庫
9784036513802,少女ポリアンナ,,少女ポリアンナ,児童書,児童文庫,児童文庫,偕成社文庫,偕成社,エレナ・ポーター,
9784035506508,鏡の国のアリス,,鏡の国のアリス,児童書,児童文庫,児童文庫,偕成社文庫,偕成社,ルイス・キャロル,偕成社文庫
9784863894877,オリンポスの神々と７人の英雄３　アテナの印（下）　パーシー・ジャクソンとオリンポスの神々　シーズン２,,オリンポスの神々と７人の英雄３　アテナの印　パーシー・ジャクソンとオリンポスの神々　シーズン２,児童書,児童文庫,児童文庫,静山社ペガサス文庫,静山社,リック・リオーダン,静山社ペガサス文庫
9784863893177,パーシー・ジャクソンとオリンポスの神々　２（上）　魔海の冒険,,パーシー・ジャクソンとオリンポスの神々　２　魔海の冒険,児童書,児童文庫,児童文庫,静山社ペガサス文庫,静山社,リック・リオーダン,静山社ペガサス文庫
9784035509707,家族になったスズメのチュン,,家族になったスズメのチュン,児童書,児童文庫,児童文庫,偕成社文庫,偕成社,竹田津実,偕成社文庫
9784834018417,パディントンの煙突掃除,,パディントンの煙突掃除,児童書,児童文庫,児童文庫,福音館文庫,福音館書店,マイケル・ボンド,福音館文庫
9784863896147,マクベス　物語で読むシェイクスピア５,,マクベス　物語で読むシェイクスピア５,児童書,児童文庫,児童文庫,静山社ペガサス文庫,静山社,斉藤洋,静山社ペガサス文庫
9784038500503,あしながおじさん,,あしながおじさん,児童書,児童文庫,児童文庫,偕成社文庫,偕成社,ジーン・ウェブスター,偕成社文庫
9784036517909,レ・ミゼラブル　下,,レ・ミゼラブル　下,児童書,児童文庫,児童文庫,偕成社文庫,偕成社,ヴィクトル・ユーゴー,偕成社文庫
9784834042009,福音館文庫　魔女の宅急便　全６冊セット,,福音館文庫　魔女の宅急便　全６冊セット,児童書,児童文庫,児童文庫,福音館文庫,福音館書店,角野栄子,
9784863894914,オリンポスの神々と７人の英雄５　最後の航海（下）　パーシー・ジャクソンとオリンポスの神々　シーズン２,,オリンポスの神々と７人の英雄５　最後の航海　パーシー・ジャクソンとオリンポスの神々　シーズン２,児童書,児童文庫,児童文庫,静山社ペガサス文庫,静山社,リック・リオーダン,静山社ペガサス文庫
9784863894860,オリンポスの神々と７人の英雄３　アテナの印（上）　パーシー・ジャクソンとオリンポスの神々　シーズン２,,オリンポスの神々と７人の英雄３　アテナの印　パーシー・ジャクソンとオリンポスの神々　シーズン２,児童書,児童文庫,児童文庫,静山社ペガサス文庫,静山社,リック・リオーダン,静山社ペガサス文庫
9784863893252,ハデスの剣　パーシー・ジャクソンとオリンポスの神々外伝,,ハデスの剣　パーシー・ジャクソンとオリンポスの神々外伝,児童書,児童文庫,児童文庫,静山社ペガサス文庫,静山社,リック・リオーダン,静山社ペガサス文庫
9784035512103,北風のわすれたハンカチ,,北風のわすれたハンカチ,児童書,児童文庫,児童文庫,偕成社文庫,偕成社,安房直子,偕成社文庫
9784863894921,オリンポスの神々と７人の英雄外伝　ヘルメスの杖　パーシー・ジャクソンとオリンポスの神々　シーズン２,,オリンポスの神々と７人の英雄外伝　ヘルメスの杖　パーシー・ジャクソンとオリンポスの神々　シーズン２,児童書,児童文庫,児童文庫,静山社ペガサス文庫,静山社,リック・リオーダン,静山社ペガサス文庫
9784863894723,バーティミアス　サマルカンドの秘宝（下）,３,バーティミアス,児童書,児童文庫,児童文庫,静山社ペガサス文庫,静山社,ジョナサン・ストラウド,静山社ペガサス文庫
9784863894716,バーティミアス　サマルカンドの秘宝（中）,２,バーティミアス,児童書,児童文庫,児童文庫,静山社ペガサス文庫,静山社,ジョナサン・ストラウド,静山社ペガサス文庫
9784036500604,トム＝ソーヤーの冒険（下）,,トム＝ソーヤーの冒険（下）,児童書,児童文庫,児童文庫,偕成社文庫,偕成社,マーク・トウェイン,偕成社文庫
9784863893191,パーシー・ジャクソンとオリンポスの神々３　タイタンの呪い（上）,,パーシー・ジャクソンとオリンポスの神々３　タイタンの呪い,児童書,児童文庫,児童文庫,静山社ペガサス文庫,静山社,リック・リオーダン,静山社ペガサス文庫
9784863894907,オリンポスの神々と７人の英雄５　最後の航海（上）　パーシー・ジャクソンとオリンポスの神々　シーズン２,,オリンポスの神々と７人の英雄５　最後の航海　パーシー・ジャクソンとオリンポスの神々　シーズン２,児童書,児童文庫,児童文庫,静山社ペガサス文庫,静山社,リック・リオーダン,静山社ペガサス文庫
9784834018424,パディントン妙技公開,,パディントン妙技公開,児童書,児童文庫,児童文庫,福音館文庫,福音館書店,マイケル・ボンド,福音館文庫
9784035508403,長くつ下のピッピ,,長くつ下のピッピ,児童書,児童文庫,児童文庫,偕成社文庫,偕成社,アストリッド・リ,偕成社文庫
9784834019001,年をとったワニの話,,年をとったワニの話,児童書,児童文庫,児童文庫,福音館文庫,福音館書店,レオポルド・ショヴォー,福音館文庫
9784863894853,オリンポスの神々と７人の英雄２　海神の息子（下）　パーシー・ジャクソンとオリンポスの神々　シーズン２,,オリンポスの神々と７人の英雄２　海神の息子　パーシー・ジャクソンとオリンポスの神々　シーズン２,児童書,児童文庫,児童文庫,静山社ペガサス文庫,静山社,リック・リオーダン,静山社ペガサス文庫
9784863894846,オリンポスの神々と７人の英雄２　海神の息子（上）　パーシー・ジャクソンとオリンポスの神々　シーズン２,,オリンポスの神々と７人の英雄２　海神の息子　パーシー・ジャクソンとオリンポスの神々　シーズン２,児童書,児童文庫,児童文庫,静山社ペガサス文庫,静山社,リック・リオーダン,静山社ペガサス文庫
9784863893344,ビースト・クエスト　火龍フェルノ,１,ビースト・クエスト,児童書,児童文庫,児童文庫,静山社ペガサス文庫,静山社,アダム・ブレード,静山社ペガサス文庫
9784863893207,パーシー・ジャクソンとオリンポスの神々３　タイタンの呪い（下）,,パーシー・ジャクソンとオリンポスの神々３　タイタンの呪い,児童書,児童文庫,児童文庫,静山社ペガサス文庫,静山社,リック・リオーダン,静山社ペガサス文庫
9784036502103,ビルマの竪琴,,ビルマの堅琴,児童書,児童文庫,児童文庫,偕成社文庫,偕成社,竹山道雄,偕成社文庫
9784863893184,パーシー・ジャクソンとオリンポスの神々　２（下）　魔海の冒険,,パーシー・ジャクソンとオリンポスの神々　２　魔海の冒険,児童書,児童文庫,児童文庫,静山社ペガサス文庫,静山社,リック・リオーダン,静山社ペガサス文庫
9784036506200,大造じいさんとガン,,大造じいさんとガン,児童書,児童文庫,児童文庫,偕成社文庫,偕成社,椋鳩十,偕成社文庫
9784834024159,あやとりの記,,あやとりの記,児童書,児童文庫,児童文庫,福音館文庫,福音館書店,石牟礼道子,福音館文庫
9784834006674,雪の女王,,雪の女王,児童書,児童文庫,児童文庫,福音館文庫,福音館書店,ハンス・クリスチャン・アンデルセン,福音館文庫
9784036526208,風と木の歌,,風と木の歌,児童書,児童文庫,児童文庫,偕成社文庫,偕成社,安房直子,偕成社文庫
9784834018073,ロシアの昔話,,ロシアの昔話,児童書,児童文庫,児童文庫,福音館文庫,福音館書店,アレクサンドル・Ｈ．アファナーシエフ,福音館文庫
9784863893245,パーシー・ジャクソンとオリンポスの神々　５（下）　最後の神,,パーシー・ジャクソンとオリンポスの神々　５　最後の神,児童書,児童文庫,児童文庫,静山社ペガサス文庫,静山社,リック・リオーダン,静山社ペガサス文庫
9784863896277,オレンジ色の不思議　斉藤洋のゴースト・ストリート１,,オレンジ色の不思議,児童書,児童文庫,児童文庫,静山社ペガサス文庫,静山社,斉藤洋,静山社ペガサス文庫
9784834018226,幼ものがたり,,幼ものがたり,児童書,児童文庫,児童文庫,福音館文庫,福音館書店,石井桃子,福音館文庫
9784036527106,遠い野ばらの村　童話集,,遠い野ばらの村　童話集,児童書,児童文庫,児童文庫,偕成社文庫,偕成社,安房直子,偕成社文庫
9784036510603,ニルスのふしぎな旅,４,ニルスのふしぎな旅,児童書,児童文庫,児童文庫,偕成社文庫,偕成社,セルマ・オッティリア－ナ・ロヴィサ・ラ－,偕成社文庫
9784863893238,パーシー・ジャクソンとオリンポスの神々　５（上）　最後の神,,パーシー・ジャクソンとオリンポスの神々　５　最後の神,児童書,児童文庫,児童文庫,静山社ペガサス文庫,静山社,リック・リオーダン,静山社ペガサス文庫
9784863893351,ビースト・クエスト　海竜セプロン,２,ビースト・クエスト,児童書,児童文庫,児童文庫,静山社ペガサス文庫,静山社,アダム・ブレード,静山社ペガサス文庫
9784863896123,十二夜　物語で読むシェイクスピア３,,十二夜　物語で読むシェイクスピア３,児童書,児童文庫,児童文庫,静山社ペガサス文庫,静山社,斉藤洋,静山社ペガサス文庫
9784036523702,海底二万里　中,,海底二万里　中,児童書,児童文庫,児童文庫,偕成社文庫,偕成社,ジュール・ヴェルヌ,偕成社文庫
9784863894280,猫のダヤン　ダヤンと王の塔,６,猫のダヤン,児童書,児童文庫,児童文庫,静山社ペガサス文庫,静山社,池田あきこ,静山社ペガサス文庫
9784036508402,グリム童話集,１,グリム童話集,児童書,児童文庫,児童文庫,偕成社文庫,偕成社,ヤーコプ・グリム,偕成社文庫
9784036510504,ニルスのふしぎな旅,３,ニルスのふしぎな旅,児童書,児童文庫,児童文庫,偕成社文庫,偕成社,セルマ・オッティ,偕成社文庫
9784863894273,猫のダヤン　ダヤンとハロウィーンの戦い,５,猫のダヤン,児童書,児童文庫,児童文庫,静山社ペガサス文庫,静山社,池田あきこ,静山社ペガサス文庫
9784036510405,ニルスのふしぎな旅,２,ニルスのふしぎな旅,児童書,児童文庫,児童文庫,偕成社文庫,偕成社,セルマ・オッティリア－ナ・ロヴィサ・ラ－,偕成社文庫
9784834081633,美乃里の夏,,美乃里の夏,児童書,児童文庫,児童文庫,福音館文庫,福音館書店,藤巻吏絵,福音館文庫
9784834083071,赤毛のゾラ（下）,,赤毛のゾラ,児童書,児童文庫,児童文庫,福音館文庫,福音館書店,クルト・ヘルト,福音館文庫
9784834083064,赤毛のゾラ（上）,,赤毛のゾラ,児童書,児童文庫,児童文庫,福音館文庫,福音館書店,クルト・ヘルト,福音館文庫
9784834026160,天の鹿,,天の鹿,児童書,児童文庫,児童文庫,福音館文庫,福音館書店,安房直子,福音館文庫
9784036528004,銀のくじゃく　童話集,,銀のくじゃく　童話集,児童書,児童文庫,児童文庫,偕成社文庫,偕成社,安房直子,偕成社文庫
9784834023886,カナリア王子,,カナリア王子,児童書,児童文庫,児童文庫,福音館文庫,福音館書店,イタロ・カルヴィーノ,福音館文庫
9784036518005,シャーロック＝ホームズの思い出（上）,,シャーロック＝ホームズの思い出（上）,児童書,児童文庫,児童文庫,偕成社文庫,偕成社,コナン・ドイル,偕成社文庫
9784038500602,山椒大夫・高瀬舟,,山椒大夫・高瀬舟,児童書,児童文庫,児童文庫,偕成社文庫,偕成社,森鴎外,偕成社文庫
9784834012897,アラスカ光と風,,アラスカ光と風,児童書,児童文庫,児童文庫,福音館文庫,福音館書店,星野道夫,
9784036522606,四つの署名,,四つの署名,児童書,児童文庫,児童文庫,偕成社文庫,偕成社,コナン・ドイル,偕成社文庫
9784863893214,パーシー・ジャクソンとオリンポスの神々　４（上）　迷宮の戦い,,パーシー・ジャクソンとオリンポスの神々　４　迷宮の戦い,児童書,児童文庫,児童文庫,静山社ペガサス文庫,静山社,リック・リオーダン,静山社ペガサス文庫
9784863894242,猫のダヤン　ダヤンとジタン,２,猫のダヤン,児童書,児童文庫,児童文庫,静山社ペガサス文庫,静山社,池田あきこ,静山社ペガサス文庫
9784863894303,ダヤン、クラヤミの国へ　猫のダヤンｅｘ,,ダヤン、クラヤミの国へ　猫のダヤンｅｘ,児童書,児童文庫,児童文庫,静山社ペガサス文庫,静山社,池田あきこ,静山社ペガサス文庫
9784863893221,パーシー・ジャクソンとオリンポスの神々　４（下）　迷宮の戦い,,パーシー・ジャクソンとオリンポスの神々　４　迷宮の戦い,児童書,児童文庫,児童文庫,静山社ペガサス文庫,静山社,リック・リオーダン,静山社ペガサス文庫
9784863893368,ビースト・クエスト　山男アークタ,３,ビースト・クエスト,児童書,児童文庫,児童文庫,静山社ペガサス文庫,静山社,アダム・ブレード,静山社ペガサス文庫
9784035504009,彦一とんちばなし　上,,彦一とんちばなし　上,児童書,児童文庫,児童文庫,偕成社文庫,偕成社,小山勝清,偕成社文庫
9784035510604,みどりいろの童話集　ラング世界童話全集１＜改訂版＞,,みどりいろの童話集　ラング世界童話全集１＜改訂版＞,児童書,児童文庫,児童文庫,偕成社文庫,偕成社,アンドルー・ラング,偕成社文庫
9784038506109,あしながおじさん　続,,あしながおじさん,児童書,児童文庫,児童文庫,偕成社文庫,偕成社,ジーン・ウェブスター,偕成社文庫
9784036501403,風の又三郎,,風の又三郎,児童書,児童文庫,児童文庫,偕成社文庫,偕成社,宮沢賢治,偕成社文庫
9784036523801,海底二万里　下,,海底二万里　下,児童書,児童文庫,児童文庫,偕成社文庫,偕成社,ジュール・ヴェルヌ,偕成社文庫
9784834021998,おおやさんはねこ,,おおやさんはねこ,児童書,児童文庫,児童文庫,福音館文庫,福音館書店,三木卓,福音館文庫
9784036526901,小さな町の風景,,小さな町の風景,児童書,児童文庫,児童文庫,偕成社文庫,偕成社,杉みき子,偕成社文庫
9784035503507,少年探偵ブラウン,１,少年探偵ブラウン,児童書,児童文庫,児童文庫,偕成社文庫,偕成社,ドナルド・Ｊ・ソボル,偕成社文庫
9784834006650,親指姫,,親指姫,児童書,児童文庫,児童文庫,福音館文庫,福音館書店,ハンス・クリスチャン・アンデルセン,福音館文庫
9784035500100,コッペパンはきつねいろ,,コッペパンはきつねいろ,児童書,児童文庫,児童文庫,偕成社文庫,偕成社,松谷みよ子,偕成社文庫
9784036518104,シャーロック＝ホームズの思い出（下）,,シャーロック＝ホームズの思い出（下）,児童書,児童文庫,児童文庫,偕成社文庫,偕成社,コナン・ドイル,偕成社文庫
9784038503504,シェイクスピア物語　上,,シェイクスピア物語　上,児童書,児童文庫,児童文庫,偕成社文庫,偕成社,チャールズ・ラム,偕成社文庫
9784036524402,家なき娘　上,,家なき娘,児童書,児童文庫,児童文庫,偕成社文庫,偕成社,エクトール・マロ,偕成社文庫
9784863894679,闇にひそむ影　ルイスと不思議の時計２,,闇にひそむ影　ルイスと不思議の時計２,児童書,児童文庫,児童文庫,静山社ペガサス文庫,静山社,ジョン・ベレアーズ,静山社ペガサス文庫
9784834006476,ふたりはいい勝負,,ふたりはいい勝負,児童書,児童文庫,児童文庫,福音館文庫,福音館書店,レオボルド・,福音館文庫
9784834018103,木かげの家の小人たち,,木かげの家の小人たち,児童書,児童文庫,児童文庫,福音館文庫,福音館書店,いぬいとみこ,福音館文庫
9784035503903,一ふさのぶどう,,一ふさのぶどう,児童書,児童文庫,児童文庫,偕成社文庫,偕成社,有島武郎,偕成社文庫
9784038508103,戦火と死の島に生きる,,戦火と死の島に生きる,児童書,児童文庫,児童文庫,偕成社文庫,偕成社,菅野静子,偕成社文庫
9784863894259,猫のダヤン　ダヤンと時の魔法,３,猫のダヤン,児童書,児童文庫,児童文庫,静山社ペガサス文庫,静山社,池田あきこ,静山社ペガサス文庫
9784834020304,九つの銅貨,,九つの銅貨,児童書,児童文庫,児童文庫,福音館文庫,福音館書店,ウォルター・デ・ラ・メア,福音館文庫
9784834028003,風のローラースケート,,風のローラースケート,児童書,児童文庫,児童文庫,福音館文庫,福音館書店,安房直子,福音館文庫
9784035511809,水曜日のクルト＜新版＞,,水曜日のクルト＜新版＞,児童書,児童文庫,児童文庫,偕成社文庫,偕成社,大井三重子,偕成社文庫
9784036519804,大空の殺人,,大空の殺人,児童書,児童文庫,児童文庫,偕成社文庫,偕成社,アガサ・クリスティ,偕成社文庫
9784036525706,カリオストロの復讐,,カリオストロの復讐,児童書,児童文庫,児童文庫,偕成社文庫,偕成社,モーリス・ルブラン,偕成社文庫
9784036524501,家なき娘（下）,,家なき娘,児童書,児童文庫,児童文庫,偕成社文庫,偕成社,エクトール・マロ,偕成社文庫
9784035509806,日本のむかし話＜新版＞　一寸法師ほか全１９編,１,日本のむかし話＜新版＞,児童書,児童文庫,児童文庫,偕成社文庫,偕成社,坪田譲治,偕成社文庫
9784834080445,えんの松原,,えんの松原,児童書,児童文庫,児童文庫,福音館文庫,福音館書店,伊藤遊,福音館文庫
9784834018035,砂の妖精,,砂の妖精,児童書,児童文庫,児童文庫,福音館文庫,福音館書店,イーディス・ネズビット,福音館文庫
9784036517305,ジャングル・ブック,１,ジャングル・ブック,児童書,児童文庫,児童文庫,偕成社文庫,偕成社,ラドヤード・キプリング,偕成社文庫
9784036513604,アガサ＝クリスティ推理・探偵小説集,１,アガサ＝クリスティ推理・探偵小説集,児童書,児童文庫,児童文庫,偕成社文庫,偕成社,アガサ・クリスティ,偕成社文庫
9784863894266,猫のダヤン　ダヤンとタシルの王子,４,猫のダヤン,児童書,児童文庫,児童文庫,静山社ペガサス文庫,静山社,池田あきこ,静山社ペガサス文庫
9784863893382,ビースト・クエスト　雪獣ナヌーク,５,ビースト・クエスト,児童書,児童文庫,児童文庫,静山社ペガサス文庫,静山社,アダム・ブレード,静山社ペガサス文庫
9784863894297,猫のダヤン　ダヤン、タシルに帰る,７,猫のダヤン,児童書,児童文庫,児童文庫,静山社ペガサス文庫,静山社,池田あきこ,静山社ペガサス文庫
9784834018479,くらやみの谷の小人たち,,くらやみの谷の小人たち,児童書,児童文庫,児童文庫,福音館文庫,福音館書店,いぬいとみこ,福音館文庫
9784036522705,バスカビル家の犬,,バスカビル家の犬,児童書,児童文庫,児童文庫,偕成社文庫,偕成社,コナン・ドイル,偕成社文庫
9784036525003,私のアンネ＝フランク,,私のアンネ＝フランク,児童書,児童文庫,児童文庫,偕成社文庫,偕成社,松谷みよ子,偕成社文庫
9784036517206,ようこそ、おまけの時間に,,ようこそ、おまけの時間に,児童書,児童文庫,児童文庫,偕成社文庫,偕成社,岡田淳,偕成社文庫
9784834006452,銀のほのおの国,,銀のほのおの国,児童書,児童文庫,児童文庫,福音館文庫,福音館書店,神沢利子,福音館文庫
9784036525607,カリオストロ伯爵夫人,,カリオストロ伯爵夫人,児童書,児童文庫,児童文庫,偕成社文庫,偕成社,モーリス・ルブラン,偕成社文庫
9784834021356,この湖にボート禁止,,この湖にボート禁止,児童書,児童文庫,児童文庫,福音館文庫,福音館書店,ジェフリー・トリーズ,福音館文庫
9784834021561,吸血鬼の花よめ,,吸血鬼の花よめ,児童書,児童文庫,児童文庫,福音館文庫,福音館書店,八百板洋子,福音館文庫
9784863895874,悪ガキ７　いたずらｔｗｉｎｓのおかしな事件簿,,悪ガキ７　いたずらｔｗｉｎｓのおかしな事件簿,児童書,児童文庫,児童文庫,静山社ペガサス文庫,静山社,宗田理,静山社ペガサス文庫
9784863895423,オペラ座の幽霊　ルイスと不思議の時計６,,オペラ座の幽霊　ルイスと不思議の時計６,児童書,児童文庫,児童文庫,静山社ペガサス文庫,静山社,ジョン・ベレアーズ,静山社ペガサス文庫
9784863894754,バーティミアス　ゴーレムの眼（下）,６,バーティミアス,児童書,児童文庫,児童文庫,静山社ペガサス文庫,静山社,ジョナサン・ストラウド,静山社ペガサス文庫
9784035512004,手にえがかれた物語,,手にえがかれた物語,児童書,児童文庫,児童文庫,偕成社文庫,偕成社,岡田淳,偕成社文庫
9784863893436,ビースト・クエスト　黄金の鎧編　蛇男ヴィペロ,１０,ビースト・クエスト,児童書,児童文庫,児童文庫,静山社ペガサス文庫,静山社,アダム・ブレード,静山社ペガサス文庫
9784834019315,子どもを食べる大きな木の話,,子どもを食べる大きな木の話,児童書,児童文庫,児童文庫,福音館文庫,福音館書店,レオポルド・ショヴォー,福音館文庫
9784834021554,三つのミント・キャンディー,,三つのミント・キャンディー,児童書,児童文庫,児童文庫,福音館文庫,福音館書店,ロベール・サバティエ,福音館文庫
9784036515004,小公子,,小公子,児童書,児童文庫,児童文庫,偕成社文庫,偕成社,フランシス・ホジソン・バーネット,偕成社文庫
9784036514205,奇岩城,,奇岩城,児童書,児童文庫,児童文庫,偕成社文庫,偕成社,モーリス・ルブラン,偕成社文庫
9784863896284,水色の不思議　斉藤洋のゴースト・ストリート２,,水色の不思議　斉藤洋のゴースト・ストリート２,児童書,児童文庫,児童文庫,静山社ペガサス文庫,静山社,斉藤洋,静山社ペガサス文庫
9784834018110,トンカチと花将軍,,トンカチと花将軍,児童書,児童文庫,児童文庫,福音館文庫,福音館書店,舟崎克彦,福音館文庫
9784834005936,雪の夜に語りつぐ,,雪の夜に語りつぐ,児童書,児童文庫,児童文庫,福音館文庫,福音館書店,笠原政雄,福音館文庫
9784036524600,しろばんば,,しろばんば,児童書,児童文庫,児童文庫,偕成社文庫,偕成社,井上靖,偕成社文庫
9784036514304,オズの魔法使い,,オズの魔法使い,児童書,児童文庫,児童文庫,偕成社文庫,偕成社,ライマン・フランク・ボーム,偕成社文庫
9784863893399,ビースト・クエスト　炎鳥エポス,６,ビースト・クエスト,児童書,児童文庫,児童文庫,静山社ペガサス文庫,静山社,アダム・ブレード,静山社ペガサス文庫
9784863893375,ビースト・クエスト　馬人テーガス,４,ビースト・クエスト,児童書,児童文庫,児童文庫,静山社ペガサス文庫,静山社,アダム・ブレード,静山社ペガサス文庫
9784863894730,バーティミアス　ゴーレムの眼（上）,４,バーティミアス,児童書,児童文庫,児童文庫,静山社ペガサス文庫,静山社,ジョナサン・ストラウド,静山社ペガサス文庫
9784036522309,死のハーブほか　アガサ・クリスティ推理コレクション４,,死のハーブ,児童書,児童文庫,児童文庫,偕成社文庫,偕成社,アガサ・クリスティ,偕成社文庫
9784834081350,黒いお姫さま,,黒いお姫さま,児童書,児童文庫,児童文庫,福音館文庫,福音館書店,ヴィルヘルム・ブッシュ,福音館文庫
9784036519309,ムンジャクンジュは毛虫じゃない,,ムンジャクンジュは毛虫じゃない,児童書,児童文庫,児童文庫,偕成社文庫,偕成社,岡田淳,偕成社文庫
9784036524105,ぼくのお姉さん,,ぼくのお姉さん,児童書,児童文庫,児童文庫,偕成社文庫,偕成社,丘修三,偕成社文庫
9784863894747,バーティミアス　ゴーレムの眼（中）,５,バーティミアス,児童書,児童文庫,児童文庫,静山社ペガサス文庫,静山社,ジョナサン・ストラウド,静山社ペガサス文庫
9784035511908,ポアンアンのにおい,,ポアンアンのにおい,児童書,児童文庫,児童文庫,偕成社文庫,偕成社,岡田淳,偕成社文庫
9784834082517,水はみどろの宮,,水はみどろの宮,児童書,児童文庫,児童文庫,福音館文庫,福音館書店,石牟礼道子,福音館文庫
9784035507109,ごんぎつね,,ごんぎつね,児童書,児童文庫,児童文庫,偕成社文庫,偕成社,新美南吉,偕成社文庫
9784035509103,リクエストは星の話,,リクエストは星の話,児童書,児童文庫,児童文庫,偕成社文庫,偕成社,岡田淳,偕成社文庫
9784834020809,北の森の十二か月（下）,,北の森の十二か月,児童書,児童文庫,児童文庫,福音館文庫,福音館書店,ニコライ・イヴァノヴィチ・スラトコフ,福音館文庫
9784834020793,北の森の十二か月（上）,,北の森の十二か月,児童書,児童文庫,児童文庫,福音館文庫,福音館書店,ニコライ・スラトコフ,福音館文庫
9784036518708,アンの青春　下,,アンの青春,児童書,児童文庫,児童文庫,偕成社文庫,偕成社,ルーシー・モード・モンゴメリ,偕成社文庫
9784036521401,モロー博士の島,,モロー博士の島,児童書,児童文庫,児童文庫,偕成社文庫,偕成社,ハーバート・ジョージ・ウェルズ,偕成社文庫
9784834019179,ズボン船長さんの話,,ズボン船長さんの話,児童書,児童文庫,児童文庫,福音館文庫,福音館書店,角野栄子,福音館文庫
9784038501302,少女アンネその足跡,,少女アンネその足跡,児童書,児童文庫,児童文庫,偕成社文庫,偕成社,エルンスト・シュ,偕成社文庫
9784035510703,ばらいろの童話集　ラング世界童話全集２＜改訂版＞,,ばらいろの童話集　ラング世界童話全集２＜改訂版＞,児童書,児童文庫,児童文庫,偕成社文庫,偕成社,アンドルー・ラング,偕成社文庫
9784035510901,きいろの童話集　ラング世界童話全集４＜改訂版＞,,きいろの童話集　ラング世界童話全集４＜改訂版＞,児童書,児童文庫,児童文庫,偕成社文庫,偕成社,アンドルー・ラング,偕成社文庫
9784863894686,魔法の指輪　ルイスと不思議の時計３,,魔法の指輪　ルイスと不思議の時計３,児童書,児童文庫,児童文庫,静山社ペガサス文庫,静山社,ジョン・ベレアーズ,静山社ペガサス文庫
9784863895577,橋の下の怪物　ルイスと不思議の時計８,,橋の下の怪物　ルイスと不思議の時計８,児童書,児童文庫,児童文庫,静山社ペガサス文庫,静山社,ジョン・ベレアーズ,静山社ペガサス文庫
9784834021738,レクトロ物語,,レクトロ物語,児童書,児童文庫,児童文庫,福音館文庫,福音館書店,ライナー・チムニク,福音館文庫
9784834023329,ゆびぬき小路の秘密,,ゆびぬき小路の秘密,児童書,児童文庫,児童文庫,福音館文庫,福音館書店,小風さち,福音館文庫
9784834006315,流れのほとり,,流れのほとり,児童書,児童文庫,児童文庫,福音館文庫,福音館書店,神沢利子,福音館文庫
9784834006629,シモンとクリスマスねこ,,シモンとクリスマスねこ,児童書,児童文庫,児童文庫,福音館文庫,福音館書店,レギーネ・シントラー,福音館文庫
9784038506703,阿Ｑ正伝,,阿Ｑ正伝,児童書,児童文庫,児童文庫,偕成社文庫,偕成社,魯迅,偕成社文庫
9784035511601,さくらいろの童話集　ラング世界童話全集＜改訂版＞１１,,さくらいろの童話集　ラング世界童話全集＜改訂版＞１１,児童書,児童文庫,児童文庫,偕成社文庫,偕成社,アンドルー・ラング,偕成社文庫
9784036526109,白いおうむの森,,白いおうむの森,児童書,児童文庫,児童文庫,偕成社文庫,偕成社,安房直子,偕成社文庫
9784863895454,魔法博物館の謎　ルイスと不思議の時計７,,魔法博物館の謎　ルイスと不思議の時計７,児童書,児童文庫,児童文庫,静山社ペガサス文庫,静山社,ジョン・ベレアーズ,静山社ペガサス文庫
9784036518609,アンの青春　上,,アンの青春,児童書,児童文庫,児童文庫,偕成社文庫,偕成社,ルーシー・モード・モンゴメリ,偕成社文庫
9784834023022,半分のふるさと　私が日本にいたときのこと,,半分のふるさと　私が日本にいたときのこと,児童書,児童文庫,児童文庫,福音館文庫,福音館書店,イサンクム,福音館文庫
9784036506408,アンデルセン童話集　マッチ売りの少女ほか,２,アンデルセン童話集　マッチ売りの少女ほか,児童書,児童文庫,児童文庫,偕成社文庫,偕成社,ハンス・クリスチャン・アンデルセン,
9784036520206,二年間の休暇　上,,二年間の休暇,児童書,児童文庫,児童文庫,偕成社文庫,偕成社,ジュール・ヴェルヌ,偕成社文庫
9784036522804,恐怖の谷,,恐怖の谷,児童書,児童文庫,児童文庫,偕成社文庫,偕成社,コナン・ドイル,偕成社文庫
9784863893405,ビースト・クエスト　黄金の鎧編　怪物イカゼファー,７,ビースト・クエスト,児童書,児童文庫,児童文庫,静山社ペガサス文庫,静山社,アダム・ブレード,静山社ペガサス文庫
9784036515103,三銃士　上,,三銃士　上,児童書,児童文庫,児童文庫,偕成社文庫,偕成社,アレクサンドル・デュマ・ペール,偕成社文庫
9784036515301,三銃士　下,,三銃士　下,児童書,児童文庫,児童文庫,偕成社文庫,偕成社,アレクサンドル・デュマ・ペール,
9784036511402,子鹿物語　下,,子鹿物語　下,児童書,児童文庫,児童文庫,偕成社文庫,偕成社,マ－ジョリ－・キンナン・ロ－リングズ,偕成社文庫
9784036515400,幸福の王子　オスカー＝ワイルド童話集,,幸福の王子　オスカー＝ワイルド童話集,児童書,児童文庫,児童文庫,偕成社文庫,偕成社,オスカー・ワイルド,偕成社文庫
9784038503603,シェイクスピア物語（下）,,シェイクスピア物語,児童書,児童文庫,児童文庫,偕成社文庫,偕成社,チャールズ・ラム,偕成社文庫
9784036515905,多毛留／おとなになれなかった弟たちに・・・,,多毛留,児童書,児童文庫,児童文庫,偕成社文庫,偕成社,米倉斉加年,偕成社文庫
9784863893894,ビースト・クエスト　黄金の鎧編　三頭ライオントリリオン,１２,ビースト・クエスト,児童書,児童文庫,児童文庫,静山社ペガサス文庫,静山社,アダム・ブレード,静山社ペガサス文庫
9784036526307,セレンディップの三人の王子たち　ペルシアのおとぎ話,,セレンディップの三人の王子たち　ペルシア,児童書,児童文庫,児童文庫,偕成社文庫,偕成社,竹内慶夫,偕成社文庫
9784834027037,愛の一家　あるドイツの冬物語,,愛の一家　あるドイツの冬物語,児童書,児童文庫,児童文庫,福音館文庫,福音館書店,アグネス・ザッパー,福音館文庫
9784036512201,エドガー＝アラン＝ポー怪奇・探偵小説集,１,エドガー＝アラン＝ポー怪奇・探偵小説集,児童書,児童文庫,児童文庫,偕成社文庫,偕成社,エドガー・アラン・ポー,偕成社文庫
9784863893412,ビースト・クエスト　黄金の鎧編　大猿クロウ,８,ビースト・クエスト,児童書,児童文庫,児童文庫,静山社ペガサス文庫,静山社,アダム・ブレード,静山社ペガサス文庫
9784035507307,イソップ童話　下,,イソップ童話,児童書,児童文庫,児童文庫,偕成社文庫,偕成社,Ｈ・ホルダ－,偕成社文庫
9784863893870,ビースト・クエスト　黄金の鎧編　巨大グモアラクニド,１１,ビースト・クエスト,児童書,児童文庫,児童文庫,静山社ペガサス文庫,静山社,アダム・ブレード,静山社ペガサス文庫
9784036515202,三銃士　中,,三銃士　中,児童書,児童文庫,児童文庫,偕成社文庫,偕成社,アレクサンドル・デュマ・ペール,
9784863895355,魔女狩り人の復讐　ルイスと不思議の時計５,,魔女狩り人の復讐　ルイスと不思議の時計５,児童書,児童文庫,児童文庫,静山社ペガサス文庫,静山社,ジョン・ベレアーズ,静山社ペガサス文庫
9784036520305,二年間の休暇　下,,二年間の休暇,児童書,児童文庫,児童文庫,偕成社文庫,偕成社,ジュール・ヴェルヌ,偕成社文庫
9784863894495,マザーツリー,,マザーツリー,児童書,児童文庫,児童文庫,静山社ペガサス文庫,静山社,Ｃ・Ｗ・ニコル,静山社ペガサス文庫
9784834022193,パディントンのラストダンス　パディントンの本９,,パディントンのラストダンス　パディントンの本９,児童書,児童文庫,児童文庫,福音館文庫,福音館書店,マイケル・ボンド,福音館文庫
9784036513000,小公女　上,,小公女,児童書,児童文庫,児童文庫,偕成社文庫,偕成社,フランシス・ホジソン・バーネット,偕成社文庫
9784035510802,そらいろの童話集　ラング世界童話全集３＜改訂版＞,,そらいろの童話集　ラング世界童話全集３＜改訂版＞,児童書,児童文庫,児童文庫,偕成社文庫,偕成社,アンドルー・ラング,偕成社文庫
9784863893429,ビースト・クエスト　黄金の鎧編　石魔女ソルトラ,９,ビースト・クエスト,児童書,児童文庫,児童文庫,静山社ペガサス文庫,静山社,アダム・ブレード,静山社ペガサス文庫
9784035505907,ミス３年２組のたんじょう会,,ミス３年２組のたんじょう会,児童書,児童文庫,児童文庫,偕成社文庫,偕成社,大石真,偕成社文庫
9784036511303,子鹿物語　中,,子鹿物語　中,児童書,児童文庫,児童文庫,偕成社文庫,偕成社,マ－ジョリ－・キンナン・ロ－リングズ,偕成社文庫
9784834080377,犬のバルボッシュ,,犬のバルボッシュ,児童書,児童文庫,児童文庫,福音館文庫,福音館書店,アンリ・ボスコ,福音館文庫
9784036511204,子鹿物語　上,,子鹿物語　上,児童書,児童文庫,児童文庫,偕成社文庫,偕成社,マ－ジョリ－・キンナン・ロ－リングズ,
9784035511304,あかいろの童話集　ラング世界童話全集８＜改訂版＞,,あかいろの童話集　ラング世界童話全集８＜改訂版＞,児童書,児童文庫,児童文庫,偕成社文庫,偕成社,アンドルー・ラング,偕成社文庫
9784036512805,クオレ　上,,クオレ,児童書,児童文庫,児童文庫,偕成社文庫,偕成社,エドモンド・デ・,偕成社文庫
9784036514106,ルパンの冒険,,ルパンの冒険,児童書,児童文庫,児童文庫,偕成社文庫,偕成社,モーリス・ルブラン,偕成社文庫
9784834021899,ソーグのひと夏　オリヴィエ少年の物語３,,ソーグのひと夏　オリヴィエ少年の物語３,児童書,児童文庫,児童文庫,福音館文庫,福音館書店,ロベール・サバティエ,福音館文庫
9784036513109,小公女　下,,小公女,児童書,児童文庫,児童文庫,偕成社文庫,偕成社,フランシス・ホジソン・バーネット,偕成社文庫
9784036512904,クオレ　下,,クオレ　下,児童書,児童文庫,児童文庫,偕成社文庫,偕成社,エドモンド・デ・,偕成社文庫
9784036502806,ハックルベリー＝フィンの冒険（下）,,ハックルベリー＝フィンの冒険,児童書,児童文庫,児童文庫,偕成社文庫,偕成社,マーク・トウェイン,偕成社文庫
9784834022780,第八森の子どもたち,,第八森の子どもたち,児童書,児童文庫,児童文庫,福音館文庫,福音館書店,エルス・ペルフロム,福音館文庫
9784834018837,太陽の木の枝,,太陽の木の枝,児童書,児童文庫,児童文庫,福音館文庫,福音館書店,Ｊ．フィツォフスキ,福音館文庫
9784035508700,少年探偵ブラウン,５,少年探偵ブラウン,児童書,児童文庫,児童文庫,偕成社文庫,偕成社,ドナルド・ソボル,偕成社文庫
9784036517404,ジャングル・ブック　オオカミ少年モウグリの物語,２,ジャングル・ブック,児童書,児童文庫,児童文庫,偕成社文庫,偕成社,ラドヤード・キプリング,偕成社文庫
9784863896291,モノクロームの不思議　斉藤洋のゴースト・ストリート３,,モノクロームの不思議　斉藤洋のゴースト・ストリート３,児童書,児童文庫,児童文庫,静山社ペガサス文庫,静山社,斉藤洋,静山社ペガサス文庫
9784036525201,牧師館の殺人　ミス・マープル最初の事件,,牧師館の殺人　ミス・マープル最初の事件,児童書,児童文庫,児童文庫,偕成社文庫,偕成社,アガサ・クリスティ,偕成社文庫
9784035507208,イソップ童話（上）,,イソップ童話,児童書,児童文庫,児童文庫,偕成社文庫,偕成社,Ｈ・ホルダ－,偕成社文庫
9784834008777,へくそ花も花盛り,,へくそ花も花盛り,児童書,児童文庫,児童文庫,福音館文庫,福音館書店,大道あや,福音館文庫
9784036512300,エドガー＝アラン＝ポー　怪奇・探偵小説集,２,エドガー＝アラン＝ポー　怪奇・探偵小説集,児童書,児童文庫,児童文庫,偕成社文庫,偕成社,エドガー・アラン・ポー,偕成社文庫
9784035508601,少年探偵ブラウン,４,少年探偵ブラウン,児童書,児童文庫,児童文庫,偕成社文庫,偕成社,ドナルド・ソボル,偕成社文庫
9784038505003,ぼくは盲導犬チャンピイ,,ぼくは盲導犬チャンピイ,児童書,児童文庫,児童文庫,偕成社文庫,偕成社,河相洌,偕成社文庫
9784036516902,秘密の花園　上,,秘密の花園　上,児童書,児童文庫,児童文庫,偕成社文庫,偕成社,フランシス・ホジソン・バーネット,偕成社文庫
9784036517008,秘密の花園　下,,秘密の花園　下,児童書,児童文庫,児童文庫,偕成社文庫,偕成社,フランシス・ホジソン・バーネット,偕成社文庫
9784035504108,彦一とんちばなし　下,,彦一とんちばなし　下,児童書,児童文庫,児童文庫,偕成社文庫,偕成社,小山勝清,偕成社文庫
9784035511007,くさいろの童話集　ラング世界童話全集５＜改訂版＞,,くさいろの童話集　ラング世界童話全集５＜改訂版＞,児童書,児童文庫,児童文庫,偕成社文庫,偕成社,アンドルー・ラング,偕成社文庫
9784036508501,グリム童話集,２,グリム童話集,児童書,児童文庫,児童文庫,偕成社文庫,偕成社,ヤーコプ・グリム,偕成社文庫
9784035511502,むらさきいろの童話集　ラング世界童話全集１０＜改訂版＞,,むらさきいろの童話集　ラング世界童話全集１０＜改訂版＞,児童書,児童文庫,児童文庫,偕成社文庫,偕成社,アンドルー・ラング,偕成社文庫
9784038504204,次郎物語,１,次郎物語,児童書,児童文庫,児童文庫,偕成社文庫,偕成社,下村湖人,偕成社文庫
9784035503606,少年探偵ブラウン,２,少年探偵ブラウン,児童書,児童文庫,児童文庫,偕成社文庫,偕成社,ドナルド・Ｊ・ソボル,偕成社文庫
9784834006636,カマキリと月,,カマキリと月,児童書,児童文庫,児童文庫,福音館文庫,福音館書店,マーグリート,福音館文庫
9784834019490,名医ポポタムの話,,名医ポポタムの話,児童書,児童文庫,児童文庫,福音館文庫,福音館書店,レオポルド・ショ,福音館文庫
9784036502707,ハックルベリー＝フィンの冒険（上）,,ハックルベリー＝フィンの冒険,児童書,児童文庫,児童文庫,偕成社文庫,偕成社,マーク・トウェイン,偕成社文庫
9784834021875,だまされたトッケビ,,だまされたトッケビ,児童書,児童文庫,児童文庫,福音館文庫,福音館書店,神谷丹路,福音館文庫
9784834018233,小さな反逆者,,小さな反逆者,児童書,児童文庫,児童文庫,福音館文庫,福音館書店,Ｃ・Ｗ・ニコル,福音館文庫
9784863894990,鏡のなかの幽霊　ルイスと不思議の時計４,,鏡のなかの幽霊　ルイスと不思議の時計４,児童書,児童文庫,児童文庫,静山社ペガサス文庫,静山社,ジョン・ベレアーズ,静山社ペガサス文庫
9784036504503,三太物語,,三太物語,児童書,児童文庫,児童文庫,偕成社文庫,偕成社,青木茂,偕成社文庫
9784834018240,人間だって空を飛べる,,人間だって空を飛べる,児童書,児童文庫,児童文庫,福音館文庫,福音館書店,ヴァージニアハミルトン,福音館文庫
9784036523207,エミリー（中）,,エミリー,児童書,児童文庫,児童文庫,偕成社文庫,偕成社,ルーシー・モード・モンゴメリ,偕成社文庫
9784834006421,語りつぐ人びと・インドの民話,,語りつぐ人びと・インドの民話,児童書,児童文庫,児童文庫,福音館文庫,福音館書店,長弘毅,福音館文庫
9784038501906,コタンの口笛　第２部　光の歌　上,,コタンの口笛　第２部　光の歌　上,児童書,児童文庫,児童文庫,偕成社文庫,偕成社,石森延男,偕成社文庫
9784834005851,冬のデナリ,,冬のデナリ,児童書,児童文庫,児童文庫,福音館文庫,福音館書店,西前四郎,福音館文庫
9784834021264,ぞうのドミニク,,ぞうのドミニク,児童書,児童文庫,児童文庫,福音館文庫,福音館書店,ルドウィク・Ｊ．ケルン,福音館文庫
9784038501807,コタンの口笛　第１部　あらしの歌　下,,コタンの口笛　第１部　あらしの歌　下,児童書,児童文庫,児童文庫,偕成社文庫,偕成社,石森延男,偕成社文庫
9784035510000,日本のむかし話＜新版＞　浦島太郎ほか全１７編,３,日本のむかし話＜新版＞,児童書,児童文庫,児童文庫,偕成社文庫,偕成社,坪田譲治,偕成社文庫
9784036516605,最後のひと葉,,最後のひと葉,児童書,児童文庫,児童文庫,偕成社文庫,偕成社,オー・ヘンリー,偕成社文庫
9784036525904,続・８１３　アルセーヌ・ルパン,,続・８１３　アルセーヌ・ルパン,児童書,児童文庫,児童文庫,偕成社文庫,偕成社,モーリス・ルブラン,偕成社文庫
9784036501502,柿の木のある家,,柿の木のある家,児童書,児童文庫,児童文庫,偕成社文庫,偕成社,壺井栄,偕成社文庫
9784834024586,お父さんのラッパばなし,,お父さんのラッパばなし,児童書,児童文庫,児童文庫,福音館文庫,福音館書店,瀬田貞二,福音館文庫
9784035511403,みずいろの童話集　ラング世界童話全集９＜改訂版＞,,みずいろの童話集　ラング世界童話全集９＜改訂版＞,児童書,児童文庫,児童文庫,偕成社文庫,偕成社,アンドルー・ラング,偕成社文庫
9784035511205,ねずみいろの童話集　ラング世界童話全集７＜改訂版＞,,ねずみいろの童話集　ラング世界童話全集７＜改訂版＞,児童書,児童文庫,児童文庫,偕成社文庫,偕成社,アンドルー・ラング,偕成社文庫
9784036523108,エミリー　上,,エミリー,児童書,児童文庫,児童文庫,偕成社文庫,偕成社,ルーシー・モード・モンゴメリ,偕成社文庫
9784834019827,つる姫,,つる姫,児童書,児童文庫,児童文庫,福音館文庫,福音館書店,阿久根治子,福音館文庫
9784036519101,アンの愛情　上,,アンの愛情,児童書,児童文庫,児童文庫,偕成社文庫,偕成社,ルーシー・モード・モンゴメリ,偕成社文庫
9784834014426,エルマーとりゅう,,エルマーとりゅう,児童書,児童文庫,児童文庫,福音館文庫,福音館書店,ルース・スタイルス・ガネット,
9784035506904,りゅうのたまご,,りゅうのたまご,児童書,児童文庫,児童文庫,偕成社文庫,偕成社,佐藤さとる,偕成社文庫
9784834021318,ラバ通りの人びと,,ラバ通りの人びと,児童書,児童文庫,児童文庫,福音館文庫,福音館書店,ロベール・サバティエ,福音館文庫
9784038502804,ジェニーの肖像,,ジェニーの肖像,児童書,児童文庫,児童文庫,偕成社文庫,偕成社,ロバ－ト・ネイサン,偕成社文庫
9784834022155,キルディー小屋のアライグマ,,キルディー小屋のアライグマ,児童書,児童文庫,児童文庫,福音館文庫,福音館書店,ラザフォード・モンゴメリ,福音館文庫
9784038504006,啄木歌集,,啄木歌集,児童書,児童文庫,児童文庫,偕成社文庫,偕成社,石川啄木,偕成社文庫
9784834021530,積みすぎた箱舟,,積みすぎた箱舟,児童書,児童文庫,児童文庫,福音館文庫,福音館書店,ジェラルド・ダレル,福音館文庫
9784036527304,シュレミールと小さな潜水艦,,シュレミールと小さな潜水艦,児童書,児童文庫,児童文庫,偕成社文庫,偕成社,斉藤洋,偕成社文庫
9784036519200,アンの愛情　下,,アンの愛情,児童書,児童文庫,児童文庫,偕成社文庫,偕成社,ルーシー・モード・モンゴメリ,偕成社文庫
9784035510505,日本のむかし話＜新版＞　桃太郎ほか全２１編,８,日本のむかし話＜新版＞,児童書,児童文庫,児童文庫,偕成社文庫,偕成社,坪田譲治,偕成社文庫
9784035510109,日本のむかし話＜新版＞　ツルの恩がえしほか全１８編,４,日本のむかし話＜新版＞,児童書,児童文庫,児童文庫,偕成社文庫,偕成社,坪田譲治,偕成社文庫
9784038502002,コタンの口笛　第２部　光の歌　下,,コタンの口笛　第２部　光の歌　下,児童書,児童文庫,児童文庫,偕成社文庫,偕成社,石森延男,偕成社文庫
9784035508205,なんだかへんて子,,なんだかへんて子,児童書,児童文庫,児童文庫,偕成社文庫,偕成社,山中恒,偕成社文庫
9784036522507,緋色の研究,,緋色の研究,児童書,児童文庫,児童文庫,偕成社文庫,偕成社,コナン・ドイル,偕成社文庫
9784035503705,少年たんていブラウン,３,少年たんていブラウン,児童書,児童文庫,児童文庫,偕成社文庫,偕成社,ドナルド・Ｊ・ソボル,偕成社文庫
9784863894761,バーティミアス　プトレマイオスの門（上）,７,バーティミアス　プトレマイオスの門,児童書,児童文庫,児童文庫,静山社ペガサス文庫,静山社,ジョナサン・ストラウド,静山社ペガサス文庫
9784863894785,バーティミアス　プトレマイオスの門（下）,９,バーティミアス　プトレマイオスの門,児童書,児童文庫,児童文庫,静山社ペガサス文庫,静山社,ジョナサン・ストラウド,静山社ペガサス文庫
9784035504306,ひめゆりの少女たち,,ひめゆりの少女たち,児童書,児童文庫,児童文庫,偕成社文庫,偕成社,那須田稔,偕成社文庫
9784038501708,コタンの口笛　第１部　あらしの歌　上,,コタンの口笛　第１部,児童書,児童文庫,児童文庫,偕成社文庫,偕成社,石森延男,偕成社文庫
9784036523306,エミリー　下,,エミリー,児童書,児童文庫,児童文庫,偕成社文庫,偕成社,ルーシー・モード・モンゴメリ,偕成社文庫
9784036525805,８１３　アルセーヌ・ルパン,,８１３　アルセーヌ・ルパン,児童書,児童文庫,児童文庫,偕成社文庫,偕成社,モーリス・ルブラン,偕成社文庫
9784863894778,バーティミアス　プトレマイオスの門（中）,８,バーティミアス　プトレマイオスの門,児童書,児童文庫,児童文庫,静山社ペガサス文庫,静山社,ジョナサン・ストラウド,静山社ペガサス文庫
9784038501609,車輪の下,,車輪の下,児童書,児童文庫,児童文庫,偕成社文庫,偕成社,ヘルマン・ヘッセ,偕成社文庫
9784036526406,テラビシアにかける橋,,テラビシアにかける橋,児童書,児童文庫,児童文庫,偕成社文庫,偕成社,キャサリン・パターソン,偕成社文庫
9784036508600,グリム童話集,３,グリム童話集,児童書,児童文庫,児童文庫,偕成社文庫,偕成社,ヤーコプ・グリム,偕成社文庫
9784035510208,日本のむかし話＜新版＞　こぶとりじいさんほか全１９編,５,日本のむかし話＜新版＞,児童書,児童文庫,児童文庫,偕成社文庫,偕成社,坪田譲治,偕成社文庫
9784834006346,いっすんぼうしの話,,いっすんぼうしの話,児童書,児童文庫,児童文庫,福音館文庫,福音館書店,レオポルド・ショ,福音館文庫
9784038504303,次郎物語　第２部,,次郎物語　第２部,児童書,児童文庫,児童文庫,偕成社文庫,偕成社,下村湖人,
9784036504107,砂時計,,砂時計,児童書,児童文庫,児童文庫,偕成社文庫,偕成社,岡野薫子,偕成社文庫
9784834019018,アライグマ博士と仲間たち,,アライグマ博士と仲間たち,児童書,児童文庫,児童文庫,福音館文庫,福音館書店,ベン・ル－シャン,福音館文庫
9784036507504,王子とこじき（下）,,王子とこじき　下,児童書,児童文庫,児童文庫,偕成社文庫,偕成社,マーク・トウェイン,偕成社文庫
9784038500305,ひとすじの道,１,ひとすじの道,児童書,児童文庫,児童文庫,偕成社文庫,偕成社,丸岡秀子,偕成社文庫
9784038505300,大地の園　ロマンの門　第３部,,大地の園　ロマンの門　第３部,児童書,児童文庫,児童文庫,偕成社文庫,偕成社,打木村治,
9784036524204,天保の人びと,,天保の人びと,児童書,児童文庫,児童文庫,偕成社文庫,偕成社,かつおきんや,偕成社文庫
9784035510406,日本のむかし話＜新版＞　花さかじじいほか全２１編,７,日本のむかし話＜新版＞,児童書,児童文庫,児童文庫,偕成社文庫,偕成社,坪田譲治,偕成社文庫
9784036514601,若草物語（上）,,若草物語,児童書,児童文庫,児童文庫,偕成社文庫,偕成社,ルイザ・メイ・オルコット,偕成社文庫
9784036507405,王子とこじき（上）,,王子とこじき　上,児童書,児童文庫,児童文庫,偕成社文庫,偕成社,マーク・トウェイン,偕成社文庫
9784036523009,いじめっ子,,いじめっ子,児童書,児童文庫,児童文庫,偕成社文庫,偕成社,ジュディ・ブル－ム,偕成社文庫
9784038505102,大地の園　学びの門　第１部,,大地の園　学びの門　第１部,児童書,児童文庫,児童文庫,偕成社文庫,偕成社,打木村治,
9784035509301,ヒルベルという子がいた,,ヒルベルという子がいた,児童書,児童文庫,児童文庫,偕成社文庫,偕成社,ペーター・ヘルトリング,偕成社文庫
9784834014433,エルマーと１６ぴきのりゅう,,エルマーと１６ぴきのりゅう,児童書,児童文庫,児童文庫,福音館文庫,福音館書店,ルース・スタイルス・ガネット,
9784834020748,ミス・ヒッコリーと森のなかまたち,,ミス・ヒッコリーと森のなかまたち,児童書,児童文庫,児童文庫,福音館文庫,福音館書店,キャロライン・シャーウィン・ベイリー,福音館文庫
9784834018431,フクロウ物語,,フクロウ物語,児童書,児童文庫,児童文庫,福音館文庫,福音館書店,モーリー・パ,福音館文庫
9784035511106,ちゃいろの童話集　ラング世界童話全集６＜改訂版＞,,ちゃいろの童話集　ラング世界童話全集６＜改訂版＞,児童書,児童文庫,児童文庫,偕成社文庫,偕成社,アンドルー・ラング,偕成社文庫
9784035510307,日本のむかし話＜新版＞　わらしべ長者ほか全１７編,６,日本のむかし話＜新版＞,児童書,児童文庫,児童文庫,偕成社文庫,偕成社,坪田譲治,偕成社文庫
9784834006414,語りつぐ人びと・アフリカの民話,,語りつぐ人びと・アフリカの民話,児童書,児童文庫,児童文庫,福音館文庫,福音館書店,江口一久,福音館文庫
9784036508105,サインのない手紙,,サインのない手紙,児童書,児童文庫,児童文庫,偕成社文庫,偕成社,砂田弘,偕成社文庫
9784038505409,大地の園　知と愛の門　第４部,,大地の園　知と愛の門　第４部,児童書,児童文庫,児童文庫,偕成社文庫,偕成社,打木村治,
9784834037951,文庫・魔女の宅急便　３点セット,,文庫・魔女の宅急便　３点セット,児童書,児童文庫,児童文庫,福音館文庫,福音館書店,,
9784038505201,大地の園　多感の門　第２部,,大地の園　多感の門　第２部,児童書,児童文庫,児童文庫,偕成社文庫,偕成社,打木村治,
9784036525300,屋根裏部屋の秘密,,屋根裏部屋の秘密,児童書,児童文庫,児童文庫,偕成社文庫,偕成社,松谷みよ子,偕成社文庫
9784035511700,くじゃくいろの童話集　ラング世界童話全集＜改訂版＞１２,,くじゃくいろの童話集　ラング世界童話全集＜改訂版＞１２,児童書,児童文庫,児童文庫,偕成社文庫,偕成社,アンドルー・ラング,偕成社文庫
9784036524907,なぜエヴァンズにいわない？,,なぜエヴァンズにいわない？,児童書,児童文庫,児童文庫,偕成社文庫,偕成社,アガサ・クリスティ,偕成社文庫
9784036507306,夕鶴　彦市ばなし,,夕鶴　彦市ばなし,児童書,児童文庫,児童文庫,偕成社文庫,偕成社,木下順二,偕成社文庫
9784036514403,ポリアンナの青春,,ポリアンナの青春,児童書,児童文庫,児童文庫,偕成社文庫,偕成社,エレナ・ポーター,偕成社文庫
9784035509905,日本のむかし話＜新版＞　かちかち山ほか全１７編,２,日本のむかし話＜新版＞,児童書,児童文庫,児童文庫,偕成社文庫,偕成社,坪田譲治,偕成社文庫
9784036527403,海にかがやく,,海にかがやく,児童書,児童文庫,児童文庫,偕成社文庫,偕成社,斉藤洋,偕成社文庫
