,JAN,SHOSINM,KANSU,ITMCD,DAIGENRECD,CHUGENRECD,SHOGENRECD,SIKIRIBANCD,ITMNM,DAIGENRENM,CHUGENRENM,SHOGENRENM,SIKIRIBANNM,CHOSHANM,SHPNSHACD,SHPNSHANM,SAKUHINCD,SAKUHINNM,SOSHONM,HATUBAIYMD,ANNUAL_SALES,SERIESNM,seriesnm_candidate
0,9784046322173,ジュニア　空想科学読本,２５,1076,16,55,1,15,書籍,児童書,児童文庫,児童文庫,角川つばさ文庫,柳田理科雄,4,ＫＡＤＯＫＡＷＡ,42475688.0,ジュニア　空想科学読本,角川つばさ文庫,20221214,2628,,
1,9784041125694,きょうりゅうかくれんぼ,,1076,16,7,4,1,書籍,児童書,絵本,さがしもの絵本,さがしもの絵本,聞かせ屋。けいたろう,4,ＫＡＤＯＫＡＷＡ,43360531.0,きょうりゅうかくれんぼ,,20221004,8029,,
2,9784577051061,ブンブーン！バイキンメカ,,1076,16,21,1,1,書籍,児童書,キャラクター絵本,キャラクター絵本,アンパンマン,やなせたかし,577,フレーベル館,43376238.0,ブンブーン！バイキンメカ,［バラエティ］　アンパンマンタイヤえほん,20221021,1078,アンパンマンタイヤえほん,
3,9784577051054,ゴーゴー！アンパンマンごう,,1076,16,21,1,1,書籍,児童書,キャラクター絵本,キャラクター絵本,アンパンマン,やなせたかし,577,フレーベル館,43365400.0,アンパンマンタイヤえほん,［バラエティ］　アンパンマンタイヤえほん,20221021,2108,アンパンマンタイヤえほん,
4,9784865492873,はたらくくるま,,1076,16,11,2,1,書籍,児童書,幼児絵本,ファーストブック,ファーストブック,伊藤アキラ,86549,ひさかたチャイルド,43373876.0,はたらくくるま,,20221215,1061,,
5,9784092592117,ドラえもん探究ワールド　ねむりと夢のふしぎ,,1076,16,71,1,21,書籍,児童書,学習百科,学習百科,ドラえもんの学習シリ－ズ,藤子・Ｆ・不二雄,9,小学館,43383706.0,ドラえもん探究ワールド　ねむりと夢のふしぎ,ビッグ・コロタン,20221207,4103,ビッグコロタン,
6,9784097353485,ぷしゅぷしゅの　こんにちは！,,1076,16,21,1,51,書籍,児童書,キャラクター絵本,キャラクター絵本,その他キャラクター,テレビ東京,9,小学館,43380285.0,ぷしゅぷしゅの　こんにちは！,ゆびにんぎょうえほん　シナぷしゅ,20221207,2381,シナぷしゅ,
7,9784097353492,ワンワンの　パンやさん,,1076,16,21,1,51,書籍,児童書,キャラクター絵本,キャラクター絵本,その他キャラクター,ＮＨＫエデュケーショナル,9,小学館,43380286.0,ワンワンの　パンやさん,ゆびにんぎょうえほん　いないいないばあっ！,20221207,1598,ゆびにんぎょうえほん　いないいないばあっ！,
8,9784591175651,トミカコレクション　２０２３,,1076,16,21,1,55,書籍,児童書,キャラクター絵本,キャラクター絵本,超ひみつゲット,タカラトミー,591,ポプラ社,43380018.0,トミカコレクション　２０２３,超ひみつゲット！,20221207,3380,超ひみつゲット,
9,9784591175798,ないしょの未来日記　恋愛ギライな私とフキゲンな王子様,１,1076,16,55,1,91,書籍,児童書,児童文庫,児童文庫,その他児童文庫,高杉六花,591,ポプラ社,43379932.0,ないしょの未来日記　恋愛ギライな私とフキゲンな王子様,ポプラキミノベル　創作,20221207,1396,,
10,9784591175644,きかんしゃトーマス　キャラクターずかん,,1076,16,21,1,55,書籍,児童書,キャラクター絵本,キャラクター絵本,超ひみつゲット,,591,ポプラ社,43380017.0,きかんしゃトーマス　キャラクターずかん,超ひみつゲット！,20221207,2851,超ひみつゲット,
11,9784591175699,ティンクル・セボンスター　アンナと宝石の国の女王様　初回配本限定きらきらペンダントつき,８,1076,16,41,5,5,書籍,児童書,読み物,読み物,低学年読み物,菊田みちよ,591,ポプラ社,42723633.0,ティンクル・セボンスター,,20221214,1121,,
12,9784591175514,おかあさんといっしょ　おうたで　わーい！,,1076,16,15,1,1,書籍,児童書,しかけ絵本,しかけ絵本,音のでる絵本,,591,ポプラ社,43380292.0,おかあさんといっしょ　おうたで　わーい！,,20221209,4414,,
13,9784591175866,かいけつゾロリの　あたまがよくなるボードゲームＢＯＸ,,1076,16,91,1,8,書籍,児童書,グッズ,グッズ,その他ゲーム,原ゆたか,591,ポプラ社,43380293.0,かいけつゾロリの　あたまがよくなるボードゲームＢＯＸ,［バラエティ］,20221209,1483,,
14,9784591175507,いないいないばあっ！　おうたで　わーい！,,1076,16,15,1,1,書籍,児童書,しかけ絵本,しかけ絵本,音のでる絵本,,591,ポプラ社,43380291.0,いないいないばあっ！　おうたで　わーい！,,20221209,3470,,ゆびにんぎょうえほん　いないいないばあっ！
15,9784065301036,仮面ライダーギーツとあそぼう！　レジェンド,,1076,16,35,1,11,書籍,児童書,絵本塔,絵本塔,講談社,講談社,6,講談社,43379298.0,仮面ライダーギーツとあそぼう！　レジェンド,講談社ＭＯＯＫ　テレビマガジンＭＯＯＫ,20221215,6561,講談社ＭＯＯＫ　テレビマガジンＭＯＯＫ,
16,9784591175637,アナと雪の女王まちがいさがし　エルサのプレゼント,,1076,16,21,1,5,書籍,児童書,キャラクター絵本,キャラクター絵本,ディズニー,,591,ポプラ社,43380016.0,アナと雪の女王まちがいさがし　エルサのプレゼント,,20221207,1526,ディズニー,
17,9784591175668,プラレールコレクション　２０２３,,1076,16,21,1,55,書籍,児童書,キャラクター絵本,キャラクター絵本,超ひみつゲット,タカラトミー,591,ポプラ社,43380019.0,プラレールコレクション　２０２３,超ひみつゲット！,20221207,1926,超ひみつゲット,
18,9784591175705,ミオととなりのマーメイド　つながる心でラストマジック！,１２,1076,16,41,5,51,書籍,児童書,読み物,読み物,ファンタジー,ミランダ・ジョーンズ,591,ポプラ社,43380020.0,ミオととなりのマーメイド　つながる心でラストマジック！,,20221207,2053,,
19,9784591175682,かいけつゾロリ　きょうりゅうママをすくえ！,,1076,16,41,5,11,書籍,児童書,読み物,読み物,かいけつゾロリシリーズ,原ゆたか,591,ポプラ社,43379327.0,かいけつゾロリ　きょうりゅうママをすくえ！,かいけつゾロリシリーズ,20221207,11002,,
20,9784774738659,くるくるまわる！ビーだまビッグコースター,,1076,16,91,1,91,書籍,児童書,グッズ,グッズ,その他グッズ,,7747,コスミック出版,43383195.0,くるくるまわる！ビーだまビッグコースター,［バラエティ］,20221213,1154,,
21,9784074521562,きみのこころをつよくする　えほん,,1076,16,7,1,92,書籍,児童書,絵本,国内絵本,国内絵本,足立啓美,7,主婦の友社,43360941.0,きみのこころをつよくする　えほん,,20221004,1291,,
22,9784265809660,妖怪捕物帖乙　冥界彷徨篇　無間地獄は阿鼻の闇４,,1076,16,41,5,5,書籍,児童書,読み物,読み物,低学年読み物,大崎悌造,265,岩崎書店,43363706.0,妖怪捕物帖乙　冥界彷徨篇　無間地獄は阿鼻の闇４,ようかいとりものちょう,20221018,2680,,
23,9784052056727,最強王キャラ図鑑,,1076,16,61,1,91,書籍,児童書,実用百科,実用百科,その他実用百科,国際最強王図鑑協会,5,学研プラス,43375608.0,最強王キャラ図鑑,最強王図鑑シリーズ,20221222,17170,最強王図鑑シリーズ,
24,9784092592100,ドラえもん科学ワールドｓｐｅｃｉａｌ　みんなのためのデジタル入門,,1076,16,71,1,21,書籍,児童書,学習百科,学習百科,ドラえもんの学習シリ－ズ,藤子・Ｆ・不二雄,9,小学館,43363325.0,ドラえもん科学ワールドｓｐｅｃｉａｌ　みんなのためのデジタル入門,ビッグ・コロタン,20221116,5840,ビッグコロタン,
25,9784097504368,てれびくん超ひゃっかシリーズ　ウルトラマンデッカー　デッカー＆ヒーローバトルずかん,,1076,16,21,1,41,書籍,児童書,キャラクター絵本,キャラクター絵本,ヒーロー,間宮尚彦,9,小学館,43378663.0,てれびくん超ひゃっかシリーズ　ウルトラマンデッカー　デッカー＆ヒーローバトルずかん,超ひゃっか,20221116,1345,超ひゃっか,
26,9784198655471,スタジオジブリのヒロインがいっぱい,,1076,16,21,1,35,書籍,児童書,キャラクター絵本,キャラクター絵本,ジブリ,スタジオジブリ,19,徳間書店,43359658.0,スタジオジブリのヒロインがいっぱい,徳間アニメ絵本ミニ,20221015,1165,ジブリ,
27,9784092592094,ドラえもん探究ワールド　本の歴史と未来,,1076,16,71,1,21,書籍,児童書,学習百科,学習百科,ドラえもんの学習シリ－ズ,藤子・Ｆ・不二雄,9,小学館,43370509.0,ドラえもん探究ワールド　本の歴史と未来,ビッグ・コロタン,20221116,2865,ビッグコロタン,
28,9784041126554,どっちが強い！？Ａ　無人島でロボバトル！,２,1076,16,71,5,31,書籍,児童書,学習百科,学習漫画,どっちが強い！？シリーズ,レッドコード,4,ＫＡＤＯＫＡＷＡ,43369333.0,どっちが強い！？Ａ,,20221116,2794,どっちが強い！？シリーズ,
29,9784041126547,どっちが強い！？Ａ　ロボットで入学試験！？,１,1076,16,71,5,31,書籍,児童書,学習百科,学習漫画,どっちが強い！？シリーズ,スライウム,4,ＫＡＤＯＫＡＷＡ,43369333.0,どっちが強い！？Ａ,,20221116,3393,どっちが強い！？シリーズ,
30,9784791631889,ミラクルハピネス　心理テスト１４１２,,1076,16,61,1,21,書籍,児童書,実用百科,実用百科,心理ゲーム・占い,ミラクル心理研究会,7916,西東社,43368800.0,ミラクルハピネス　心理テスト１４１２,,20221015,1953,,
31,9784791631926,ミラクルハピネス　誕生日＆うらない大全,,1076,16,61,1,21,書籍,児童書,実用百科,実用百科,心理ゲーム・占い,ルナ・アヴニール,7916,西東社,43370161.0,ミラクルハピネス　誕生日＆うらない大全,,20221015,1880,,
32,9784522803424,じゃがりこバスボール　りんごのかおり,,1076,16,91,1,91,書籍,児童書,グッズ,グッズ,その他グッズ,,522,永岡書店,43376318.0,じゃがりこバスボール　りんごのかおり,,20221110,5856,,
33,9784522803431,たべっ子どうぶつバスボール　りんごのかおり,１,1076,16,91,1,91,書籍,児童書,グッズ,グッズ,その他グッズ,,522,永岡書店,43376252.0,たべっ子どうぶつバスボール　りんごのかおり,,20221110,4280,,
34,9784522440513,おしえて　おしえて　かわいいの　だぁれ？　こころをはぐくむ　ふれあいえほん,,1076,16,11,2,1,書籍,児童書,幼児絵本,ファーストブック,ファーストブック,うらつかりょうま,522,永岡書店,43380013.0,おしえて　おしえて　かわいいの　だぁれ？　こころをはぐくむ　ふれあいえほん,,20221212,1647,,
35,9784074531738,ゆめみる　おひめさま図鑑,,1076,16,7,1,92,書籍,児童書,絵本,国内絵本,国内絵本,たけいみき,7,主婦の友社,43380010.0,ゆめみる　おひめさま図鑑,,20221208,1286,,
36,9784801933798,マインクラフト３つの試練,,1076,16,41,5,15,書籍,児童書,読み物,読み物,中学年読み物,スイー・デイヴィース,8019,竹書房,43366428.0,マインクラフト３つの試練,,20221216,2375,,
37,9784522803493,最恐！　危険生物かるた　超危険な生物のなまえで　ひらがなとカタカナをおぼえよう！,,1076,16,91,1,5,書籍,児童書,グッズ,グッズ,かるた,岩崎政志,522,永岡書店,43373845.0,最恐！　危険生物かるた　超危険な生物のなまえで　ひらがなとカタカナをおぼえよう！,,20221110,1039,,
38,9784074523115,いきもののふしぎはっけん！３６６クイズ,,1076,16,71,1,407,書籍,児童書,学習百科,学習百科,理科　動物,主婦の友社,7,主婦の友社,43377197.0,いきもののふしぎはっけん！３６６クイズ,頭のいい子を育てる,20221117,1300,頭のいい子を育てる,
39,9784774738604,とびだす！かわいい！どうぶつピアノ,,1076,16,15,1,1,書籍,児童書,しかけ絵本,しかけ絵本,音のでる絵本,,7747,コスミック出版,43383715.0,とびだす！かわいい！どうぶつピアノ,［バラエティ］,20221216,1157,,
40,9784651202686,歴史バトル図鑑　最強！戦国武将決定戦,,1076,16,71,1,47,書籍,児童書,学習百科,学習百科,歴史（読みもの）,小和田哲男,651,ＯＮＥ　ＰＵＢＬＩＳＨＩＮＧ,43372104.0,歴史バトル図鑑　最強！戦国武将決定戦,,20221117,1543,,
41,9784074535231,ＢＴ２１　まちがいをさがせ！,,1076,16,7,4,1,書籍,児童書,絵本,さがしもの絵本,さがしもの絵本,ＬＩＮＥＦｒｉｅｎｄｓＪａｐａｎ,7,主婦の友社,43384708.0,ＢＴ２１　まちがいをさがせ！,,20221212,1531,,
42,9784415332178,でんしゃずかん,,1076,16,11,3,1,書籍,児童書,幼児絵本,知育絵本,知育絵本,成美堂出版編集部,415,成美堂出版,43378669.0,でんしゃずかん,じぶんでよめる,20221110,2263,じぶんでよめる,
43,9784415332161,のりものずかん,,1076,16,11,3,1,書籍,児童書,幼児絵本,知育絵本,知育絵本,成美堂出版編集部,415,成美堂出版,43378668.0,のりものずかん,じぶんでよめる,20221110,2346,じぶんでよめる,
44,9784415331942,音と光のでる絵本　スイッチくるくる,,1076,16,15,1,1,書籍,児童書,しかけ絵本,しかけ絵本,音のでる絵本,かしわらあきお,415,成美堂出版,43376866.0,音と光のでる絵本　スイッチくるくる,［バラエティ］,20221102,3924,,
45,9784774622767,れいぞうこのそこのそこ　りんごのまほう,,1076,16,7,1,97,書籍,児童書,絵本,国内絵本,３才～国内絵本,うえだしげこ,7746,教育画劇,43359665.0,れいぞうこのそこのそこ　りんごのまほう,れいぞうこのあるあるえほん,20221006,1296,れいぞうこのあるあるえほん,
46,9784757568204,絵本　おじさまと猫　ふくまるとしあわせの宇宙船,,1076,16,7,1,92,書籍,児童書,絵本,国内絵本,国内絵本,桜井海,7575,スクウェア・エニックス,43175894.0,絵本　おじさまと猫　ふくまるとしあわせの宇宙船,,20221111,1836,,
47,9784265081899,いつつごうさぎとゆきのもり,,1076,16,7,1,97,書籍,児童書,絵本,国内絵本,３才～国内絵本,まつおりかこ,265,岩崎書店,43377202.0,いつつごうさぎとゆきのもり,,20221207,8881,,
48,9784265074877,にじいろフェアリーしずくちゃん　７つのストーンのひみつ,７,1076,16,41,5,5,書籍,児童書,読み物,読み物,低学年読み物,友永コリエ,265,岩崎書店,43064309.0,にじいろフェアリーしずくちゃん,,20221213,2521,,
49,9784299033833,まいぜんシスターズのまちがいさがしＢＯＯＫ,,1076,16,7,4,1,書籍,児童書,絵本,さがしもの絵本,さがしもの絵本,まいぜんシスターズ,299,宝島社,43373394.0,まいぜんシスターズのまちがいさがしＢＯＯＫ,,20221025,8332,,
50,9784065293423,ディズニーガールズと　いっしょに　おふろで　あいうえお　アルファベットひょうつき,,1076,16,91,1,4,書籍,児童書,グッズ,グッズ,ウォールチャート,講談社,6,講談社,43362345.0,ディズニーガールズと　いっしょに　おふろで　あいうえお　アルファベットひょうつき,,20221018,1207,,ディズニー
51,9784405073623,図解大事典　ドラゴン,,1076,16,61,1,91,書籍,児童書,実用百科,実用百科,その他実用百科,龍・ドラゴン研究チームＴ＆Ｈ,405,新星出版社,43370151.0,図解大事典　ドラゴン,,20221215,1378,,
52,9784065300992,全ウルトラマン　パーフェクト大図鑑　増補改訂,,1076,16,35,1,11,書籍,児童書,絵本塔,絵本塔,講談社,講談社,6,講談社,43385230.0,全ウルトラマン　パーフェクト大図鑑　増補改訂,講談社ＭＯＯＫ　テレビマガジンＭＯＯＫ,20221215,2052,講談社ＭＯＯＫ　テレビマガジンＭＯＯＫ,
53,9784046321862,恐怖コレクター　宿命の再会,２０,1076,16,55,1,15,書籍,児童書,児童文庫,児童文庫,角川つばさ文庫,佐東みどり,4,ＫＡＤＯＫＡＷＡ,42675589.0,恐怖コレクター,角川つばさ文庫,20221214,3311,,
54,9784041122914,どっちが強い！？　ピットブルｖｓオオヤマネコ　豪華客船でイヌネコ対決,,1076,16,71,5,31,書籍,児童書,学習百科,学習漫画,どっちが強い！？シリーズ,ジノ,4,ＫＡＤＯＫＡＷＡ,43377192.0,どっちが強い！？　ピットブルｖｓオオヤマネコ　豪華客船でイヌネコ対決,角川まんが学習シリーズ,20221214,8827,どっちが強い！？シリーズ,
55,9784046321756,時間割男子　ヒミツにせまる動物園！,１０,1076,16,55,1,15,書籍,児童書,児童文庫,児童文庫,角川つばさ文庫,一ノ瀬三葉,4,ＫＡＤＯＫＡＷＡ,43100036.0,時間割男子,角川つばさ文庫,20221214,6937,,
56,9784046321824,星のカービィ　まんぷく、まんまる、グルメフェス！,,1076,16,55,1,15,書籍,児童書,児童文庫,児童文庫,角川つばさ文庫,高瀬美恵,4,ＫＡＤＯＫＡＷＡ,43345582.0,星のカービィ　ディスカバリー,角川つばさ文庫,20221214,16780,,
57,9784046321923,世界一クラブ　スター・ダイヤを取りもどせ！,,1076,16,55,1,15,書籍,児童書,児童文庫,児童文庫,角川つばさ文庫,大空なつき,4,ＫＡＤＯＫＡＷＡ,43377084.0,世界一クラブ　スター・ダイヤを取りもどせ！,角川つばさ文庫,20221214,2854,,
58,9784049145472,星のカービィ　プププナゾトレブック,,1076,16,21,1,51,書籍,児童書,キャラクター絵本,キャラクター絵本,その他キャラクター,ワープスター,4,ＫＡＤＯＫＡＷＡ,43375600.0,星のカービィ　プププナゾトレブック,,20221214,1030,,
59,9784046322012,怪盗レッド　家族の絆は、うばえない☆の巻,２２,1076,16,55,1,15,書籍,児童書,児童文庫,児童文庫,角川つばさ文庫,秋木真,4,ＫＡＤＯＫＡＷＡ,40911770.0,怪盗レッド,角川つばさ文庫,20221214,3620,,
60,9784065291702,仮面ライダーギーツとあそぼう！,,1076,16,35,1,11,書籍,児童書,絵本塔,絵本塔,講談社,講談社,6,講談社,43372549.0,仮面ライダーギーツとあそぼう！,,20221025,9965,仮面ライダー,
61,9784065301821,氷の上のプリンセス　シニア編,３,1076,16,55,1,11,書籍,児童書,児童文庫,児童文庫,青い鳥文庫,風野潮,6,講談社,43308401.0,氷の上のプリンセス　シニア編,講談社青い鳥文庫,20221214,1168,,
62,9784057508412,学研の科学　大図鑑プロジェクター　世界とつながるほんもの体験キット,,1076,16,61,1,65,書籍,児童書,実用百科,実用百科,実験・自由研究,学研の科学編集部,5,学研プラス,43372767.0,学研の科学　大図鑑プロジェクター　世界とつながるほんもの体験キット,［バラエティ］,20221213,4487,,
63,9784052056437,５分後に意外な結末ｅｘ　亜麻色の糸で紡がれた物語,,1076,16,41,5,22,書籍,児童書,読み物,読み物,５分後に意外な結末シリーズ,桃戸ハル,5,学研プラス,43363323.0,５分後に意外な結末ｅｘ　亜麻色の糸で紡がれた物語,「５分後に意外な結末」シリーズ,20221215,3716,,
64,9784052056154,マンガ・クイズつき『桃太郎電鉄』で学ぶお金・経済のしくみ攻略,,1076,16,71,1,5,書籍,児童書,学習百科,学習百科,社会,正頭英和,5,学研プラス,43375602.0,マンガ・クイズつき『桃太郎電鉄』で学ぶお金・経済のしくみ攻略,,20221215,2107,,
65,9784023322158,テーマパークのサバイバル,,1076,16,71,5,21,書籍,児童書,学習百科,学習漫画,サバイバルシリーズ,ポドアルチング,2,朝日新聞出版,43380283.0,テーマパークのサバイバル,かがくるＢＯＯＫ　科学漫画サバイバルシリーズ　８１,20221207,21666,サバイバルシリーズ,
66,9784052056819,なぜ？がわかる！　にゃんこ大戦争クイズブック　～科学のぎもん編～,,1076,16,61,1,11,書籍,児童書,実用百科,実用百科,クイズ・なぞなぞ,ＰＯＮＯＳ,5,学研プラス,43375611.0,なぜ？がわかる！　にゃんこ大戦争クイズブック　～科学のぎもん編～,,20221215,1667,,
67,9784052056444,５分後に意外な結末ｅｘ　緑に覆われた世界の出来事,,1076,16,41,5,22,書籍,児童書,読み物,読み物,５分後に意外な結末シリーズ,桃戸ハル,5,学研プラス,43363324.0,５分後に意外な結末ｅｘ　緑に覆われた世界の出来事,「５分後に意外な結末」シリーズ,20221215,3657,,
68,9784049145663,星のカービィ　プププヒーロー　プププランド最大の事件！！編,,1076,16,21,1,51,書籍,児童書,キャラクター絵本,キャラクター絵本,その他キャラクター,あおきけい,4,ＫＡＤＯＫＡＷＡ,43375601.0,星のカービィ　プププヒーロー　プププランド最大の事件！！編,,20221214,3238,,
69,9784774622781,ポコポコクリスマスクッキー,,1076,16,7,1,92,書籍,児童書,絵本,国内絵本,国内絵本,さかいさちえ,7746,教育画劇,43372775.0,ポコポコクリスマスクッキー,,20221115,4582,,
70,9784575317619,先生は教えてくれない！クレヨンしんちゃんの折れない心をつくる本,,1076,16,71,5,91,書籍,児童書,学習百科,学習漫画,その他学習漫画,臼井儀人,575,双葉社,43366747.0,先生は教えてくれない！クレヨンしんちゃんの折れない心をつくる本,,20221117,1939,,
71,9784861487880,おまわりさんセット,,1076,16,91,1,91,書籍,児童書,グッズ,グッズ,その他グッズ,,86148,シルバーバック,43375646.0,おまわりさんセット,［バラエティ］,20221020,2174,,
72,9784867163436,まじょねこマーニャ　まほうのゆびわ,,1076,16,7,1,92,書籍,児童書,絵本,国内絵本,国内絵本,さかいさちえ,86716,マイクロマガジン社,43360949.0,まじょねこマーニャ　まほうのゆびわ,,20221005,1387,,
73,9784861488047,カチッとクリスタルキューブ,,1076,16,91,1,1,書籍,児童書,グッズ,グッズ,知育玩具,,86148,シルバーバック,43382919.0,カチッとクリスタルキューブ,［バラエティ］,20221110,1743,,
74,9784471104078,うちゅう,,1076,16,81,1,11,書籍,児童書,図鑑,図鑑,学習図鑑シリーズ,山岡均,471,高橋書店,43370519.0,うちゅう,はじめてのずかん,20221129,1788,,
75,9784763140210,ぺんたと小春のめんどいまちがいさがし　ＢＩＧ,,1076,16,61,1,15,書籍,児童書,実用百科,実用百科,迷路・パズル,ペンギン飛行機製作所,7631,サンマーク出版,43368795.0,ぺんたと小春のめんどいまちがいさがし　ＢＩＧ,,20221110,3474,,
76,9784299036124,ドラゴン超絶バトル大図鑑,,1076,16,61,1,91,書籍,児童書,実用百科,実用百科,その他実用百科,村上健司,299,宝島社,43373399.0,ドラゴン超絶バトル大図鑑,,20221024,1082,,
77,9784299035875,桃太郎電鉄でわかる歴史の英雄大図鑑,,1076,16,71,1,47,書籍,児童書,学習百科,学習百科,歴史（読みもの）,村瀬哲史,299,宝島社,43377522.0,桃太郎電鉄でわかる歴史の英雄大図鑑,,20221118,1075,,
78,9784299036513,東大王からの挑戦！　めざせ子ども東大王　最強クイズ,,1076,16,61,1,11,書籍,児童書,実用百科,実用百科,クイズ・なぞなぞ,ＴＢＳテレビ「東大王」クイズ制作チーム,299,宝島社,43385234.0,東大王からの挑戦！　めざせ子ども東大王　最強クイズ,,20221212,1491,,
79,9784309629315,人類の物語　Ｕｎｓｔｏｐｐａｂｌｅ　Ｕｓ　ヒトはこうして地球の支配者になった,,1076,16,71,1,47,書籍,児童書,学習百科,学習百科,歴史（読みもの）,ユヴァル・ノア・ハラリ,309,河出書房新社,43369411.0,人類の物語　Ｕｎｓｔｏｐｐａｂｌｅ　Ｕｓ　ヒトはこうして地球の支配者になった,,20221124,3248,,
80,9784391158779,すみっコぐらしをさがせ　あつまるとあんしんです編,,1076,16,21,1,51,書籍,児童書,キャラクター絵本,キャラクター絵本,その他キャラクター,主婦と生活社,391,主婦と生活社,43372086.0,すみっコぐらしをさがせ　あつまるとあんしんです編,,20221125,3339,,すみっコぐらし
81,9784065264461,日本の歴史,,1076,16,81,1,11,書籍,児童書,図鑑,図鑑,学習図鑑シリーズ,西谷大,6,講談社,43358029.0,日本の歴史,講談社の動く図鑑ＭＯＶＥ,20221129,3960,講談社の動く図鑑ＭＯＶＥ,
82,9784265820658,ほねほねザウルス　パーフェクト図鑑,,1076,16,41,5,13,書籍,児童書,読み物,読み物,ほねほねザウルスシリーズ,カバヤ食品,265,岩崎書店,43370950.0,ほねほねザウルス　パーフェクト図鑑,,20221117,2191,,
83,9784065294994,はってはがせる！仮面ライダーギーツ超シールバトルロイヤル！,,1076,16,35,1,11,書籍,児童書,絵本塔,絵本塔,講談社,講談社,6,講談社,43357380.0,はってはがせる！仮面ライダーギーツ超シールバトルロイヤル！,講談社ＭＯＯＫ　テレビマガジンＭＯＯＫ,20221024,1687,講談社ＭＯＯＫ　テレビマガジンＭＯＯＫ,
84,9784065302576,超復刻版　タローマンかるた,,1076,16,91,1,5,書籍,児童書,グッズ,グッズ,かるた,ＮＨＫ「ＴＡＲＯＭＡＮ」制作班,6,講談社,43370941.0,超復刻版　タローマンかるた,［バラエティ］,20221205,1043,,
85,9784593103621,サンタさんのぼうし　どこいった？,,1076,16,7,3,92,書籍,児童書,絵本,海外絵本,海外絵本,エマニュエル・レ,593,ほるぷ出版,43357126.0,サンタさんのぼうし　どこいった？,海外秀作絵本,20221011,1990,,
86,9784593103782,クリスマスプレゼントなぁに？,,1076,16,11,2,1,書籍,児童書,幼児絵本,ファーストブック,ファーストブック,フフフーン,593,ほるぷ出版,43357128.0,クリスマスプレゼントなぁに？,めくって　たのしい　しかけえほん,20221011,1726,めくって　たのしい　しかけえほん,
87,9784408640617,マンガでよくわかる　ねこねこ日本史＜ジュニア版＞,１１,1076,16,71,1,47,書籍,児童書,学習百科,学習百科,歴史（読みもの）,そにしけんじ,408,実業之日本社,42910337.0,マンガでよくわかる　ねこねこ日本史＜ジュニア版＞,,20221201,1274,,
88,9784774333359,４さいからできる　しぜんとかがく,,1076,16,71,1,4,書籍,児童書,学習百科,学習百科,理科,横山正,7743,くもん出版,43366185.0,４さいからできる　しぜんとかがく,シールたっぷりレッスン,20221202,1225,シールたっぷりレッスン,
89,9784284001205,いちねんせいえほん　はじめての「よのなかルールブック」,,1076,16,11,3,1,書籍,児童書,幼児絵本,知育絵本,知育絵本,高濱正伸,284,日本図書センター,43383708.0,いちねんせいえほん　はじめての「よのなかルールブック」,,20230118,3484,,まるごとシールブックＤＸ
90,9784284001199,おまもりえほん　こどもぼうはんルールブック,,1076,16,7,1,92,書籍,児童書,絵本,国内絵本,国内絵本,国崎信江,284,日本図書センター,43366741.0,おまもりえほん　こどもぼうはんルールブック,,20221019,2378,,まるごとシールブックＤＸ
91,9784774333335,５さいからできる　おかね　はじめて編,,1076,16,71,1,7,書籍,児童書,学習百科,学習百科,道徳・教養,白井一之,7743,くもん出版,43366183.0,５さいからできる　おかね　はじめて編,シールたっぷりレッスン,20221202,1674,シールたっぷりレッスン,
92,9784774333366,４さいからできる　えいご,,1076,16,71,1,6,書籍,児童書,学習百科,学習百科,英語,卯城祐司,7743,くもん出版,43366186.0,４さいからできる　えいご,シールたっぷりレッスン,20221202,1180,シールたっぷりレッスン,
93,9784065300985,あつまれ！　トミカ　いっぱいずかん,,1076,16,35,1,11,書籍,児童書,絵本塔,絵本塔,講談社,,6,講談社,43384012.0,あつまれ！　トミカ　いっぱいずかん,講談社ＭＯＯＫ,20221208,2236,講談社ＭＯＯＫ,
94,9784065291832,いちねんじゅうおばけずかん　ハロウィンかぼちゃん,,1076,16,41,5,41,書籍,児童書,読み物,読み物,おばけ・こわい話,斉藤洋,6,講談社,43371446.0,いちねんじゅうおばけずかん　ハロウィンかぼちゃん,どうわがいっぱい,20221201,4592,,
95,9784023322233,大雪のサバイバル,,1076,16,71,5,21,書籍,児童書,学習百科,学習漫画,サバイバルシリーズ,ポドアルチング,2,朝日新聞出版,43392485.0,大雪のサバイバル,,20230207,2014,,サバイバルシリーズ
96,9784405073586,頭のいい子が育つ葉加瀬太郎の英語のうた　ＣＤ付,,1076,16,71,1,6,書籍,児童書,学習百科,学習百科,英語,葉加瀬太郎,405,新星出版社,43369780.0,頭のいい子が育つ葉加瀬太郎の英語のうた　ＣＤ付,,20221117,1069,,頭のいい子を育てる
97,9784065297001,人狼サバイバル　疑心暗鬼！　水の都の人狼ゲーム,,1076,16,55,1,11,書籍,児童書,児童文庫,児童文庫,青い鳥文庫,甘雪こおり,6,講談社,43367244.0,人狼サバイバル　疑心暗鬼！　水の都の人狼ゲーム,,20221109,4612,,サバイバルシリーズ
98,9784046322067,泣き虫スマッシュ　がけっぷちのバドミントンペア、はじまる！？,１,1076,16,55,1,15,書籍,児童書,児童文庫,児童文庫,角川つばさ文庫,平河ゆうき,4,ＫＡＤＯＫＡＷＡ,43369728.0,泣き虫スマッシュ　がけっぷちのバドミントンペア、はじまる！？,,20221109,1461,,
99,9784041129081,パンどろぼうほかほかギフトボックス絵本３冊＋メッセージカード（全３冊セット）,,1076,16,7,1,97,書籍,児童書,絵本,国内絵本,３才～国内絵本,柴田ケイコ,4,ＫＡＤＯＫＡＷＡ,43368305.0,パンどろぼうほかほかギフトボックス絵本３冊＋メッセージカード（全３冊セット）,,20221109,2583,,
100,9784023322141,トンネルのサバイバル,,1076,16,71,5,21,書籍,児童書,学習百科,学習漫画,サバイバルシリーズ,パク・ソンイ,2,朝日新聞出版,43366736.0,トンネルのサバイバル,かがくるＢＯＯＫ　科学漫画サバイバルシリーズ　８０,20221007,16746,サバイバルシリーズ,
101,9784265811601,ちびちびうさまる　くまさんといっしょ,,1076,16,7,1,92,書籍,児童書,絵本,国内絵本,国内絵本,ｓａｋｕｍａｒｕ,265,岩崎書店,43360127.0,ちびちびうさまる　くまさんといっしょ,,20221014,1160,,
102,9784041097526,角川まんが学習シリーズ　日本の歴史　多様化する社会　平成時代～令和,１６,1076,16,71,5,1,書籍,児童書,学習百科,学習漫画,日本の歴史,五百旗頭薫,4,ＫＡＤＯＫＡＷＡ,42677088.0,角川まんが学習シリーズ　日本の歴史,,20221013,4050,,コミック版　日本の歴史
103,9784065301944,トミカライトペンでしらべろ！トミカのひみつだいずかん,,1076,16,35,1,11,書籍,児童書,絵本塔,絵本塔,講談社,講談社,6,講談社,43372075.0,トミカライトペンでしらべろ！トミカのひみつだいずかん,講談社ＭＯＯＫ,20221212,1595,講談社ＭＯＯＫ,
104,9784065301197,ウルトラライトペンでちょうさせよ！ウルトラヒーロー＆かいじゅうひみつバトルだいず,,1076,16,35,1,11,書籍,児童書,絵本塔,絵本塔,講談社,講談社,6,講談社,43372550.0,ウルトラライトペンでちょうさせよ！ウルトラヒーロー＆かいじゅうひみつバトルだいず,おと幼ムック,20221212,2061,おと幼ムック,
105,9784023322219,科学探偵ｖｓ．超・自然現象（前）,,1076,16,41,5,21,書籍,児童書,読み物,読み物,高学年読み物,佐東みどり,2,朝日新聞出版,43376612.0,科学探偵ｖｓ．超・自然現象,科学探偵謎野真実シリーズ,20221118,2031,,
106,9784023322226,徳川家康へタイムワープ　？！歴史漫画タイムワープシリーズ,,1076,16,71,5,91,書籍,児童書,学習百科,学習漫画,その他学習漫画,ＴＡＫ．Ｂｒｏ,2,朝日新聞出版,43376613.0,徳川家康へタイムワープ　？！歴史漫画タイムワープシリーズ,歴史人物ＢＯＯＫ,20221118,1415,歴史漫画タイムワープシリーズ,
107,9784052056383,めくってばあ！,,1076,16,11,2,1,書籍,児童書,幼児絵本,ファーストブック,ファーストブック,いりやまさとし,5,学研プラス,43369406.0,めくってばあ！,ＮＥＷぴよちゃんとあそぼ！,20221104,2138,ＮＥＷぴよちゃんとあそぼ！,
108,9784834767544,わくわく楽しい！日本＆世界の旅行すごろく,,1076,16,91,1,6,書籍,児童書,グッズ,グッズ,すごろく,,8347,ブティック社,43375238.0,わくわく楽しい！日本＆世界の旅行すごろく,［バラエティ］,20221220,1026,,
109,9784023333772,きらきら　ぴかぴか,,1076,16,11,2,1,書籍,児童書,幼児絵本,ファーストブック,ファーストブック,瀧靖之,2,朝日新聞出版,43369774.0,きらきら　ぴかぴか,脳科学にもとづいた知育絵本,20221020,6616,脳科学にもとづいた知育絵本,
110,9784052056239,ひみつの魔女フレンズ　まいごの子犬と魔法のリング,５,1076,16,41,5,21,書籍,児童書,読み物,読み物,高学年読み物,宮下恵茉,5,学研プラス,43230639.0,ひみつの魔女フレンズ,,20221201,1376,,
111,9784065296851,小説　ブルーロック,１,1076,16,55,1,91,書籍,児童書,児童文庫,児童文庫,その他児童文庫,吉岡みつる,6,講談社,43367241.0,小説　ブルーロック,講談社ＫＫ文庫,20221117,1537,,
112,9784057508382,妖怪最強王図鑑フィギュア,,1076,16,91,1,91,書籍,児童書,グッズ,グッズ,その他グッズ,,5,学研プラス,43369073.0,妖怪最強王図鑑フィギュア,［バラエティ］　最強王図鑑シリーズ,20221126,12816,,最強王図鑑シリーズ
113,9784092172661,小学館の図鑑ＮＥＯアート　図解　はじめての絵画,,1076,16,81,1,11,書籍,児童書,図鑑,図鑑,学習図鑑シリーズ,青柳正規,9,小学館,43388151.0,小学館の図鑑ＮＥＯアート　図解　はじめての絵画,プレＮＥＯ,20230206,3053,,小学館の図鑑ＮＥＯ
114,9784091125972,それいけ！アンパンマン　シールいっぱい！　たべものこれなあにブック,,1076,16,35,1,1,書籍,児童書,絵本塔,絵本塔,小学館,やなせたかし,9,小学館,43377198.0,それいけ！アンパンマン　シールいっぱい！　たべものこれなあにブック,小学館のカラーワイド,20221124,1642,アンパンマン_小学館のカラーワイド,
115,9784057508320,キャンディねんどでつくる　つやぷるアクセサリー,,1076,16,61,1,43,書籍,児童書,実用百科,実用百科,おしゃれ,ｓａｒｉｃｏ,5,学研プラス,43369072.0,キャンディねんどでつくる　つやぷるアクセサリー,［バラエティ］　ガールズクラフト,20221115,1775,ガールズクラフト,
116,9784577051092,めくってだあれ？,,1076,16,21,1,1,書籍,児童書,キャラクター絵本,キャラクター絵本,アンパンマン,やなせたかし,577,フレーベル館,43372092.0,めくってだあれ？,ベイビー・アンパンマン,20221128,2020,ベイビー・アンパンマン,
117,9784577050705,ＰＵＩ　ＰＵＩ　モルカー　を　さがせ！,,1076,16,21,1,51,書籍,児童書,キャラクター絵本,キャラクター絵本,その他キャラクター,フレーベル館,577,フレーベル館,43370954.0,ＰＵＩ　ＰＵＩ　モルカー　を　さがせ！,,20221124,2027,ＰＵＩ　ＰＵＩ　モルカー,
118,9784774333342,５さいからできる　プログラミング,,1076,16,71,1,9,書籍,児童書,学習百科,学習百科,プログラミング,中村一彰,7743,くもん出版,43366184.0,５さいからできる　プログラミング,シールたっぷりレッスン,20221202,1504,シールたっぷりレッスン,
119,9784052056581,ゆるゆる昆虫図鑑,,1076,16,71,1,401,書籍,児童書,学習百科,学習百科,理科　昆虫,さのかける,5,学研プラス,43369408.0,ゆるゆる昆虫図鑑,,20221129,3404,,
120,9784052055935,ふたごのプリンセスとピアニストのひみつクレープ,,1076,16,41,5,5,書籍,児童書,読み物,読み物,低学年読み物,赤尾でこ,5,学研プラス,43369057.0,ふたごのプリンセスとピアニストのひみつクレープ,まほうのドレスハウス,20221129,2445,,
121,9784052055966,正解のない問題集　道徳編,,1076,16,71,1,7,書籍,児童書,学習百科,学習百科,道徳・教養,池上彰,5,学研プラス,43369058.0,正解のない問題集　道徳編,新時代の教養,20221117,3081,新時代の教養,
122,9784052056000,０さい～３さい脳そだて　おさかなちゃんとあ～そ～ぼ！,,1076,16,11,2,1,書籍,児童書,幼児絵本,ファーストブック,ファーストブック,茂木健一郎,5,学研プラス,43360343.0,０さい～３さい脳そだて　おさかなちゃんとあ～そ～ぼ！,,20221020,1046,おさかなちゃん,
123,9784092175143,乗りもの　新版　鉄道・自動車・飛行機・船,,1076,16,81,1,11,書籍,児童書,図鑑,図鑑,学習図鑑シリーズ,長根広和,9,小学館,43374262.0,乗りもの　新版　鉄道・自動車・飛行機・船,小学館の図鑑ＮＥＯ,20221129,9416,小学館の図鑑ＮＥＯ,
124,9784097251743,チャレンジミッケ！　ポケット版　サンタクロース,４,1076,16,7,4,31,書籍,児童書,絵本,さがしもの絵本,ミッケ,ウォルター・ウィック,9,小学館,43341242.0,チャレンジミッケ！　ポケット版,,20221129,1053,ミッケ,
125,9784866515670,いますぐ名探偵　犯人をさがせ！　ワハハ小学校編,,1076,16,15,1,21,書籍,児童書,しかけ絵本,しかけ絵本,しかけ絵本,桂林ブックス,86651,文響社,43374615.0,いますぐ名探偵　犯人をさがせ！　ワハハ小学校編,,20221208,1345,,
126,9784052055171,きょうりゅう,,1076,16,81,1,11,書籍,児童書,図鑑,図鑑,学習図鑑シリーズ,真鍋真,5,学研プラス,43369054.0,きょうりゅう,ひとりでよめるずかん,20221118,1111,ひとりでよめるずかん,
127,9784092893078,小学館世界Ｊ文学館,,1076,16,41,1,3,書籍,児童書,読み物,名作読み物,海外の名作読み物,浅田次郎,9,小学館,43355658.0,小学館世界Ｊ文学館,,20221118,1123,,
128,9784052055881,こどもずかん　のりもの７７７　英語つき　しゃしんバージョン,,1076,16,11,3,1,書籍,児童書,幼児絵本,知育絵本,知育絵本,デイブ・テルキ,5,学研プラス,43369056.0,こどもずかん　のりもの７７７　英語つき　しゃしんバージョン,こどもずかん,20221125,4782,こどもずかん,
129,9784046321879,スイッチ！　大キライなはずなのに！？,１１,1076,16,55,1,15,書籍,児童書,児童文庫,児童文庫,角川つばさ文庫,深海ゆずは,4,ＫＡＤＯＫＡＷＡ,42943339.0,スイッチ！,角川つばさ文庫,20221109,2921,,
130,9784049146707,すみっコぐらしいっしょにクロスワード,,1076,16,21,1,51,書籍,児童書,キャラクター絵本,キャラクター絵本,その他キャラクター,キャラぱふぇ編集部,4,ＫＡＤＯＫＡＷＡ,43372072.0,すみっコぐらしいっしょにクロスワード,キャラぱふぇブックス,20221130,1663,すみっコぐらし,
131,9784099425203,タッチペンでいっぱいあそべる！まいにちのことばずかん１５００　英語つき,,1076,16,11,3,1,書籍,児童書,幼児絵本,知育絵本,知育絵本,小学館辞典編集部,9,小学館,43377756.0,タッチペンでいっぱいあそべる！まいにちのことばずかん１５００　英語つき,［バラエティ］,20221205,2798,,
132,9784046321787,絶体絶命ゲーム　ねらわれた歌姫を守れ！,１２,1076,16,55,1,15,書籍,児童書,児童文庫,児童文庫,角川つばさ文庫,藤ダリオ,4,ＫＡＤＯＫＡＷＡ,42843882.0,絶体絶命ゲーム,角川つばさ文庫,20221109,5851,,
133,9784046321848,サバイバー！！　豪華客船は再会のとき,４,1076,16,55,1,15,書籍,児童書,児童文庫,児童文庫,角川つばさ文庫,あさばみゆき,4,ＫＡＤＯＫＡＷＡ,43261596.0,サバイバー！！,角川つばさ文庫,20221109,2166,,
134,9784046321954,四つ子ぐらし　プレゼントに思いをこめて,１３,1076,16,55,1,15,書籍,児童書,児童文庫,児童文庫,角川つばさ文庫,ひのひまり,4,ＫＡＤＯＫＡＷＡ,43007684.0,四つ子ぐらし,角川つばさ文庫,20221109,18838,四つ子ぐらし,
135,9784046321930,神スキル！！！　キセキの三きょうだい、登場！,,1076,16,55,1,15,書籍,児童書,児童文庫,児童文庫,角川つばさ文庫,大空なつき,4,ＫＡＤＯＫＡＷＡ,43383100.0,神スキル！！！　キセキの三きょうだい、登場！,角川つばさ文庫,20230112,1846,,
136,9784046321978,トップ・シークレット　決戦前夜のショータイム！,４,1076,16,55,1,15,書籍,児童書,児童文庫,児童文庫,角川つばさ文庫,あんのまる,4,ＫＡＤＯＫＡＷＡ,43284068.0,トップ・シークレット,角川つばさ文庫,20230112,1464,,
137,9784097251897,ピタゴラじゃんけん装置ＱＲブック　ピタの巻,,1076,16,61,1,61,書籍,児童書,実用百科,実用百科,工作,ＮＨＫエデュケーショナル,9,小学館,43374263.0,ピタゴラじゃんけん装置ＱＲブック　ピタの巻,ピタゴラＢＯＯＫ,20221026,2940,ピタゴラＢＯＯＫ,
138,9784065289020,トミカ　タブレットがた　おしゃべりえほん,,1076,16,21,1,12,書籍,児童書,キャラクター絵本,キャラクター絵本,トミカ,講談社,6,講談社,43341015.0,トミカ　タブレットがた　おしゃべりえほん,［バラエティ］,20221212,1419,,
139,9784046321732,本当はこわい話　明かされる真実、君は気づけた？,１０,1076,16,55,1,15,書籍,児童書,児童文庫,児童文庫,角川つばさ文庫,小林丸々,4,ＫＡＤＯＫＡＷＡ,42960710.0,本当はこわい話,角川つばさ文庫,20230112,1056,,
140,9784046322210,おもしろい話、集めました。Ｗ,,1076,16,55,1,15,書籍,児童書,児童文庫,児童文庫,角川つばさ文庫,ひのひまり,4,ＫＡＤＯＫＡＷＡ,43383192.0,おもしろい話、集めました。Ｗ,角川つばさ文庫,20230112,1625,,
141,9784046322029,ふたごチャレンジ！　ココロ揺らめく遊園地！？,４,1076,16,55,1,15,書籍,児童書,児童文庫,児童文庫,角川つばさ文庫,七都にい,4,ＫＡＤＯＫＡＷＡ,43292427.0,ふたごチャレンジ！,角川つばさ文庫,20230112,2470,,
142,9784092984011,日本の歴史　日本文化のあけぼの　旧石器～縄文～弥生～古墳時代,１,1076,16,71,5,1,書籍,児童書,学習百科,学習漫画,日本の歴史,山川出版社,9,小学館,43381698.0,小学館版学習まんが　日本の歴史,小学館学習まんがシリーズ,20221201,1089,小学館学習まんがシリーズ,
143,9784838793860,ダンススクエア　ｖｏｌ．５４,,1076,16,99,9999,9999,書籍,児童書,未分類,未分類,未分類,日之出出版,8387,マガジンハウス,,,,20230127,4606,,
144,9784046057129,にゃんこ大戦争でまなぶ！難しい言葉１０００,,1076,16,71,1,3,書籍,児童書,学習百科,学習百科,国語,ＰＯＮＯＳ,4,ＫＡＤＯＫＡＷＡ,43367727.0,にゃんこ大戦争でまなぶ！難しい言葉１０００,,20221118,2595,,
145,9784046321657,君のとなりで。　この道を、ずっといっしょに,９,1076,16,55,1,15,書籍,児童書,児童文庫,児童文庫,角川つばさ文庫,高杉六花,4,ＫＡＤＯＫＡＷＡ,43090241.0,君のとなりで。,角川つばさ文庫,20221013,2105,,
146,9784046321855,サキヨミ！　恋と決意の文化祭,７,1076,16,55,1,15,書籍,児童書,児童文庫,児童文庫,角川つばさ文庫,七海まち,4,ＫＡＤＯＫＡＷＡ,43182126.0,サキヨミ！,角川つばさ文庫,20221013,3134,,
147,9784046321831,ぜったいバレちゃいけません！！！　ハッピーエンドはゆずれない！,６,1076,16,55,1,15,書籍,児童書,児童文庫,児童文庫,角川つばさ文庫,水無仙丸,4,ＫＡＤＯＫＡＷＡ,43210129.0,ぜったいバレちゃいけません！！！,角川つばさ文庫,20221013,1351,,
148,9784046321886,理花のおかしな実験室　ふくらむナゾの答えをさがせ！,７,1076,16,55,1,15,書籍,児童書,児童文庫,児童文庫,角川つばさ文庫,やまもとふみ,4,ＫＡＤＯＫＡＷＡ,43189443.0,理花のおかしな実験室,角川つばさ文庫,20221013,2236,,
149,9784569880921,青鬼　調査クラブ　怪物を従えた少女と激突せよ！,７,1076,16,55,1,91,書籍,児童書,児童文庫,児童文庫,その他児童文庫,波摘,569,ＰＨＰ研究所,43113004.0,青鬼　調査クラブ,ＰＨＰジュニアノベル,20230126,1040,,
150,9784834086805,どきどきキッチンサーカス,,1076,16,7,1,92,書籍,児童書,絵本,国内絵本,国内絵本,石津ちひろ,8340,福音館書店,43358279.0,どきどきキッチンサーカス,幼児絵本シリーズ,20221007,1007,,
151,9784041129791,角川まんが学習シリーズ日本の歴史５大特典つき全１６巻＋別巻４冊セット（全２０巻セ,,1076,16,71,5,1,書籍,児童書,学習百科,学習漫画,日本の歴史,山本博文,4,ＫＡＤＯＫＡＷＡ,43370508.0,角川まんが学習シリーズ日本の歴史５大特典つき全１６巻＋別巻４冊セット（全２０巻セ,,20221110,1168,,コミック版　日本の歴史
152,9784097251903,ピタゴラじゃんけん装置ＱＲブック　ゴラの巻,,1076,16,61,1,61,書籍,児童書,実用百科,実用百科,工作,ＮＨＫエデュケーショナル,9,小学館,43374264.0,ピタゴラじゃんけん装置ＱＲブック　ゴラの巻,ピタゴラＢＯＯＫ,20221026,2077,ピタゴラＢＯＯＫ,
153,9784097252078,かぼちゃスープのおふろ,,1076,16,7,1,92,書籍,児童書,絵本,国内絵本,国内絵本,柴田ケイコ,9,小学館,43379656.0,かぼちゃスープのおふろ,,20221118,1453,,
154,9784041127742,どっちが強い！？ガチンコ動物オリンピック編　なんでもＮｏ．１決定戦,,1076,16,71,5,31,書籍,児童書,学習百科,学習漫画,どっちが強い！？シリーズ,ブラックインクチーム,4,ＫＡＤＯＫＡＷＡ,43369402.0,どっちが強い！？ガチンコ動物オリンピック編　なんでもＮｏ．１決定戦,角川まんが学習シリーズ,20221130,8694,どっちが強い！？シリーズ,
155,9784577051191,アンパンマンおままごとえほん　おべんとう,,1076,16,21,1,1,書籍,児童書,キャラクター絵本,キャラクター絵本,アンパンマン,やなせたかし,577,フレーベル館,43379325.0,アンパンマンおままごとえほん　おべんとう,,20221216,1318,アンパンマンおままごとえほん,
156,9784865492859,おせちのみんなあつまって！,,1076,16,11,3,5,書籍,児童書,幼児絵本,知育絵本,たべもの絵本,真珠まりこ,86549,ひさかたチャイルド,43367256.0,おせちのみんなあつまって！,,20221114,1834,,
157,9784091066275,ピカチュウとあそぼ！　ピカチュウのだいぼうけん　ポケモンおはなし＆おあそびブック,,1076,16,35,1,1,書籍,児童書,絵本塔,絵本塔,小学館,よしのえみこ,9,小学館,43372077.0,ピカチュウとあそぼ！　ピカチュウのだいぼうけん　ポケモンおはなし＆おあそびブック,ワンダーライフスペシャル,20221024,1514,ワンダーライフスペシャル,
158,9784092314405,華麗なる探偵アリス＆ペンギン　キャッツ・イン・ザ・スカイ,,1076,16,55,1,19,書籍,児童書,児童文庫,児童文庫,小学館ジュニア文庫,南房秀久,9,小学館,43381820.0,華麗なる探偵アリス＆ペンギン　キャッツ・イン・ザ・スカイ,小学館ジュニア文庫,20221125,1137,,
159,9784591174814,小説　魔入りました！入間くん　アクドルくろむちゃんとアメリの決断,４,1076,16,55,1,91,書籍,児童書,児童文庫,児童文庫,その他児童文庫,針とら,591,ポプラ社,43264725.0,小説　魔入りました！入間くん,ポプラキミノベル,20221005,3465,,
160,9784591175262,グレッグのダメ日記　なんだって、やってやる！,,1076,16,41,5,17,書籍,児童書,読み物,読み物,グレッグのダメ日記シリーズ,ジェフ・キニー,591,ポプラ社,43377481.0,グレッグのダメ日記　なんだって、やってやる！,,20221124,2726,,
161,9784591175118,新装版　どうぶつえあわせ　ぴったりカード,,1076,16,91,1,3,書籍,児童書,グッズ,グッズ,知育カード,わらべきみか,591,ポプラ社,43365878.0,新装版　どうぶつえあわせ　ぴったりカード,,20221005,1079,,
162,9784591175125,新装版　のりものえあわせ　ぴったりカード,,1076,16,91,1,3,書籍,児童書,グッズ,グッズ,知育カード,わらべきみか,591,ポプラ社,43365879.0,新装版　のりものえあわせ　ぴったりカード,,20221005,1011,,
163,9784591175194,あおい１ばんのきかんしゃ　トーマスどーこだ？,,1076,16,21,1,11,書籍,児童書,キャラクター絵本,キャラクター絵本,トーマス,,591,ポプラ社,43374278.0,あおい１ばんのきかんしゃ　トーマスどーこだ？,きかんしゃトーマスの本,20221109,1100,きかんしゃトーマスの本,
164,9784097355984,星のカービィ　ディスカバリー　ほおばれ！シールブック,,1076,16,21,1,51,書籍,児童書,キャラクター絵本,キャラクター絵本,その他キャラクター,ワープスター,9,小学館,43372078.0,星のカービィ　ディスカバリー　ほおばれ！シールブック,まるごとシールブックＤＸ,20221026,2461,まるごとシールブックＤＸ,
165,9784813780779,溺愛×ミッション！（１）　エリート学園の超モテスパイ男子たちに溺愛されちゃってます！,１,1076,16,55,1,91,書籍,児童書,児童文庫,児童文庫,その他児童文庫,青山そらら,8137,スターツ出版,43379193.0,溺愛×ミッション！（１）　エリート学園の超モテスパイ男子たちに溺愛されちゃってます！,野いちごジュニア文庫,20221220,1329,,
166,9784487815340,小学生のうちに覚えておくといいことカルタ,,1076,16,91,1,5,書籍,児童書,グッズ,グッズ,かるた,東京書籍出版事業部,487,東京書籍,43375231.0,小学生のうちに覚えておくといいことカルタ,［バラエティ］,20221208,1041,,
167,9784813522942,追放Ｖｅｒ　Ａｍｏｎｇ　Ｕｓ　フィギュアキーチェーン,,1076,16,91,1,91,書籍,児童書,グッズ,グッズ,その他グッズ,,8135,デアゴスティーニジャパン,43375237.0,追放Ｖｅｒ　Ａｍｏｎｇ　Ｕｓ　フィギュアキーチェーン,［バラエティ］,20221028,73210,,
168,9784591174975,かいけつゾロリのおやじギャグ＆なぞなぞ大じてん,,1076,16,41,5,11,書籍,児童書,読み物,読み物,かいけつゾロリシリーズ,原ゆたか,591,ポプラ社,43372095.0,かいけつゾロリのおやじギャグ＆なぞなぞ大じてん,,20221107,1142,,
169,9784065299081,ＴＶアニメブルーロッククリアファイルブック,,1076,16,91,1,92,書籍,児童書,グッズ,グッズ,キャラクターグッズ,講談社,6,講談社,43379649.0,ＴＶアニメブルーロッククリアファイルブック,［バラエティ］,20221220,3929,,
170,9784591175422,なにかな？　まる　あかまるの　かたちえほん,,1076,16,11,3,1,書籍,児童書,幼児絵本,知育絵本,知育絵本,しみずだいすけ,591,ポプラ社,43372099.0,なにかな？　まる　あかまるの　かたちえほん,０歳からのあかちゃんえほん,20221104,1095,０歳からのあかちゃんえほん,
171,9784756253842,きみも運転手になれる！　パノラマずかん　運転席,,1076,16,15,1,21,書籍,児童書,しかけ絵本,しかけ絵本,しかけ絵本,宮本えつよし,7562,パイインターナショナル,43365386.0,きみも運転手になれる！　パノラマずかん　運転席,,20221124,1018,,
172,9784592763147,いちごサンタ,,1076,16,7,1,92,書籍,児童書,絵本,国内絵本,国内絵本,わたなべあや,592,白泉社,43368307.0,いちごサンタ,コドモエの本,20221101,1529,コドモエの本,
173,9784092989313,小学館版学習まんが日本の歴史（全２０巻セット）,,1076,16,71,5,1,書籍,児童書,学習百科,学習漫画,日本の歴史,小学館,9,小学館,43351790.0,小学館版学習まんが日本の歴史（全２０巻セット）,小学館学習まんがシリーズ,20221201,2107,小学館学習まんがシリーズ,
174,9784791631438,頂上決戦！異種最強生物　オールスター大決戦,,1076,16,61,1,91,書籍,児童書,実用百科,実用百科,その他実用百科,ＣｒｅａｔｕｒｅＳｔｏｒｙ,7916,西東社,43378398.0,頂上決戦！異種最強生物　オールスター大決戦,,20221220,2644,,
175,9784791632008,ゆめがひろがるおんなのこのでんきえほん　全２２話,,1076,16,7,1,21,書籍,児童書,絵本,国内絵本,国内の名作絵本,堀米薫,7916,西東社,43374714.0,ゆめがひろがるおんなのこのでんきえほん　全２２話,,20221107,1900,,
176,9784065304358,全仮面ライダー　パーフェクト大図鑑　増補改訂,,1076,16,35,1,11,書籍,児童書,絵本塔,絵本塔,講談社,,6,講談社,43374260.0,全仮面ライダー　パーフェクト大図鑑　増補改訂,講談社ＭＯＯＫ　テレビマガジンデラックス　２５２,20221223,1218,講談社ＭＯＯＫ　テレビマガジンデラックス　２５２,
177,9784591175200,ウルトラマン大図鑑ハイパー,,1076,16,21,1,41,書籍,児童書,キャラクター絵本,キャラクター絵本,ヒーロー,円谷プロダクション,591,ポプラ社,43376319.0,ウルトラマン大図鑑ハイパー,,20221122,2616,ウルトラマン,
178,9784813522935,くじら＆Ｃｏ．ビッグ,,1076,16,91,1,91,書籍,児童書,グッズ,グッズ,その他グッズ,,8135,デアゴスティーニジャパン,43381857.0,くじら＆Ｃｏ．ビッグ,［バラエティ］,20221129,133888,,
179,9784592763161,ノラネコぐんだん　うみのたび,,1076,16,7,1,201,書籍,児童書,絵本,国内絵本,ノラネコぐんだん,工藤ノリコ,592,白泉社,43368308.0,ノラネコぐんだん　うみのたび,コドモエのえほん,20221104,25508,ノラネコぐんだん,
180,9784046321909,すずめの戸締まり,,1076,16,55,1,15,書籍,児童書,児童文庫,児童文庫,角川つばさ文庫,新海誠,4,ＫＡＤＯＫＡＷＡ,43351498.0,すずめの戸締まり,角川つばさ文庫,20221013,44236,,
181,9784791631513,大迫力！戦慄の都市伝説大百科,,1076,16,61,1,91,書籍,児童書,実用百科,実用百科,その他実用百科,朝里樹,7916,西東社,43374282.0,大迫力！戦慄の都市伝説大百科,,20221115,3253,,
182,9784592763123,おすしがふくをかいにきた,,1076,16,7,1,92,書籍,児童書,絵本,国内絵本,国内絵本,田中達也,592,白泉社,43357122.0,おすしがふくをかいにきた,ＭＯＥのえほん,20221003,5500,ＭＯＥのえほん,
183,9784813780700,ウタイテ！,３,1076,16,55,1,91,書籍,児童書,児童文庫,児童文庫,その他児童文庫,＊あいら＊,8137,スターツ出版,43313006.0,ウタイテ！,野いちごジュニア文庫,20221118,5895,,
184,9784813780724,この恋は、ぜったいヒミツ。,３,1076,16,55,1,91,書籍,児童書,児童文庫,児童文庫,その他児童文庫,このはなさくら,8137,スターツ出版,43205112.0,この恋は、ぜったいヒミツ。,野いちごジュニア文庫,20221118,1221,,
185,9784591175026,歴史ゴーストバスターズ　歴女失格！？　お泊まり会で大波乱の夏休み！,４,1076,16,55,1,91,書籍,児童書,児童文庫,児童文庫,その他児童文庫,あさばみゆき,591,ポプラ社,43250741.0,歴史ゴーストバスターズ,ポプラキミノベル　創作,20221013,2333,,
186,9784591175149,おしりたんてい　ププッ　かいていいせきのぼうけん　アニメコミック,１３,1076,16,41,5,7,書籍,児童書,読み物,読み物,おしりたんていシリーズ,トロル,591,ポプラ社,43109435.0,おしりたんてい　アニメコミック,,20221013,4576,,
187,9784591175002,黒田長政　戦国人物伝　日本の歴史＜コミック版＞８３,,1076,16,71,5,41,書籍,児童書,学習百科,学習漫画,偉人・伝記（漫画）,加来耕三,591,ポプラ社,43367771.0,黒田長政　戦国人物伝　日本の歴史＜コミック版＞８３,,20221013,1027,コミック版　日本の歴史,
188,9784591174951,ディズニープリンセスのひみつ１００,,1076,16,21,1,5,書籍,児童書,キャラクター絵本,キャラクター絵本,ディズニー,,591,ポプラ社,43367769.0,ディズニープリンセスのひみつ１００,,20221013,1874,ディズニー,
189,9784813780786,ヴァンパイア・溺愛パラダイス,５,1076,16,55,1,91,書籍,児童書,児童文庫,児童文庫,その他児童文庫,碧井こなつ,8137,スターツ出版,43270868.0,ヴァンパイア・溺愛パラダイス,野いちごジュニア文庫,20230120,1205,,
190,9784591176061,おしりたんてい　ププッ　でんせつのかたなをまもれ　アニメコミック,１４,1076,16,41,5,7,書籍,児童書,読み物,読み物,おしりたんていシリーズ,トロル,591,ポプラ社,43109435.0,おしりたんてい　アニメコミック,,20230118,1706,,
191,9784592107170,ノラネコぐんだん大図鑑　１０周年限定特典付き,,1076,16,7,1,201,書籍,児童書,絵本,国内絵本,ノラネコぐんだん,工藤ノリコ,592,白泉社,43368273.0,ノラネコぐんだん大図鑑　１０周年限定特典付き,［バラエティ］,20221118,4094,,ノラネコぐんだん
192,9784533151545,るるぶマンガとクイズで楽しく学ぶ！日本の歴史人物伝,,1076,16,71,5,1,書籍,児童書,学習百科,学習漫画,日本の歴史,伊藤賀一,533,ＪＴＢ,43370158.0,るるぶマンガとクイズで楽しく学ぶ！日本の歴史人物伝,,20221115,1294,,コミック版　日本の歴史
193,9784330059228,トミカ　はじめてのひらがなキューブ,,1076,16,91,1,1,書籍,児童書,グッズ,グッズ,知育玩具,,330,交通新聞社,43371216.0,トミカ　はじめてのひらがなキューブ,［バラエティ］,20221128,1031,,
194,9784083217487,迷宮教室　裏切りの「友達処刑ゲーム」,,1076,16,55,1,18,書籍,児童書,児童文庫,児童文庫,集英社みらい文庫,あいはらしゅう,8,集英社,43366739.0,迷宮教室　裏切りの「友達処刑ゲーム」,集英社みらい文庫,20221028,1435,,
195,9784097353508,めくってあそぼう！しかけえほん　シナぷしゅ,,1076,16,21,1,51,書籍,児童書,キャラクター絵本,キャラクター絵本,その他キャラクター,,9,小学館,43379300.0,めくってあそぼう！しかけえほん　シナぷしゅ,,20221121,1384,,あっ！とおどろくしかけえほん
196,9784083217470,絶対好きにならない同盟　～歌姫はラブソングが超ニガテ！～,,1076,16,55,1,18,書籍,児童書,児童文庫,児童文庫,集英社みらい文庫,夜野せせり,8,集英社,43366738.0,絶対好きにならない同盟　～歌姫はラブソングが超ニガテ！～,集英社みらい文庫,20221028,1546,,
197,9784083217463,相方なんかになりません！　転校生はなにわのお笑い男子！？,,1076,16,55,1,18,書籍,児童書,児童文庫,児童文庫,集英社みらい文庫,遠山彼方,8,集英社,43366737.0,相方なんかになりません！　転校生はなにわのお笑い男子！？,集英社みらい文庫,20221028,1230,,
198,9784083217494,絶叫学級　パーティーのいけにえ　編,,1076,16,55,1,18,書籍,児童書,児童文庫,児童文庫,集英社みらい文庫,いしかわえみ,8,集英社,43366740.0,絶叫学級　パーティーのいけにえ　編,集英社みらい文庫,20221028,2939,,
199,9784791631902,ミラクルきょうふ！　意味がわかると怖いストーリー,,1076,16,41,5,41,書籍,児童書,読み物,読み物,おばけ・こわい話,朔月糸,7916,西東社,43369786.0,ミラクルきょうふ！　意味がわかると怖いストーリー,,20221107,2900,,
200,9784813780748,総長さま、溺愛中につき。　最強イケメンの溺愛バトルは再加速！？,７,1076,16,55,1,91,書籍,児童書,児童文庫,児童文庫,その他児童文庫,＊あいら＊,8137,スターツ出版,43205111.0,総長さま、溺愛中につき。,野いちごジュニア文庫,20221220,9229,,
201,9784813780717,となりの一条三兄弟！,３,1076,16,55,1,91,書籍,児童書,児童文庫,児童文庫,その他児童文庫,永良サチ,8137,スターツ出版,43313007.0,となりの一条三兄弟！,野いちごジュニア文庫,20221118,1247,,
202,9784083217654,渚くんをお兄ちゃんとは呼ばない　～これからも大好き～,,1076,16,55,1,18,書籍,児童書,児童文庫,児童文庫,集英社みらい文庫,夜野せせり,8,集英社,43386788.0,渚くんをお兄ちゃんとは呼ばない　～これからも大好き～,渚くんをお兄ちゃんとは呼ばない,20230127,2096,,
203,9784083217678,逃走中　オリジナルストーリー　暗闇からハンター！？　夜の遊園地で恐怖に立ちむかえ！,,1076,16,55,1,18,書籍,児童書,児童文庫,児童文庫,集英社みらい文庫,逃走中,8,集英社,43386790.0,逃走中　オリジナルストーリー　暗闇からハンター！？　夜の遊園地で恐怖に立ちむかえ！,逃走中　オリジナルストーリー,20230127,2799,,
204,9784774738642,メイクアップぬりえ　キュートポップコレクション,,1076,16,15,1,41,書籍,児童書,しかけ絵本,しかけ絵本,ぬりえ,,7747,コスミック出版,43380025.0,メイクアップぬりえ　キュートポップコレクション,［バラエティ］,20221128,3637,,
205,9784813780670,放課後★七不思議！　イケメンたちが優結を救う！？涙と笑顔のハッピーエンド,,1076,16,55,1,91,書籍,児童書,児童文庫,児童文庫,その他児童文庫,永良サチ,8137,スターツ出版,43365496.0,放課後★七不思議！　イケメンたちが優結を救う！？涙と笑顔のハッピーエンド,野いちごジュニア文庫,20221020,1184,,
206,9784813780687,告白したのは、君だから。　かんちがいから始まるホントの恋,,1076,16,55,1,91,書籍,児童書,児童文庫,児童文庫,その他児童文庫,神戸遥真,8137,スターツ出版,43365497.0,告白したのは、君だから。　かんちがいから始まるホントの恋,野いちごジュニア文庫,20221020,1540,,
207,9784813780694,願いごとガチャ　願いをかなえるアイテム当たります,,1076,16,55,1,91,書籍,児童書,児童文庫,児童文庫,その他児童文庫,Ｓｙｔｒｙ,8137,スターツ出版,43365498.0,願いごとガチャ　願いをかなえるアイテム当たります,野いちごジュニア文庫,20221020,1312,,
208,9784087901009,おしりダンディ　ザ・ヤング　きょうりゅうのしま,,1076,16,41,5,7,書籍,児童書,読み物,読み物,おしりたんていシリーズ,トロル,8,集英社,43375621.0,おしりダンディ　ザ・ヤング　きょうりゅうのしま,おしりダンディ　アドベンチャー,20221125,4060,,
209,9784083217500,二条くんはわたしの執事　ダンスパーティーで運命の告白！？,,1076,16,55,1,18,書籍,児童書,児童文庫,児童文庫,集英社みらい文庫,小桜すず,8,集英社,43375617.0,二条くんはわたしの執事　ダンスパーティーで運命の告白！？,集英社みらい文庫,20221125,1052,,
210,9784083217524,生き残りゲーム　ラストサバイバル　かせぐが勝ちの学園生活！　サバイバルポイント,,1076,16,55,1,18,書籍,児童書,児童文庫,児童文庫,集英社みらい文庫,大久保開,8,集英社,43375619.0,生き残りゲーム　ラストサバイバル　かせぐが勝ちの学園生活！　サバイバルポイント,集英社みらい文庫,20221125,1380,,サバイバルシリーズ
211,9784083217531,鬼滅の刃　ノベライズ　～カナヲと無一郎！　命をかけた闘い編～,,1076,16,55,1,18,書籍,児童書,児童文庫,児童文庫,集英社みらい文庫,吾峠呼世晴,8,集英社,43375620.0,鬼滅の刃　ノベライズ　～カナヲと無一郎！　命をかけた闘い編～,集英社みらい文庫,20221125,7309,,
212,9784083217517,霧島くんは普通じゃない　～ヴァンパイア三兄弟と同居！？　ドキドキの新学期～,,1076,16,55,1,18,書籍,児童書,児童文庫,児童文庫,集英社みらい文庫,麻井深雪,8,集英社,43375618.0,霧島くんは普通じゃない　～ヴァンパイア三兄弟と同居！？　ドキドキの新学期～,集英社みらい文庫,20221125,9626,,
213,9784494003808,みかんくんがね・・,,1076,16,11,3,5,書籍,児童書,幼児絵本,知育絵本,たべもの絵本,とよたかずひこ,494,童心社,43365481.0,みかんくんがね・・,おいしいともだち,20221014,1470,おいしいともだち,
214,9784083217593,戦国姫　徳川家康と運命の姫君たち　於大の方、瀬名姫ほか,,1076,16,55,1,18,書籍,児童書,児童文庫,児童文庫,集英社みらい文庫,藤咲あゆな,8,集英社,43382710.0,戦国姫　徳川家康と運命の姫君たち　於大の方、瀬名姫ほか,集英社みらい文庫,20221216,1838,,
215,9784083217609,アイ・アム・冒険少年　脱出島　オリジナルストーリー　友情でミッションを乗り越えろ！,,1076,16,55,1,18,書籍,児童書,児童文庫,児童文庫,集英社みらい文庫,アイ・アム・冒険少年,8,集英社,43382711.0,アイ・アム・冒険少年　脱出島　オリジナルストーリー　友情でミッションを乗り越えろ！,集英社みらい文庫,20221216,1110,,
216,9784522803356,サイレンカー　だいずかん　６５ピース,,1076,16,91,1,13,書籍,児童書,グッズ,グッズ,ジグソーパズル,松島浩一郎,522,永岡書店,43365873.0,サイレンカー　だいずかん　６５ピース,頭のいい子を育むジグソー知育パズル,20221011,1198,,
217,9784522439999,１０才からの勉強が得意になる方法,,1076,16,71,1,8,書籍,児童書,学習百科,学習百科,その他教科,葉一,522,永岡書店,43365870.0,１０才からの勉強が得意になる方法,大人だって本当は知らない,20221011,1120,大人だって本当は知らない,
218,9784522803134,ごはんもぐもぐいただきま～す！　とびだすえほん,,1076,16,15,1,21,書籍,児童書,しかけ絵本,しかけ絵本,しかけ絵本,さくらいひろし,522,永岡書店,43365871.0,ごはんもぐもぐいただきま～す！　とびだすえほん,,20221011,1427,とびだすえほん,
219,9784083217586,青星学園★チームＥＹＥーＳの事件ノート　翔太の熱い体育祭！ハチマキにこめた気持ち,,1076,16,55,1,18,書籍,児童書,児童文庫,児童文庫,集英社みらい文庫,相川真,8,集英社,43382709.0,青星学園★チームＥＹＥーＳの事件ノート　翔太の熱い体育祭！ハチマキにこめた気持ち,集英社みらい文庫,20221216,3319,,
220,9784083217548,花とつぼみと、きみのこと。　だいじな想いの咲かせかた,,1076,16,55,1,18,書籍,児童書,児童文庫,児童文庫,集英社みらい文庫,五十嵐美怜,8,集英社,43382705.0,花とつぼみと、きみのこと。　だいじな想いの咲かせかた,集英社みらい文庫,20221216,1305,,
221,9784083217555,天宮家の王子さま　メイドのわたしのバレンタイン計画！,,1076,16,55,1,18,書籍,児童書,児童文庫,児童文庫,集英社みらい文庫,白井ごはん,8,集英社,43382706.0,天宮家の王子さま　メイドのわたしのバレンタイン計画！,集英社みらい文庫,20221216,1863,,
222,9784083217562,おチビがうちにやってきた！　動物園で事件！あらたな能力児、あらわる！？,,1076,16,55,1,18,書籍,児童書,児童文庫,児童文庫,集英社みらい文庫,柴野理奈子,8,集英社,43382707.0,おチビがうちにやってきた！　動物園で事件！あらたな能力児、あらわる！？,集英社みらい文庫,20221216,1932,,
223,9784083217579,海色ダイアリー～五つ子アイドルと五河の夢～,,1076,16,55,1,18,書籍,児童書,児童文庫,児童文庫,集英社みらい文庫,みゆ,8,集英社,43382708.0,海色ダイアリー～五つ子アイドルと五河の夢～,集英社みらい文庫,20221216,6947,,
224,9784031271905,すうじのかくれんぼ,,1076,16,15,1,21,書籍,児童書,しかけ絵本,しかけ絵本,しかけ絵本,いしかわこうじ,3,偕成社,43370935.0,すうじのかくれんぼ,あっ！とおどろくしかけえほん,20221205,1086,あっ！とおどろくしかけえほん,
225,9784036358502,あやし、おそろし、天獄園,,1076,16,41,5,24,書籍,児童書,読み物,読み物,ふしぎ駄菓子屋銭天堂シリーズ,廣嶋玲子,3,偕成社,43363698.0,あやし、おそろし、天獄園,,20221124,9990,,
226,9784074514120,女の子おりがみ,,1076,16,61,1,1,書籍,児童書,実用百科,実用百科,おりがみ,たつくりのおりがみ,7,主婦の友社,43378772.0,女の子おりがみ,,20221202,1971,,
