JAN,SHOSINM,KANSU,ITMCD,DAIGENRECD,CHUGENRECD,SHOGENRECD,SIKIRIBANCD,ITMNM,DAIGENRENM,CHUGENRENM,SHOGENRENM,SIKIRIBANNM,CHOSHANM,SHPNSHACD,SHPNSHANM,SAKUHINCD,SAKUHINNM,SOSHONM,HATUBAIYMD,ANNUAL_SALES,SERIESNM
9784046322173,ジュニア　空想科学読本,２５,1076,16,0055,0001,0015,書籍,児童書,児童文庫,児童文庫,角川つばさ文庫,柳田理科雄,0000004,ＫＡＤＯＫＡＷＡ,42475688,ジュニア　空想科学読本,角川つばさ文庫,20221214,2628,
9784041125694,きょうりゅうかくれんぼ,,1076,16,0007,0004,0001,書籍,児童書,絵本,さがしもの絵本,さがしもの絵本,聞かせ屋。けいたろう,0000004,ＫＡＤＯＫＡＷＡ,43360531,きょうりゅうかくれんぼ,,20221004,8029,
9784577051061,ブンブーン！バイキンメカ,,1076,16,0021,0001,0001,書籍,児童書,キャラクター絵本,キャラクター絵本,アンパンマン,やなせたかし,0000577,フレーベル館,43376238,ブンブーン！バイキンメカ,［バラエティ］　アンパンマンタイヤえほん,20221021,1078,アンパンマンタイヤえほん
9784577051054,ゴーゴー！アンパンマンごう,,1076,16,0021,0001,0001,書籍,児童書,キャラクター絵本,キャラクター絵本,アンパンマン,やなせたかし,0000577,フレーベル館,43365400,アンパンマンタイヤえほん,［バラエティ］　アンパンマンタイヤえほん,20221021,2108,アンパンマンタイヤえほん
9784865492873,はたらくくるま,,1076,16,0011,0002,0001,書籍,児童書,幼児絵本,ファーストブック,ファーストブック,伊藤アキラ,0086549,ひさかたチャイルド,43373876,はたらくくるま,,20221215,1061,
9784092592117,ドラえもん探究ワールド　ねむりと夢のふしぎ,,1076,16,0071,0001,0021,書籍,児童書,学習百科,学習百科,ドラえもんの学習シリ－ズ,藤子・Ｆ・不二雄,0000009,小学館,43383706,ドラえもん探究ワールド　ねむりと夢のふしぎ,ビッグ・コロタン,20221207,4103,ビッグコロタン
9784097353485,ぷしゅぷしゅの　こんにちは！,,1076,16,0021,0001,0051,書籍,児童書,キャラクター絵本,キャラクター絵本,その他キャラクター,テレビ東京,0000009,小学館,43380285,ぷしゅぷしゅの　こんにちは！,ゆびにんぎょうえほん　シナぷしゅ,20221207,2381,シナぷしゅ
9784097353492,ワンワンの　パンやさん,,1076,16,0021,0001,0051,書籍,児童書,キャラクター絵本,キャラクター絵本,その他キャラクター,ＮＨＫエデュケーショナル,0000009,小学館,43380286,ワンワンの　パンやさん,ゆびにんぎょうえほん　いないいないばあっ！,20221207,1598,ゆびにんぎょうえほん　いないいないばあっ！
9784591175651,トミカコレクション　２０２３,,1076,16,0021,0001,0055,書籍,児童書,キャラクター絵本,キャラクター絵本,超ひみつゲット,タカラトミー,0000591,ポプラ社,43380018,トミカコレクション　２０２３,超ひみつゲット！,20221207,3380,超ひみつゲット
9784591175798,ないしょの未来日記　恋愛ギライな私とフキゲンな王子様,１,1076,16,0055,0001,0091,書籍,児童書,児童文庫,児童文庫,その他児童文庫,高杉六花,0000591,ポプラ社,43379932,ないしょの未来日記　恋愛ギライな私とフキゲンな王子様,ポプラキミノベル　創作,20221207,1396,
9784591175644,きかんしゃトーマス　キャラクターずかん,,1076,16,0021,0001,0055,書籍,児童書,キャラクター絵本,キャラクター絵本,超ひみつゲット,,0000591,ポプラ社,43380017,きかんしゃトーマス　キャラクターずかん,超ひみつゲット！,20221207,2851,超ひみつゲット
9784591175699,ティンクル・セボンスター　アンナと宝石の国の女王様　初回配本限定きらきらペンダントつき,８,1076,16,0041,0005,0005,書籍,児童書,読み物,読み物,低学年読み物,菊田みちよ,0000591,ポプラ社,42723633,ティンクル・セボンスター,,20221214,1121,
9784591175514,おかあさんといっしょ　おうたで　わーい！,,1076,16,0015,0001,0001,書籍,児童書,しかけ絵本,しかけ絵本,音のでる絵本,,0000591,ポプラ社,43380292,おかあさんといっしょ　おうたで　わーい！,,20221209,4414,
9784591175866,かいけつゾロリの　あたまがよくなるボードゲームＢＯＸ,,1076,16,0091,0001,0008,書籍,児童書,グッズ,グッズ,その他ゲーム,原ゆたか,0000591,ポプラ社,43380293,かいけつゾロリの　あたまがよくなるボードゲームＢＯＸ,［バラエティ］,20221209,1483,
9784591175507,いないいないばあっ！　おうたで　わーい！,,1076,16,0015,0001,0001,書籍,児童書,しかけ絵本,しかけ絵本,音のでる絵本,,0000591,ポプラ社,43380291,いないいないばあっ！　おうたで　わーい！,,20221209,3470,
9784065301036,仮面ライダーギーツとあそぼう！　レジェンド,,1076,16,0035,0001,0011,書籍,児童書,絵本塔,絵本塔,講談社,講談社,0000006,講談社,43379298,仮面ライダーギーツとあそぼう！　レジェンド,講談社ＭＯＯＫ　テレビマガジンＭＯＯＫ,20221215,6561,講談社ＭＯＯＫ　テレビマガジンＭＯＯＫ
9784591175637,アナと雪の女王まちがいさがし　エルサのプレゼント,,1076,16,0021,0001,0005,書籍,児童書,キャラクター絵本,キャラクター絵本,ディズニー,,0000591,ポプラ社,43380016,アナと雪の女王まちがいさがし　エルサのプレゼント,,20221207,1526,ディズニー
9784591175668,プラレールコレクション　２０２３,,1076,16,0021,0001,0055,書籍,児童書,キャラクター絵本,キャラクター絵本,超ひみつゲット,タカラトミー,0000591,ポプラ社,43380019,プラレールコレクション　２０２３,超ひみつゲット！,20221207,1926,超ひみつゲット
9784591175705,ミオととなりのマーメイド　つながる心でラストマジック！,１２,1076,16,0041,0005,0051,書籍,児童書,読み物,読み物,ファンタジー,ミランダ・ジョーンズ,0000591,ポプラ社,43380020,ミオととなりのマーメイド　つながる心でラストマジック！,,20221207,2053,
9784591175682,かいけつゾロリ　きょうりゅうママをすくえ！,,1076,16,0041,0005,0011,書籍,児童書,読み物,読み物,かいけつゾロリシリーズ,原ゆたか,0000591,ポプラ社,43379327,かいけつゾロリ　きょうりゅうママをすくえ！,かいけつゾロリシリーズ,20221207,11002,
9784774738659,くるくるまわる！ビーだまビッグコースター,,1076,16,0091,0001,0091,書籍,児童書,グッズ,グッズ,その他グッズ,,0007747,コスミック出版,43383195,くるくるまわる！ビーだまビッグコースター,［バラエティ］,20221213,1154,
9784074521562,きみのこころをつよくする　えほん,,1076,16,0007,0001,0092,書籍,児童書,絵本,国内絵本,国内絵本,足立啓美,0000007,主婦の友社,43360941,きみのこころをつよくする　えほん,,20221004,1291,
9784265809660,妖怪捕物帖乙　冥界彷徨篇　無間地獄は阿鼻の闇４,,1076,16,0041,0005,0005,書籍,児童書,読み物,読み物,低学年読み物,大崎悌造,0000265,岩崎書店,43363706,妖怪捕物帖乙　冥界彷徨篇　無間地獄は阿鼻の闇４,ようかいとりものちょう,20221018,2680,
9784052056727,最強王キャラ図鑑,,1076,16,0061,0001,0091,書籍,児童書,実用百科,実用百科,その他実用百科,国際最強王図鑑協会,0000005,学研プラス,43375608,最強王キャラ図鑑,最強王図鑑シリーズ,20221222,17170,最強王図鑑シリーズ
9784092592100,ドラえもん科学ワールドｓｐｅｃｉａｌ　みんなのためのデジタル入門,,1076,16,0071,0001,0021,書籍,児童書,学習百科,学習百科,ドラえもんの学習シリ－ズ,藤子・Ｆ・不二雄,0000009,小学館,43363325,ドラえもん科学ワールドｓｐｅｃｉａｌ　みんなのためのデジタル入門,ビッグ・コロタン,20221116,5840,ビッグコロタン
9784097504368,てれびくん超ひゃっかシリーズ　ウルトラマンデッカー　デッカー＆ヒーローバトルずかん,,1076,16,0021,0001,0041,書籍,児童書,キャラクター絵本,キャラクター絵本,ヒーロー,間宮尚彦,0000009,小学館,43378663,てれびくん超ひゃっかシリーズ　ウルトラマンデッカー　デッカー＆ヒーローバトルずかん,超ひゃっか,20221116,1345,超ひゃっか
9784198655471,スタジオジブリのヒロインがいっぱい,,1076,16,0021,0001,0035,書籍,児童書,キャラクター絵本,キャラクター絵本,ジブリ,スタジオジブリ,0000019,徳間書店,43359658,スタジオジブリのヒロインがいっぱい,徳間アニメ絵本ミニ,20221015,1165,ジブリ
9784092592094,ドラえもん探究ワールド　本の歴史と未来,,1076,16,0071,0001,0021,書籍,児童書,学習百科,学習百科,ドラえもんの学習シリ－ズ,藤子・Ｆ・不二雄,0000009,小学館,43370509,ドラえもん探究ワールド　本の歴史と未来,ビッグ・コロタン,20221116,2865,ビッグコロタン
9784041126554,どっちが強い！？Ａ　無人島でロボバトル！,２,1076,16,0071,0005,0031,書籍,児童書,学習百科,学習漫画,どっちが強い！？シリーズ,レッドコード,0000004,ＫＡＤＯＫＡＷＡ,43369333,どっちが強い！？Ａ,,20221116,2794,どっちが強い！？シリーズ
9784041126547,どっちが強い！？Ａ　ロボットで入学試験！？,１,1076,16,0071,0005,0031,書籍,児童書,学習百科,学習漫画,どっちが強い！？シリーズ,スライウム,0000004,ＫＡＤＯＫＡＷＡ,43369333,どっちが強い！？Ａ,,20221116,3393,どっちが強い！？シリーズ
9784791631889,ミラクルハピネス　心理テスト１４１２,,1076,16,0061,0001,0021,書籍,児童書,実用百科,実用百科,心理ゲーム・占い,ミラクル心理研究会,0007916,西東社,43368800,ミラクルハピネス　心理テスト１４１２,,20221015,1953,
9784791631926,ミラクルハピネス　誕生日＆うらない大全,,1076,16,0061,0001,0021,書籍,児童書,実用百科,実用百科,心理ゲーム・占い,ルナ・アヴニール,0007916,西東社,43370161,ミラクルハピネス　誕生日＆うらない大全,,20221015,1880,
9784522803424,じゃがりこバスボール　りんごのかおり,,1076,16,0091,0001,0091,書籍,児童書,グッズ,グッズ,その他グッズ,,0000522,永岡書店,43376318,じゃがりこバスボール　りんごのかおり,,20221110,5856,
9784522803431,たべっ子どうぶつバスボール　りんごのかおり,１,1076,16,0091,0001,0091,書籍,児童書,グッズ,グッズ,その他グッズ,,0000522,永岡書店,43376252,たべっ子どうぶつバスボール　りんごのかおり,,20221110,4280,
9784522440513,おしえて　おしえて　かわいいの　だぁれ？　こころをはぐくむ　ふれあいえほん,,1076,16,0011,0002,0001,書籍,児童書,幼児絵本,ファーストブック,ファーストブック,うらつかりょうま,0000522,永岡書店,43380013,おしえて　おしえて　かわいいの　だぁれ？　こころをはぐくむ　ふれあいえほん,,20221212,1647,
9784074531738,ゆめみる　おひめさま図鑑,,1076,16,0007,0001,0092,書籍,児童書,絵本,国内絵本,国内絵本,たけいみき,0000007,主婦の友社,43380010,ゆめみる　おひめさま図鑑,,20221208,1286,
9784801933798,マインクラフト３つの試練,,1076,16,0041,0005,0015,書籍,児童書,読み物,読み物,中学年読み物,スイー・デイヴィース,0008019,竹書房,43366428,マインクラフト３つの試練,,20221216,2375,
9784522803493,最恐！　危険生物かるた　超危険な生物のなまえで　ひらがなとカタカナをおぼえよう！,,1076,16,0091,0001,0005,書籍,児童書,グッズ,グッズ,かるた,岩崎政志,0000522,永岡書店,43373845,最恐！　危険生物かるた　超危険な生物のなまえで　ひらがなとカタカナをおぼえよう！,,20221110,1039,
9784074523115,いきもののふしぎはっけん！３６６クイズ,,1076,16,0071,0001,0407,書籍,児童書,学習百科,学習百科,理科　動物,主婦の友社,0000007,主婦の友社,43377197,いきもののふしぎはっけん！３６６クイズ,頭のいい子を育てる,20221117,1300,頭のいい子を育てる
9784774738604,とびだす！かわいい！どうぶつピアノ,,1076,16,0015,0001,0001,書籍,児童書,しかけ絵本,しかけ絵本,音のでる絵本,,0007747,コスミック出版,43383715,とびだす！かわいい！どうぶつピアノ,［バラエティ］,20221216,1157,
9784651202686,歴史バトル図鑑　最強！戦国武将決定戦,,1076,16,0071,0001,0047,書籍,児童書,学習百科,学習百科,歴史（読みもの）,小和田哲男,0000651,ＯＮＥ　ＰＵＢＬＩＳＨＩＮＧ,43372104,歴史バトル図鑑　最強！戦国武将決定戦,,20221117,1543,
9784074535231,ＢＴ２１　まちがいをさがせ！,,1076,16,0007,0004,0001,書籍,児童書,絵本,さがしもの絵本,さがしもの絵本,ＬＩＮＥＦｒｉｅｎｄｓＪａｐａｎ,0000007,主婦の友社,43384708,ＢＴ２１　まちがいをさがせ！,,20221212,1531,
9784415332178,でんしゃずかん,,1076,16,0011,0003,0001,書籍,児童書,幼児絵本,知育絵本,知育絵本,成美堂出版編集部,0000415,成美堂出版,43378669,でんしゃずかん,じぶんでよめる,20221110,2263,じぶんでよめる
9784415332161,のりものずかん,,1076,16,0011,0003,0001,書籍,児童書,幼児絵本,知育絵本,知育絵本,成美堂出版編集部,0000415,成美堂出版,43378668,のりものずかん,じぶんでよめる,20221110,2346,じぶんでよめる
9784415331942,音と光のでる絵本　スイッチくるくる,,1076,16,0015,0001,0001,書籍,児童書,しかけ絵本,しかけ絵本,音のでる絵本,かしわらあきお,0000415,成美堂出版,43376866,音と光のでる絵本　スイッチくるくる,［バラエティ］,20221102,3924,
9784774622767,れいぞうこのそこのそこ　りんごのまほう,,1076,16,0007,0001,0097,書籍,児童書,絵本,国内絵本,３才～国内絵本,うえだしげこ,0007746,教育画劇,43359665,れいぞうこのそこのそこ　りんごのまほう,れいぞうこのあるあるえほん,20221006,1296,れいぞうこのあるあるえほん
9784757568204,絵本　おじさまと猫　ふくまるとしあわせの宇宙船,,1076,16,0007,0001,0092,書籍,児童書,絵本,国内絵本,国内絵本,桜井海,0007575,スクウェア・エニックス,43175894,絵本　おじさまと猫　ふくまるとしあわせの宇宙船,,20221111,1836,
9784265081899,いつつごうさぎとゆきのもり,,1076,16,0007,0001,0097,書籍,児童書,絵本,国内絵本,３才～国内絵本,まつおりかこ,0000265,岩崎書店,43377202,いつつごうさぎとゆきのもり,,20221207,8881,
9784265074877,にじいろフェアリーしずくちゃん　７つのストーンのひみつ,７,1076,16,0041,0005,0005,書籍,児童書,読み物,読み物,低学年読み物,友永コリエ,0000265,岩崎書店,43064309,にじいろフェアリーしずくちゃん,,20221213,2521,
9784299033833,まいぜんシスターズのまちがいさがしＢＯＯＫ,,1076,16,0007,0004,0001,書籍,児童書,絵本,さがしもの絵本,さがしもの絵本,まいぜんシスターズ,0000299,宝島社,43373394,まいぜんシスターズのまちがいさがしＢＯＯＫ,,20221025,8332,
9784065293423,ディズニーガールズと　いっしょに　おふろで　あいうえお　アルファベットひょうつき,,1076,16,0091,0001,0004,書籍,児童書,グッズ,グッズ,ウォールチャート,講談社,0000006,講談社,43362345,ディズニーガールズと　いっしょに　おふろで　あいうえお　アルファベットひょうつき,,20221018,1207,
9784405073623,図解大事典　ドラゴン,,1076,16,0061,0001,0091,書籍,児童書,実用百科,実用百科,その他実用百科,龍・ドラゴン研究チームＴ＆Ｈ,0000405,新星出版社,43370151,図解大事典　ドラゴン,,20221215,1378,
9784065300992,全ウルトラマン　パーフェクト大図鑑　増補改訂,,1076,16,0035,0001,0011,書籍,児童書,絵本塔,絵本塔,講談社,講談社,0000006,講談社,43385230,全ウルトラマン　パーフェクト大図鑑　増補改訂,講談社ＭＯＯＫ　テレビマガジンＭＯＯＫ,20221215,2052,講談社ＭＯＯＫ　テレビマガジンＭＯＯＫ
9784046321862,恐怖コレクター　宿命の再会,２０,1076,16,0055,0001,0015,書籍,児童書,児童文庫,児童文庫,角川つばさ文庫,佐東みどり,0000004,ＫＡＤＯＫＡＷＡ,42675589,恐怖コレクター,角川つばさ文庫,20221214,3311,
9784041122914,どっちが強い！？　ピットブルｖｓオオヤマネコ　豪華客船でイヌネコ対決,,1076,16,0071,0005,0031,書籍,児童書,学習百科,学習漫画,どっちが強い！？シリーズ,ジノ,0000004,ＫＡＤＯＫＡＷＡ,43377192,どっちが強い！？　ピットブルｖｓオオヤマネコ　豪華客船でイヌネコ対決,角川まんが学習シリーズ,20221214,8827,どっちが強い！？シリーズ
9784046321756,時間割男子　ヒミツにせまる動物園！,１０,1076,16,0055,0001,0015,書籍,児童書,児童文庫,児童文庫,角川つばさ文庫,一ノ瀬三葉,0000004,ＫＡＤＯＫＡＷＡ,43100036,時間割男子,角川つばさ文庫,20221214,6937,
9784046321824,星のカービィ　まんぷく、まんまる、グルメフェス！,,1076,16,0055,0001,0015,書籍,児童書,児童文庫,児童文庫,角川つばさ文庫,高瀬美恵,0000004,ＫＡＤＯＫＡＷＡ,43345582,星のカービィ　ディスカバリー,角川つばさ文庫,20221214,16780,
9784046321923,世界一クラブ　スター・ダイヤを取りもどせ！,,1076,16,0055,0001,0015,書籍,児童書,児童文庫,児童文庫,角川つばさ文庫,大空なつき,0000004,ＫＡＤＯＫＡＷＡ,43377084,世界一クラブ　スター・ダイヤを取りもどせ！,角川つばさ文庫,20221214,2854,
9784049145472,星のカービィ　プププナゾトレブック,,1076,16,0021,0001,0051,書籍,児童書,キャラクター絵本,キャラクター絵本,その他キャラクター,ワープスター,0000004,ＫＡＤＯＫＡＷＡ,43375600,星のカービィ　プププナゾトレブック,,20221214,1030,
9784046322012,怪盗レッド　家族の絆は、うばえない☆の巻,２２,1076,16,0055,0001,0015,書籍,児童書,児童文庫,児童文庫,角川つばさ文庫,秋木真,0000004,ＫＡＤＯＫＡＷＡ,40911770,怪盗レッド,角川つばさ文庫,20221214,3620,
9784065291702,仮面ライダーギーツとあそぼう！,,1076,16,0035,0001,0011,書籍,児童書,絵本塔,絵本塔,講談社,講談社,0000006,講談社,43372549,仮面ライダーギーツとあそぼう！,,20221025,9965,仮面ライダー
9784065301821,氷の上のプリンセス　シニア編,３,1076,16,0055,0001,0011,書籍,児童書,児童文庫,児童文庫,青い鳥文庫,風野潮,0000006,講談社,43308401,氷の上のプリンセス　シニア編,講談社青い鳥文庫,20221214,1168,
9784057508412,学研の科学　大図鑑プロジェクター　世界とつながるほんもの体験キット,,1076,16,0061,0001,0065,書籍,児童書,実用百科,実用百科,実験・自由研究,学研の科学編集部,0000005,学研プラス,43372767,学研の科学　大図鑑プロジェクター　世界とつながるほんもの体験キット,［バラエティ］,20221213,4487,
9784052056437,５分後に意外な結末ｅｘ　亜麻色の糸で紡がれた物語,,1076,16,0041,0005,0022,書籍,児童書,読み物,読み物,５分後に意外な結末シリーズ,桃戸ハル,0000005,学研プラス,43363323,５分後に意外な結末ｅｘ　亜麻色の糸で紡がれた物語,「５分後に意外な結末」シリーズ,20221215,3716,
9784052056154,マンガ・クイズつき『桃太郎電鉄』で学ぶお金・経済のしくみ攻略,,1076,16,0071,0001,0005,書籍,児童書,学習百科,学習百科,社会,正頭英和,0000005,学研プラス,43375602,マンガ・クイズつき『桃太郎電鉄』で学ぶお金・経済のしくみ攻略,,20221215,2107,
9784023322158,テーマパークのサバイバル,,1076,16,0071,0005,0021,書籍,児童書,学習百科,学習漫画,サバイバルシリーズ,ポドアルチング,0000002,朝日新聞出版,43380283,テーマパークのサバイバル,かがくるＢＯＯＫ　科学漫画サバイバルシリーズ　８１,20221207,21666,サバイバルシリーズ
9784052056819,なぜ？がわかる！　にゃんこ大戦争クイズブック　～科学のぎもん編～,,1076,16,0061,0001,0011,書籍,児童書,実用百科,実用百科,クイズ・なぞなぞ,ＰＯＮＯＳ,0000005,学研プラス,43375611,なぜ？がわかる！　にゃんこ大戦争クイズブック　～科学のぎもん編～,,20221215,1667,
9784052056444,５分後に意外な結末ｅｘ　緑に覆われた世界の出来事,,1076,16,0041,0005,0022,書籍,児童書,読み物,読み物,５分後に意外な結末シリーズ,桃戸ハル,0000005,学研プラス,43363324,５分後に意外な結末ｅｘ　緑に覆われた世界の出来事,「５分後に意外な結末」シリーズ,20221215,3657,
9784049145663,星のカービィ　プププヒーロー　プププランド最大の事件！！編,,1076,16,0021,0001,0051,書籍,児童書,キャラクター絵本,キャラクター絵本,その他キャラクター,あおきけい,0000004,ＫＡＤＯＫＡＷＡ,43375601,星のカービィ　プププヒーロー　プププランド最大の事件！！編,,20221214,3238,
9784774622781,ポコポコクリスマスクッキー,,1076,16,0007,0001,0092,書籍,児童書,絵本,国内絵本,国内絵本,さかいさちえ,0007746,教育画劇,43372775,ポコポコクリスマスクッキー,,20221115,4582,
9784575317619,先生は教えてくれない！クレヨンしんちゃんの折れない心をつくる本,,1076,16,0071,0005,0091,書籍,児童書,学習百科,学習漫画,その他学習漫画,臼井儀人,0000575,双葉社,43366747,先生は教えてくれない！クレヨンしんちゃんの折れない心をつくる本,,20221117,1939,
9784861487880,おまわりさんセット,,1076,16,0091,0001,0091,書籍,児童書,グッズ,グッズ,その他グッズ,,0086148,シルバーバック,43375646,おまわりさんセット,［バラエティ］,20221020,2174,
9784867163436,まじょねこマーニャ　まほうのゆびわ,,1076,16,0007,0001,0092,書籍,児童書,絵本,国内絵本,国内絵本,さかいさちえ,0086716,マイクロマガジン社,43360949,まじょねこマーニャ　まほうのゆびわ,,20221005,1387,
9784861488047,カチッとクリスタルキューブ,,1076,16,0091,0001,0001,書籍,児童書,グッズ,グッズ,知育玩具,,0086148,シルバーバック,43382919,カチッとクリスタルキューブ,［バラエティ］,20221110,1743,
9784471104078,うちゅう,,1076,16,0081,0001,0011,書籍,児童書,図鑑,図鑑,学習図鑑シリーズ,山岡均,0000471,高橋書店,43370519,うちゅう,はじめてのずかん,20221129,1788,
9784763140210,ぺんたと小春のめんどいまちがいさがし　ＢＩＧ,,1076,16,0061,0001,0015,書籍,児童書,実用百科,実用百科,迷路・パズル,ペンギン飛行機製作所,0007631,サンマーク出版,43368795,ぺんたと小春のめんどいまちがいさがし　ＢＩＧ,,20221110,3474,
9784299036124,ドラゴン超絶バトル大図鑑,,1076,16,0061,0001,0091,書籍,児童書,実用百科,実用百科,その他実用百科,村上健司,0000299,宝島社,43373399,ドラゴン超絶バトル大図鑑,,20221024,1082,
9784299035875,桃太郎電鉄でわかる歴史の英雄大図鑑,,1076,16,0071,0001,0047,書籍,児童書,学習百科,学習百科,歴史（読みもの）,村瀬哲史,0000299,宝島社,43377522,桃太郎電鉄でわかる歴史の英雄大図鑑,,20221118,1075,
9784299036513,東大王からの挑戦！　めざせ子ども東大王　最強クイズ,,1076,16,0061,0001,0011,書籍,児童書,実用百科,実用百科,クイズ・なぞなぞ,ＴＢＳテレビ「東大王」クイズ制作チーム,0000299,宝島社,43385234,東大王からの挑戦！　めざせ子ども東大王　最強クイズ,,20221212,1491,
9784309629315,人類の物語　Ｕｎｓｔｏｐｐａｂｌｅ　Ｕｓ　ヒトはこうして地球の支配者になった,,1076,16,0071,0001,0047,書籍,児童書,学習百科,学習百科,歴史（読みもの）,ユヴァル・ノア・ハラリ,0000309,河出書房新社,43369411,人類の物語　Ｕｎｓｔｏｐｐａｂｌｅ　Ｕｓ　ヒトはこうして地球の支配者になった,,20221124,3248,
9784391158779,すみっコぐらしをさがせ　あつまるとあんしんです編,,1076,16,0021,0001,0051,書籍,児童書,キャラクター絵本,キャラクター絵本,その他キャラクター,主婦と生活社,0000391,主婦と生活社,43372086,すみっコぐらしをさがせ　あつまるとあんしんです編,,20221125,3339,
9784065264461,日本の歴史,,1076,16,0081,0001,0011,書籍,児童書,図鑑,図鑑,学習図鑑シリーズ,西谷大,0000006,講談社,43358029,日本の歴史,講談社の動く図鑑ＭＯＶＥ,20221129,3960,講談社の動く図鑑ＭＯＶＥ
9784265820658,ほねほねザウルス　パーフェクト図鑑,,1076,16,0041,0005,0013,書籍,児童書,読み物,読み物,ほねほねザウルスシリーズ,カバヤ食品,0000265,岩崎書店,43370950,ほねほねザウルス　パーフェクト図鑑,,20221117,2191,
9784065294994,はってはがせる！仮面ライダーギーツ超シールバトルロイヤル！,,1076,16,0035,0001,0011,書籍,児童書,絵本塔,絵本塔,講談社,講談社,0000006,講談社,43357380,はってはがせる！仮面ライダーギーツ超シールバトルロイヤル！,講談社ＭＯＯＫ　テレビマガジンＭＯＯＫ,20221024,1687,講談社ＭＯＯＫ　テレビマガジンＭＯＯＫ
9784065302576,超復刻版　タローマンかるた,,1076,16,0091,0001,0005,書籍,児童書,グッズ,グッズ,かるた,ＮＨＫ「ＴＡＲＯＭＡＮ」制作班,0000006,講談社,43370941,超復刻版　タローマンかるた,［バラエティ］,20221205,1043,
9784593103621,サンタさんのぼうし　どこいった？,,1076,16,0007,0003,0092,書籍,児童書,絵本,海外絵本,海外絵本,エマニュエル・レ,0000593,ほるぷ出版,43357126,サンタさんのぼうし　どこいった？,海外秀作絵本,20221011,1990,
9784593103782,クリスマスプレゼントなぁに？,,1076,16,0011,0002,0001,書籍,児童書,幼児絵本,ファーストブック,ファーストブック,フフフーン,0000593,ほるぷ出版,43357128,クリスマスプレゼントなぁに？,めくって　たのしい　しかけえほん,20221011,1726,めくって　たのしい　しかけえほん
9784408640617,マンガでよくわかる　ねこねこ日本史＜ジュニア版＞,１１,1076,16,0071,0001,0047,書籍,児童書,学習百科,学習百科,歴史（読みもの）,そにしけんじ,0000408,実業之日本社,42910337,マンガでよくわかる　ねこねこ日本史＜ジュニア版＞,,20221201,1274,
9784774333359,４さいからできる　しぜんとかがく,,1076,16,0071,0001,0004,書籍,児童書,学習百科,学習百科,理科,横山正,0007743,くもん出版,43366185,４さいからできる　しぜんとかがく,シールたっぷりレッスン,20221202,1225,シールたっぷりレッスン
9784284001205,いちねんせいえほん　はじめての「よのなかルールブック」,,1076,16,0011,0003,0001,書籍,児童書,幼児絵本,知育絵本,知育絵本,高濱正伸,0000284,日本図書センター,43383708,いちねんせいえほん　はじめての「よのなかルールブック」,,20230118,3484,
9784284001199,おまもりえほん　こどもぼうはんルールブック,,1076,16,0007,0001,0092,書籍,児童書,絵本,国内絵本,国内絵本,国崎信江,0000284,日本図書センター,43366741,おまもりえほん　こどもぼうはんルールブック,,20221019,2378,
9784774333335,５さいからできる　おかね　はじめて編,,1076,16,0071,0001,0007,書籍,児童書,学習百科,学習百科,道徳・教養,白井一之,0007743,くもん出版,43366183,５さいからできる　おかね　はじめて編,シールたっぷりレッスン,20221202,1674,シールたっぷりレッスン
9784774333366,４さいからできる　えいご,,1076,16,0071,0001,0006,書籍,児童書,学習百科,学習百科,英語,卯城祐司,0007743,くもん出版,43366186,４さいからできる　えいご,シールたっぷりレッスン,20221202,1180,シールたっぷりレッスン
9784065300985,あつまれ！　トミカ　いっぱいずかん,,1076,16,0035,0001,0011,書籍,児童書,絵本塔,絵本塔,講談社,,0000006,講談社,43384012,あつまれ！　トミカ　いっぱいずかん,講談社ＭＯＯＫ,20221208,2236,講談社ＭＯＯＫ
9784065291832,いちねんじゅうおばけずかん　ハロウィンかぼちゃん,,1076,16,0041,0005,0041,書籍,児童書,読み物,読み物,おばけ・こわい話,斉藤洋,0000006,講談社,43371446,いちねんじゅうおばけずかん　ハロウィンかぼちゃん,どうわがいっぱい,20221201,4592,
9784023322233,大雪のサバイバル,,1076,16,0071,0005,0021,書籍,児童書,学習百科,学習漫画,サバイバルシリーズ,ポドアルチング,0000002,朝日新聞出版,43392485,大雪のサバイバル,,20230207,2014,
9784405073586,頭のいい子が育つ葉加瀬太郎の英語のうた　ＣＤ付,,1076,16,0071,0001,0006,書籍,児童書,学習百科,学習百科,英語,葉加瀬太郎,0000405,新星出版社,43369780,頭のいい子が育つ葉加瀬太郎の英語のうた　ＣＤ付,,20221117,1069,
9784065297001,人狼サバイバル　疑心暗鬼！　水の都の人狼ゲーム,,1076,16,0055,0001,0011,書籍,児童書,児童文庫,児童文庫,青い鳥文庫,甘雪こおり,0000006,講談社,43367244,人狼サバイバル　疑心暗鬼！　水の都の人狼ゲーム,,20221109,4612,
9784046322067,泣き虫スマッシュ　がけっぷちのバドミントンペア、はじまる！？,１,1076,16,0055,0001,0015,書籍,児童書,児童文庫,児童文庫,角川つばさ文庫,平河ゆうき,0000004,ＫＡＤＯＫＡＷＡ,43369728,泣き虫スマッシュ　がけっぷちのバドミントンペア、はじまる！？,,20221109,1461,
9784041129081,パンどろぼうほかほかギフトボックス絵本３冊＋メッセージカード（全３冊セット）,,1076,16,0007,0001,0097,書籍,児童書,絵本,国内絵本,３才～国内絵本,柴田ケイコ,0000004,ＫＡＤＯＫＡＷＡ,43368305,パンどろぼうほかほかギフトボックス絵本３冊＋メッセージカード（全３冊セット）,,20221109,2583,
9784023322141,トンネルのサバイバル,,1076,16,0071,0005,0021,書籍,児童書,学習百科,学習漫画,サバイバルシリーズ,パク・ソンイ,0000002,朝日新聞出版,43366736,トンネルのサバイバル,かがくるＢＯＯＫ　科学漫画サバイバルシリーズ　８０,20221007,16746,サバイバルシリーズ
9784265811601,ちびちびうさまる　くまさんといっしょ,,1076,16,0007,0001,0092,書籍,児童書,絵本,国内絵本,国内絵本,ｓａｋｕｍａｒｕ,0000265,岩崎書店,43360127,ちびちびうさまる　くまさんといっしょ,,20221014,1160,
9784041097526,角川まんが学習シリーズ　日本の歴史　多様化する社会　平成時代～令和,１６,1076,16,0071,0005,0001,書籍,児童書,学習百科,学習漫画,日本の歴史,五百旗頭薫,0000004,ＫＡＤＯＫＡＷＡ,42677088,角川まんが学習シリーズ　日本の歴史,,20221013,4050,
9784065301944,トミカライトペンでしらべろ！トミカのひみつだいずかん,,1076,16,0035,0001,0011,書籍,児童書,絵本塔,絵本塔,講談社,講談社,0000006,講談社,43372075,トミカライトペンでしらべろ！トミカのひみつだいずかん,講談社ＭＯＯＫ,20221212,1595,講談社ＭＯＯＫ
9784065301197,ウルトラライトペンでちょうさせよ！ウルトラヒーロー＆かいじゅうひみつバトルだいず,,1076,16,0035,0001,0011,書籍,児童書,絵本塔,絵本塔,講談社,講談社,0000006,講談社,43372550,ウルトラライトペンでちょうさせよ！ウルトラヒーロー＆かいじゅうひみつバトルだいず,おと幼ムック,20221212,2061,おと幼ムック
9784023322219,科学探偵ｖｓ．超・自然現象（前）,,1076,16,0041,0005,0021,書籍,児童書,読み物,読み物,高学年読み物,佐東みどり,0000002,朝日新聞出版,43376612,科学探偵ｖｓ．超・自然現象,科学探偵謎野真実シリーズ,20221118,2031,
9784023322226,徳川家康へタイムワープ　？！歴史漫画タイムワープシリーズ,,1076,16,0071,0005,0091,書籍,児童書,学習百科,学習漫画,その他学習漫画,ＴＡＫ．Ｂｒｏ,0000002,朝日新聞出版,43376613,徳川家康へタイムワープ　？！歴史漫画タイムワープシリーズ,歴史人物ＢＯＯＫ,20221118,1415,歴史漫画タイムワープシリーズ
9784052056383,めくってばあ！,,1076,16,0011,0002,0001,書籍,児童書,幼児絵本,ファーストブック,ファーストブック,いりやまさとし,0000005,学研プラス,43369406,めくってばあ！,ＮＥＷぴよちゃんとあそぼ！,20221104,2138,ＮＥＷぴよちゃんとあそぼ！
9784834767544,わくわく楽しい！日本＆世界の旅行すごろく,,1076,16,0091,0001,0006,書籍,児童書,グッズ,グッズ,すごろく,,0008347,ブティック社,43375238,わくわく楽しい！日本＆世界の旅行すごろく,［バラエティ］,20221220,1026,
9784023333772,きらきら　ぴかぴか,,1076,16,0011,0002,0001,書籍,児童書,幼児絵本,ファーストブック,ファーストブック,瀧靖之,0000002,朝日新聞出版,43369774,きらきら　ぴかぴか,脳科学にもとづいた知育絵本,20221020,6616,脳科学にもとづいた知育絵本
9784052056239,ひみつの魔女フレンズ　まいごの子犬と魔法のリング,５,1076,16,0041,0005,0021,書籍,児童書,読み物,読み物,高学年読み物,宮下恵茉,0000005,学研プラス,43230639,ひみつの魔女フレンズ,,20221201,1376,
9784065296851,小説　ブルーロック,１,1076,16,0055,0001,0091,書籍,児童書,児童文庫,児童文庫,その他児童文庫,吉岡みつる,0000006,講談社,43367241,小説　ブルーロック,講談社ＫＫ文庫,20221117,1537,
9784057508382,妖怪最強王図鑑フィギュア,,1076,16,0091,0001,0091,書籍,児童書,グッズ,グッズ,その他グッズ,,0000005,学研プラス,43369073,妖怪最強王図鑑フィギュア,［バラエティ］　最強王図鑑シリーズ,20221126,12816,
9784092172661,小学館の図鑑ＮＥＯアート　図解　はじめての絵画,,1076,16,0081,0001,0011,書籍,児童書,図鑑,図鑑,学習図鑑シリーズ,青柳正規,0000009,小学館,43388151,小学館の図鑑ＮＥＯアート　図解　はじめての絵画,プレＮＥＯ,20230206,3053,
9784091125972,それいけ！アンパンマン　シールいっぱい！　たべものこれなあにブック,,1076,16,0035,0001,0001,書籍,児童書,絵本塔,絵本塔,小学館,やなせたかし,0000009,小学館,43377198,それいけ！アンパンマン　シールいっぱい！　たべものこれなあにブック,小学館のカラーワイド,20221124,1642,アンパンマン_小学館のカラーワイド
9784057508320,キャンディねんどでつくる　つやぷるアクセサリー,,1076,16,0061,0001,0043,書籍,児童書,実用百科,実用百科,おしゃれ,ｓａｒｉｃｏ,0000005,学研プラス,43369072,キャンディねんどでつくる　つやぷるアクセサリー,［バラエティ］　ガールズクラフト,20221115,1775,ガールズクラフト
9784577051092,めくってだあれ？,,1076,16,0021,0001,0001,書籍,児童書,キャラクター絵本,キャラクター絵本,アンパンマン,やなせたかし,0000577,フレーベル館,43372092,めくってだあれ？,ベイビー・アンパンマン,20221128,2020,ベイビー・アンパンマン
9784577050705,ＰＵＩ　ＰＵＩ　モルカー　を　さがせ！,,1076,16,0021,0001,0051,書籍,児童書,キャラクター絵本,キャラクター絵本,その他キャラクター,フレーベル館,0000577,フレーベル館,43370954,ＰＵＩ　ＰＵＩ　モルカー　を　さがせ！,,20221124,2027,ＰＵＩ　ＰＵＩ　モルカー
9784774333342,５さいからできる　プログラミング,,1076,16,0071,0001,0009,書籍,児童書,学習百科,学習百科,プログラミング,中村一彰,0007743,くもん出版,43366184,５さいからできる　プログラミング,シールたっぷりレッスン,20221202,1504,シールたっぷりレッスン
9784052056581,ゆるゆる昆虫図鑑,,1076,16,0071,0001,0401,書籍,児童書,学習百科,学習百科,理科　昆虫,さのかける,0000005,学研プラス,43369408,ゆるゆる昆虫図鑑,,20221129,3404,
9784052055935,ふたごのプリンセスとピアニストのひみつクレープ,,1076,16,0041,0005,0005,書籍,児童書,読み物,読み物,低学年読み物,赤尾でこ,0000005,学研プラス,43369057,ふたごのプリンセスとピアニストのひみつクレープ,まほうのドレスハウス,20221129,2445,
9784052055966,正解のない問題集　道徳編,,1076,16,0071,0001,0007,書籍,児童書,学習百科,学習百科,道徳・教養,池上彰,0000005,学研プラス,43369058,正解のない問題集　道徳編,新時代の教養,20221117,3081,新時代の教養
9784052056000,０さい～３さい脳そだて　おさかなちゃんとあ～そ～ぼ！,,1076,16,0011,0002,0001,書籍,児童書,幼児絵本,ファーストブック,ファーストブック,茂木健一郎,0000005,学研プラス,43360343,０さい～３さい脳そだて　おさかなちゃんとあ～そ～ぼ！,,20221020,1046,おさかなちゃん
9784092175143,乗りもの　新版　鉄道・自動車・飛行機・船,,1076,16,0081,0001,0011,書籍,児童書,図鑑,図鑑,学習図鑑シリーズ,長根広和,0000009,小学館,43374262,乗りもの　新版　鉄道・自動車・飛行機・船,小学館の図鑑ＮＥＯ,20221129,9416,小学館の図鑑ＮＥＯ
9784097251743,チャレンジミッケ！　ポケット版　サンタクロース,４,1076,16,0007,0004,0031,書籍,児童書,絵本,さがしもの絵本,ミッケ,ウォルター・ウィック,0000009,小学館,43341242,チャレンジミッケ！　ポケット版,,20221129,1053,ミッケ
9784866515670,いますぐ名探偵　犯人をさがせ！　ワハハ小学校編,,1076,16,0015,0001,0021,書籍,児童書,しかけ絵本,しかけ絵本,しかけ絵本,桂林ブックス,0086651,文響社,43374615,いますぐ名探偵　犯人をさがせ！　ワハハ小学校編,,20221208,1345,
9784052055171,きょうりゅう,,1076,16,0081,0001,0011,書籍,児童書,図鑑,図鑑,学習図鑑シリーズ,真鍋真,0000005,学研プラス,43369054,きょうりゅう,ひとりでよめるずかん,20221118,1111,ひとりでよめるずかん
9784092893078,小学館世界Ｊ文学館,,1076,16,0041,0001,0003,書籍,児童書,読み物,名作読み物,海外の名作読み物,浅田次郎,0000009,小学館,43355658,小学館世界Ｊ文学館,,20221118,1123,
9784052055881,こどもずかん　のりもの７７７　英語つき　しゃしんバージョン,,1076,16,0011,0003,0001,書籍,児童書,幼児絵本,知育絵本,知育絵本,デイブ・テルキ,0000005,学研プラス,43369056,こどもずかん　のりもの７７７　英語つき　しゃしんバージョン,こどもずかん,20221125,4782,こどもずかん
9784046321879,スイッチ！　大キライなはずなのに！？,１１,1076,16,0055,0001,0015,書籍,児童書,児童文庫,児童文庫,角川つばさ文庫,深海ゆずは,0000004,ＫＡＤＯＫＡＷＡ,42943339,スイッチ！,角川つばさ文庫,20221109,2921,
9784049146707,すみっコぐらしいっしょにクロスワード,,1076,16,0021,0001,0051,書籍,児童書,キャラクター絵本,キャラクター絵本,その他キャラクター,キャラぱふぇ編集部,0000004,ＫＡＤＯＫＡＷＡ,43372072,すみっコぐらしいっしょにクロスワード,キャラぱふぇブックス,20221130,1663,すみっコぐらし
9784099425203,タッチペンでいっぱいあそべる！まいにちのことばずかん１５００　英語つき,,1076,16,0011,0003,0001,書籍,児童書,幼児絵本,知育絵本,知育絵本,小学館辞典編集部,0000009,小学館,43377756,タッチペンでいっぱいあそべる！まいにちのことばずかん１５００　英語つき,［バラエティ］,20221205,2798,
9784046321787,絶体絶命ゲーム　ねらわれた歌姫を守れ！,１２,1076,16,0055,0001,0015,書籍,児童書,児童文庫,児童文庫,角川つばさ文庫,藤ダリオ,0000004,ＫＡＤＯＫＡＷＡ,42843882,絶体絶命ゲーム,角川つばさ文庫,20221109,5851,
9784046321848,サバイバー！！　豪華客船は再会のとき,４,1076,16,0055,0001,0015,書籍,児童書,児童文庫,児童文庫,角川つばさ文庫,あさばみゆき,0000004,ＫＡＤＯＫＡＷＡ,43261596,サバイバー！！,角川つばさ文庫,20221109,2166,
9784046321954,四つ子ぐらし　プレゼントに思いをこめて,１３,1076,16,0055,0001,0015,書籍,児童書,児童文庫,児童文庫,角川つばさ文庫,ひのひまり,0000004,ＫＡＤＯＫＡＷＡ,43007684,四つ子ぐらし,角川つばさ文庫,20221109,18838,四つ子ぐらし
9784046321930,神スキル！！！　キセキの三きょうだい、登場！,,1076,16,0055,0001,0015,書籍,児童書,児童文庫,児童文庫,角川つばさ文庫,大空なつき,0000004,ＫＡＤＯＫＡＷＡ,43383100,神スキル！！！　キセキの三きょうだい、登場！,角川つばさ文庫,20230112,1846,
9784046321978,トップ・シークレット　決戦前夜のショータイム！,４,1076,16,0055,0001,0015,書籍,児童書,児童文庫,児童文庫,角川つばさ文庫,あんのまる,0000004,ＫＡＤＯＫＡＷＡ,43284068,トップ・シークレット,角川つばさ文庫,20230112,1464,
9784097251897,ピタゴラじゃんけん装置ＱＲブック　ピタの巻,,1076,16,0061,0001,0061,書籍,児童書,実用百科,実用百科,工作,ＮＨＫエデュケーショナル,0000009,小学館,43374263,ピタゴラじゃんけん装置ＱＲブック　ピタの巻,ピタゴラＢＯＯＫ,20221026,2940,ピタゴラＢＯＯＫ
9784065289020,トミカ　タブレットがた　おしゃべりえほん,,1076,16,0021,0001,0012,書籍,児童書,キャラクター絵本,キャラクター絵本,トミカ,講談社,0000006,講談社,43341015,トミカ　タブレットがた　おしゃべりえほん,［バラエティ］,20221212,1419,
9784046321732,本当はこわい話　明かされる真実、君は気づけた？,１０,1076,16,0055,0001,0015,書籍,児童書,児童文庫,児童文庫,角川つばさ文庫,小林丸々,0000004,ＫＡＤＯＫＡＷＡ,42960710,本当はこわい話,角川つばさ文庫,20230112,1056,
9784046322210,おもしろい話、集めました。Ｗ,,1076,16,0055,0001,0015,書籍,児童書,児童文庫,児童文庫,角川つばさ文庫,ひのひまり,0000004,ＫＡＤＯＫＡＷＡ,43383192,おもしろい話、集めました。Ｗ,角川つばさ文庫,20230112,1625,
9784046322029,ふたごチャレンジ！　ココロ揺らめく遊園地！？,４,1076,16,0055,0001,0015,書籍,児童書,児童文庫,児童文庫,角川つばさ文庫,七都にい,0000004,ＫＡＤＯＫＡＷＡ,43292427,ふたごチャレンジ！,角川つばさ文庫,20230112,2470,
9784092984011,日本の歴史　日本文化のあけぼの　旧石器～縄文～弥生～古墳時代,１,1076,16,0071,0005,0001,書籍,児童書,学習百科,学習漫画,日本の歴史,山川出版社,0000009,小学館,43381698,小学館版学習まんが　日本の歴史,小学館学習まんがシリーズ,20221201,1089,小学館学習まんがシリーズ
9784838793860,ダンススクエア　ｖｏｌ．５４,,1076,16,0099,9999,9999,書籍,児童書,未分類,未分類,未分類,日之出出版,0008387,マガジンハウス,,,,20230127,4606,
9784046057129,にゃんこ大戦争でまなぶ！難しい言葉１０００,,1076,16,0071,0001,0003,書籍,児童書,学習百科,学習百科,国語,ＰＯＮＯＳ,0000004,ＫＡＤＯＫＡＷＡ,43367727,にゃんこ大戦争でまなぶ！難しい言葉１０００,,20221118,2595,
9784046321657,君のとなりで。　この道を、ずっといっしょに,９,1076,16,0055,0001,0015,書籍,児童書,児童文庫,児童文庫,角川つばさ文庫,高杉六花,0000004,ＫＡＤＯＫＡＷＡ,43090241,君のとなりで。,角川つばさ文庫,20221013,2105,
9784046321855,サキヨミ！　恋と決意の文化祭,７,1076,16,0055,0001,0015,書籍,児童書,児童文庫,児童文庫,角川つばさ文庫,七海まち,0000004,ＫＡＤＯＫＡＷＡ,43182126,サキヨミ！,角川つばさ文庫,20221013,3134,
9784046321831,ぜったいバレちゃいけません！！！　ハッピーエンドはゆずれない！,６,1076,16,0055,0001,0015,書籍,児童書,児童文庫,児童文庫,角川つばさ文庫,水無仙丸,0000004,ＫＡＤＯＫＡＷＡ,43210129,ぜったいバレちゃいけません！！！,角川つばさ文庫,20221013,1351,
9784046321886,理花のおかしな実験室　ふくらむナゾの答えをさがせ！,７,1076,16,0055,0001,0015,書籍,児童書,児童文庫,児童文庫,角川つばさ文庫,やまもとふみ,0000004,ＫＡＤＯＫＡＷＡ,43189443,理花のおかしな実験室,角川つばさ文庫,20221013,2236,
9784569880921,青鬼　調査クラブ　怪物を従えた少女と激突せよ！,７,1076,16,0055,0001,0091,書籍,児童書,児童文庫,児童文庫,その他児童文庫,波摘,0000569,ＰＨＰ研究所,43113004,青鬼　調査クラブ,ＰＨＰジュニアノベル,20230126,1040,
9784834086805,どきどきキッチンサーカス,,1076,16,0007,0001,0092,書籍,児童書,絵本,国内絵本,国内絵本,石津ちひろ,0008340,福音館書店,43358279,どきどきキッチンサーカス,幼児絵本シリーズ,20221007,1007,
9784041129791,角川まんが学習シリーズ日本の歴史５大特典つき全１６巻＋別巻４冊セット（全２０巻セ,,1076,16,0071,0005,0001,書籍,児童書,学習百科,学習漫画,日本の歴史,山本博文,0000004,ＫＡＤＯＫＡＷＡ,43370508,角川まんが学習シリーズ日本の歴史５大特典つき全１６巻＋別巻４冊セット（全２０巻セ,,20221110,1168,
9784097251903,ピタゴラじゃんけん装置ＱＲブック　ゴラの巻,,1076,16,0061,0001,0061,書籍,児童書,実用百科,実用百科,工作,ＮＨＫエデュケーショナル,0000009,小学館,43374264,ピタゴラじゃんけん装置ＱＲブック　ゴラの巻,ピタゴラＢＯＯＫ,20221026,2077,ピタゴラＢＯＯＫ
9784097252078,かぼちゃスープのおふろ,,1076,16,0007,0001,0092,書籍,児童書,絵本,国内絵本,国内絵本,柴田ケイコ,0000009,小学館,43379656,かぼちゃスープのおふろ,,20221118,1453,
9784041127742,どっちが強い！？ガチンコ動物オリンピック編　なんでもＮｏ．１決定戦,,1076,16,0071,0005,0031,書籍,児童書,学習百科,学習漫画,どっちが強い！？シリーズ,ブラックインクチーム,0000004,ＫＡＤＯＫＡＷＡ,43369402,どっちが強い！？ガチンコ動物オリンピック編　なんでもＮｏ．１決定戦,角川まんが学習シリーズ,20221130,8694,どっちが強い！？シリーズ
9784577051191,アンパンマンおままごとえほん　おべんとう,,1076,16,0021,0001,0001,書籍,児童書,キャラクター絵本,キャラクター絵本,アンパンマン,やなせたかし,0000577,フレーベル館,43379325,アンパンマンおままごとえほん　おべんとう,,20221216,1318,アンパンマンおままごとえほん
9784865492859,おせちのみんなあつまって！,,1076,16,0011,0003,0005,書籍,児童書,幼児絵本,知育絵本,たべもの絵本,真珠まりこ,0086549,ひさかたチャイルド,43367256,おせちのみんなあつまって！,,20221114,1834,
9784091066275,ピカチュウとあそぼ！　ピカチュウのだいぼうけん　ポケモンおはなし＆おあそびブック,,1076,16,0035,0001,0001,書籍,児童書,絵本塔,絵本塔,小学館,よしのえみこ,0000009,小学館,43372077,ピカチュウとあそぼ！　ピカチュウのだいぼうけん　ポケモンおはなし＆おあそびブック,ワンダーライフスペシャル,20221024,1514,ワンダーライフスペシャル
9784092314405,華麗なる探偵アリス＆ペンギン　キャッツ・イン・ザ・スカイ,,1076,16,0055,0001,0019,書籍,児童書,児童文庫,児童文庫,小学館ジュニア文庫,南房秀久,0000009,小学館,43381820,華麗なる探偵アリス＆ペンギン　キャッツ・イン・ザ・スカイ,小学館ジュニア文庫,20221125,1137,
9784591174814,小説　魔入りました！入間くん　アクドルくろむちゃんとアメリの決断,４,1076,16,0055,0001,0091,書籍,児童書,児童文庫,児童文庫,その他児童文庫,針とら,0000591,ポプラ社,43264725,小説　魔入りました！入間くん,ポプラキミノベル,20221005,3465,
9784591175262,グレッグのダメ日記　なんだって、やってやる！,,1076,16,0041,0005,0017,書籍,児童書,読み物,読み物,グレッグのダメ日記シリーズ,ジェフ・キニー,0000591,ポプラ社,43377481,グレッグのダメ日記　なんだって、やってやる！,,20221124,2726,
9784591175118,新装版　どうぶつえあわせ　ぴったりカード,,1076,16,0091,0001,0003,書籍,児童書,グッズ,グッズ,知育カード,わらべきみか,0000591,ポプラ社,43365878,新装版　どうぶつえあわせ　ぴったりカード,,20221005,1079,
9784591175125,新装版　のりものえあわせ　ぴったりカード,,1076,16,0091,0001,0003,書籍,児童書,グッズ,グッズ,知育カード,わらべきみか,0000591,ポプラ社,43365879,新装版　のりものえあわせ　ぴったりカード,,20221005,1011,
9784591175194,あおい１ばんのきかんしゃ　トーマスどーこだ？,,1076,16,0021,0001,0011,書籍,児童書,キャラクター絵本,キャラクター絵本,トーマス,,0000591,ポプラ社,43374278,あおい１ばんのきかんしゃ　トーマスどーこだ？,きかんしゃトーマスの本,20221109,1100,きかんしゃトーマスの本
9784097355984,星のカービィ　ディスカバリー　ほおばれ！シールブック,,1076,16,0021,0001,0051,書籍,児童書,キャラクター絵本,キャラクター絵本,その他キャラクター,ワープスター,0000009,小学館,43372078,星のカービィ　ディスカバリー　ほおばれ！シールブック,まるごとシールブックＤＸ,20221026,2461,まるごとシールブックＤＸ
9784813780779,溺愛×ミッション！（１）　エリート学園の超モテスパイ男子たちに溺愛されちゃってます！,１,1076,16,0055,0001,0091,書籍,児童書,児童文庫,児童文庫,その他児童文庫,青山そらら,0008137,スターツ出版,43379193,溺愛×ミッション！（１）　エリート学園の超モテスパイ男子たちに溺愛されちゃってます！,野いちごジュニア文庫,20221220,1329,
9784487815340,小学生のうちに覚えておくといいことカルタ,,1076,16,0091,0001,0005,書籍,児童書,グッズ,グッズ,かるた,東京書籍出版事業部,0000487,東京書籍,43375231,小学生のうちに覚えておくといいことカルタ,［バラエティ］,20221208,1041,
9784813522942,追放Ｖｅｒ　Ａｍｏｎｇ　Ｕｓ　フィギュアキーチェーン,,1076,16,0091,0001,0091,書籍,児童書,グッズ,グッズ,その他グッズ,,0008135,デアゴスティーニジャパン,43375237,追放Ｖｅｒ　Ａｍｏｎｇ　Ｕｓ　フィギュアキーチェーン,［バラエティ］,20221028,73210,
9784591174975,かいけつゾロリのおやじギャグ＆なぞなぞ大じてん,,1076,16,0041,0005,0011,書籍,児童書,読み物,読み物,かいけつゾロリシリーズ,原ゆたか,0000591,ポプラ社,43372095,かいけつゾロリのおやじギャグ＆なぞなぞ大じてん,,20221107,1142,
9784065299081,ＴＶアニメブルーロッククリアファイルブック,,1076,16,0091,0001,0092,書籍,児童書,グッズ,グッズ,キャラクターグッズ,講談社,0000006,講談社,43379649,ＴＶアニメブルーロッククリアファイルブック,［バラエティ］,20221220,3929,
9784591175422,なにかな？　まる　あかまるの　かたちえほん,,1076,16,0011,0003,0001,書籍,児童書,幼児絵本,知育絵本,知育絵本,しみずだいすけ,0000591,ポプラ社,43372099,なにかな？　まる　あかまるの　かたちえほん,０歳からのあかちゃんえほん,20221104,1095,０歳からのあかちゃんえほん
9784756253842,きみも運転手になれる！　パノラマずかん　運転席,,1076,16,0015,0001,0021,書籍,児童書,しかけ絵本,しかけ絵本,しかけ絵本,宮本えつよし,0007562,パイインターナショナル,43365386,きみも運転手になれる！　パノラマずかん　運転席,,20221124,1018,
9784592763147,いちごサンタ,,1076,16,0007,0001,0092,書籍,児童書,絵本,国内絵本,国内絵本,わたなべあや,0000592,白泉社,43368307,いちごサンタ,コドモエの本,20221101,1529,コドモエの本
9784092989313,小学館版学習まんが日本の歴史（全２０巻セット）,,1076,16,0071,0005,0001,書籍,児童書,学習百科,学習漫画,日本の歴史,小学館,0000009,小学館,43351790,小学館版学習まんが日本の歴史（全２０巻セット）,小学館学習まんがシリーズ,20221201,2107,小学館学習まんがシリーズ
9784791631438,頂上決戦！異種最強生物　オールスター大決戦,,1076,16,0061,0001,0091,書籍,児童書,実用百科,実用百科,その他実用百科,ＣｒｅａｔｕｒｅＳｔｏｒｙ,0007916,西東社,43378398,頂上決戦！異種最強生物　オールスター大決戦,,20221220,2644,
9784791632008,ゆめがひろがるおんなのこのでんきえほん　全２２話,,1076,16,0007,0001,0021,書籍,児童書,絵本,国内絵本,国内の名作絵本,堀米薫,0007916,西東社,43374714,ゆめがひろがるおんなのこのでんきえほん　全２２話,,20221107,1900,
9784065304358,全仮面ライダー　パーフェクト大図鑑　増補改訂,,1076,16,0035,0001,0011,書籍,児童書,絵本塔,絵本塔,講談社,,0000006,講談社,43374260,全仮面ライダー　パーフェクト大図鑑　増補改訂,講談社ＭＯＯＫ　テレビマガジンデラックス　２５２,20221223,1218,講談社ＭＯＯＫ　テレビマガジンデラックス　２５２
9784591175200,ウルトラマン大図鑑ハイパー,,1076,16,0021,0001,0041,書籍,児童書,キャラクター絵本,キャラクター絵本,ヒーロー,円谷プロダクション,0000591,ポプラ社,43376319,ウルトラマン大図鑑ハイパー,,20221122,2616,ウルトラマン
9784813522935,くじら＆Ｃｏ．ビッグ,,1076,16,0091,0001,0091,書籍,児童書,グッズ,グッズ,その他グッズ,,0008135,デアゴスティーニジャパン,43381857,くじら＆Ｃｏ．ビッグ,［バラエティ］,20221129,133888,
9784592763161,ノラネコぐんだん　うみのたび,,1076,16,0007,0001,0201,書籍,児童書,絵本,国内絵本,ノラネコぐんだん,工藤ノリコ,0000592,白泉社,43368308,ノラネコぐんだん　うみのたび,コドモエのえほん,20221104,25508,ノラネコぐんだん
9784046321909,すずめの戸締まり,,1076,16,0055,0001,0015,書籍,児童書,児童文庫,児童文庫,角川つばさ文庫,新海誠,0000004,ＫＡＤＯＫＡＷＡ,43351498,すずめの戸締まり,角川つばさ文庫,20221013,44236,
9784791631513,大迫力！戦慄の都市伝説大百科,,1076,16,0061,0001,0091,書籍,児童書,実用百科,実用百科,その他実用百科,朝里樹,0007916,西東社,43374282,大迫力！戦慄の都市伝説大百科,,20221115,3253,
9784592763123,おすしがふくをかいにきた,,1076,16,0007,0001,0092,書籍,児童書,絵本,国内絵本,国内絵本,田中達也,0000592,白泉社,43357122,おすしがふくをかいにきた,ＭＯＥのえほん,20221003,5500,ＭＯＥのえほん
9784813780700,ウタイテ！,３,1076,16,0055,0001,0091,書籍,児童書,児童文庫,児童文庫,その他児童文庫,＊あいら＊,0008137,スターツ出版,43313006,ウタイテ！,野いちごジュニア文庫,20221118,5895,
9784813780724,この恋は、ぜったいヒミツ。,３,1076,16,0055,0001,0091,書籍,児童書,児童文庫,児童文庫,その他児童文庫,このはなさくら,0008137,スターツ出版,43205112,この恋は、ぜったいヒミツ。,野いちごジュニア文庫,20221118,1221,
9784591175026,歴史ゴーストバスターズ　歴女失格！？　お泊まり会で大波乱の夏休み！,４,1076,16,0055,0001,0091,書籍,児童書,児童文庫,児童文庫,その他児童文庫,あさばみゆき,0000591,ポプラ社,43250741,歴史ゴーストバスターズ,ポプラキミノベル　創作,20221013,2333,
9784591175149,おしりたんてい　ププッ　かいていいせきのぼうけん　アニメコミック,１３,1076,16,0041,0005,0007,書籍,児童書,読み物,読み物,おしりたんていシリーズ,トロル,0000591,ポプラ社,43109435,おしりたんてい　アニメコミック,,20221013,4576,
9784591175002,黒田長政　戦国人物伝　日本の歴史＜コミック版＞８３,,1076,16,0071,0005,0041,書籍,児童書,学習百科,学習漫画,偉人・伝記（漫画）,加来耕三,0000591,ポプラ社,43367771,黒田長政　戦国人物伝　日本の歴史＜コミック版＞８３,,20221013,1027,コミック版　日本の歴史
9784591174951,ディズニープリンセスのひみつ１００,,1076,16,0021,0001,0005,書籍,児童書,キャラクター絵本,キャラクター絵本,ディズニー,,0000591,ポプラ社,43367769,ディズニープリンセスのひみつ１００,,20221013,1874,ディズニー
9784813780786,ヴァンパイア・溺愛パラダイス,５,1076,16,0055,0001,0091,書籍,児童書,児童文庫,児童文庫,その他児童文庫,碧井こなつ,0008137,スターツ出版,43270868,ヴァンパイア・溺愛パラダイス,野いちごジュニア文庫,20230120,1205,
9784591176061,おしりたんてい　ププッ　でんせつのかたなをまもれ　アニメコミック,１４,1076,16,0041,0005,0007,書籍,児童書,読み物,読み物,おしりたんていシリーズ,トロル,0000591,ポプラ社,43109435,おしりたんてい　アニメコミック,,20230118,1706,
9784592107170,ノラネコぐんだん大図鑑　１０周年限定特典付き,,1076,16,0007,0001,0201,書籍,児童書,絵本,国内絵本,ノラネコぐんだん,工藤ノリコ,0000592,白泉社,43368273,ノラネコぐんだん大図鑑　１０周年限定特典付き,［バラエティ］,20221118,4094,
9784533151545,るるぶマンガとクイズで楽しく学ぶ！日本の歴史人物伝,,1076,16,0071,0005,0001,書籍,児童書,学習百科,学習漫画,日本の歴史,伊藤賀一,0000533,ＪＴＢ,43370158,るるぶマンガとクイズで楽しく学ぶ！日本の歴史人物伝,,20221115,1294,
9784330059228,トミカ　はじめてのひらがなキューブ,,1076,16,0091,0001,0001,書籍,児童書,グッズ,グッズ,知育玩具,,0000330,交通新聞社,43371216,トミカ　はじめてのひらがなキューブ,［バラエティ］,20221128,1031,
9784083217487,迷宮教室　裏切りの「友達処刑ゲーム」,,1076,16,0055,0001,0018,書籍,児童書,児童文庫,児童文庫,集英社みらい文庫,あいはらしゅう,0000008,集英社,43366739,迷宮教室　裏切りの「友達処刑ゲーム」,集英社みらい文庫,20221028,1435,
9784097353508,めくってあそぼう！しかけえほん　シナぷしゅ,,1076,16,0021,0001,0051,書籍,児童書,キャラクター絵本,キャラクター絵本,その他キャラクター,,0000009,小学館,43379300,めくってあそぼう！しかけえほん　シナぷしゅ,,20221121,1384,
9784083217470,絶対好きにならない同盟　～歌姫はラブソングが超ニガテ！～,,1076,16,0055,0001,0018,書籍,児童書,児童文庫,児童文庫,集英社みらい文庫,夜野せせり,0000008,集英社,43366738,絶対好きにならない同盟　～歌姫はラブソングが超ニガテ！～,集英社みらい文庫,20221028,1546,
9784083217463,相方なんかになりません！　転校生はなにわのお笑い男子！？,,1076,16,0055,0001,0018,書籍,児童書,児童文庫,児童文庫,集英社みらい文庫,遠山彼方,0000008,集英社,43366737,相方なんかになりません！　転校生はなにわのお笑い男子！？,集英社みらい文庫,20221028,1230,
9784083217494,絶叫学級　パーティーのいけにえ　編,,1076,16,0055,0001,0018,書籍,児童書,児童文庫,児童文庫,集英社みらい文庫,いしかわえみ,0000008,集英社,43366740,絶叫学級　パーティーのいけにえ　編,集英社みらい文庫,20221028,2939,
9784791631902,ミラクルきょうふ！　意味がわかると怖いストーリー,,1076,16,0041,0005,0041,書籍,児童書,読み物,読み物,おばけ・こわい話,朔月糸,0007916,西東社,43369786,ミラクルきょうふ！　意味がわかると怖いストーリー,,20221107,2900,
9784813780748,総長さま、溺愛中につき。　最強イケメンの溺愛バトルは再加速！？,７,1076,16,0055,0001,0091,書籍,児童書,児童文庫,児童文庫,その他児童文庫,＊あいら＊,0008137,スターツ出版,43205111,総長さま、溺愛中につき。,野いちごジュニア文庫,20221220,9229,
9784813780717,となりの一条三兄弟！,３,1076,16,0055,0001,0091,書籍,児童書,児童文庫,児童文庫,その他児童文庫,永良サチ,0008137,スターツ出版,43313007,となりの一条三兄弟！,野いちごジュニア文庫,20221118,1247,
9784083217654,渚くんをお兄ちゃんとは呼ばない　～これからも大好き～,,1076,16,0055,0001,0018,書籍,児童書,児童文庫,児童文庫,集英社みらい文庫,夜野せせり,0000008,集英社,43386788,渚くんをお兄ちゃんとは呼ばない　～これからも大好き～,渚くんをお兄ちゃんとは呼ばない,20230127,2096,
9784083217678,逃走中　オリジナルストーリー　暗闇からハンター！？　夜の遊園地で恐怖に立ちむかえ！,,1076,16,0055,0001,0018,書籍,児童書,児童文庫,児童文庫,集英社みらい文庫,逃走中,0000008,集英社,43386790,逃走中　オリジナルストーリー　暗闇からハンター！？　夜の遊園地で恐怖に立ちむかえ！,逃走中　オリジナルストーリー,20230127,2799,
9784774738642,メイクアップぬりえ　キュートポップコレクション,,1076,16,0015,0001,0041,書籍,児童書,しかけ絵本,しかけ絵本,ぬりえ,,0007747,コスミック出版,43380025,メイクアップぬりえ　キュートポップコレクション,［バラエティ］,20221128,3637,
9784813780670,放課後★七不思議！　イケメンたちが優結を救う！？涙と笑顔のハッピーエンド,,1076,16,0055,0001,0091,書籍,児童書,児童文庫,児童文庫,その他児童文庫,永良サチ,0008137,スターツ出版,43365496,放課後★七不思議！　イケメンたちが優結を救う！？涙と笑顔のハッピーエンド,野いちごジュニア文庫,20221020,1184,
9784813780687,告白したのは、君だから。　かんちがいから始まるホントの恋,,1076,16,0055,0001,0091,書籍,児童書,児童文庫,児童文庫,その他児童文庫,神戸遥真,0008137,スターツ出版,43365497,告白したのは、君だから。　かんちがいから始まるホントの恋,野いちごジュニア文庫,20221020,1540,
9784813780694,願いごとガチャ　願いをかなえるアイテム当たります,,1076,16,0055,0001,0091,書籍,児童書,児童文庫,児童文庫,その他児童文庫,Ｓｙｔｒｙ,0008137,スターツ出版,43365498,願いごとガチャ　願いをかなえるアイテム当たります,野いちごジュニア文庫,20221020,1312,
9784087901009,おしりダンディ　ザ・ヤング　きょうりゅうのしま,,1076,16,0041,0005,0007,書籍,児童書,読み物,読み物,おしりたんていシリーズ,トロル,0000008,集英社,43375621,おしりダンディ　ザ・ヤング　きょうりゅうのしま,おしりダンディ　アドベンチャー,20221125,4060,
9784083217500,二条くんはわたしの執事　ダンスパーティーで運命の告白！？,,1076,16,0055,0001,0018,書籍,児童書,児童文庫,児童文庫,集英社みらい文庫,小桜すず,0000008,集英社,43375617,二条くんはわたしの執事　ダンスパーティーで運命の告白！？,集英社みらい文庫,20221125,1052,
9784083217524,生き残りゲーム　ラストサバイバル　かせぐが勝ちの学園生活！　サバイバルポイント,,1076,16,0055,0001,0018,書籍,児童書,児童文庫,児童文庫,集英社みらい文庫,大久保開,0000008,集英社,43375619,生き残りゲーム　ラストサバイバル　かせぐが勝ちの学園生活！　サバイバルポイント,集英社みらい文庫,20221125,1380,
9784083217531,鬼滅の刃　ノベライズ　～カナヲと無一郎！　命をかけた闘い編～,,1076,16,0055,0001,0018,書籍,児童書,児童文庫,児童文庫,集英社みらい文庫,吾峠呼世晴,0000008,集英社,43375620,鬼滅の刃　ノベライズ　～カナヲと無一郎！　命をかけた闘い編～,集英社みらい文庫,20221125,7309,
9784083217517,霧島くんは普通じゃない　～ヴァンパイア三兄弟と同居！？　ドキドキの新学期～,,1076,16,0055,0001,0018,書籍,児童書,児童文庫,児童文庫,集英社みらい文庫,麻井深雪,0000008,集英社,43375618,霧島くんは普通じゃない　～ヴァンパイア三兄弟と同居！？　ドキドキの新学期～,集英社みらい文庫,20221125,9626,
9784494003808,みかんくんがね・・,,1076,16,0011,0003,0005,書籍,児童書,幼児絵本,知育絵本,たべもの絵本,とよたかずひこ,0000494,童心社,43365481,みかんくんがね・・,おいしいともだち,20221014,1470,おいしいともだち
9784083217593,戦国姫　徳川家康と運命の姫君たち　於大の方、瀬名姫ほか,,1076,16,0055,0001,0018,書籍,児童書,児童文庫,児童文庫,集英社みらい文庫,藤咲あゆな,0000008,集英社,43382710,戦国姫　徳川家康と運命の姫君たち　於大の方、瀬名姫ほか,集英社みらい文庫,20221216,1838,
9784083217609,アイ・アム・冒険少年　脱出島　オリジナルストーリー　友情でミッションを乗り越えろ！,,1076,16,0055,0001,0018,書籍,児童書,児童文庫,児童文庫,集英社みらい文庫,アイ・アム・冒険少年,0000008,集英社,43382711,アイ・アム・冒険少年　脱出島　オリジナルストーリー　友情でミッションを乗り越えろ！,集英社みらい文庫,20221216,1110,
9784522803356,サイレンカー　だいずかん　６５ピース,,1076,16,0091,0001,0013,書籍,児童書,グッズ,グッズ,ジグソーパズル,松島浩一郎,0000522,永岡書店,43365873,サイレンカー　だいずかん　６５ピース,頭のいい子を育むジグソー知育パズル,20221011,1198,
9784522439999,１０才からの勉強が得意になる方法,,1076,16,0071,0001,0008,書籍,児童書,学習百科,学習百科,その他教科,葉一,0000522,永岡書店,43365870,１０才からの勉強が得意になる方法,大人だって本当は知らない,20221011,1120,大人だって本当は知らない
9784522803134,ごはんもぐもぐいただきま～す！　とびだすえほん,,1076,16,0015,0001,0021,書籍,児童書,しかけ絵本,しかけ絵本,しかけ絵本,さくらいひろし,0000522,永岡書店,43365871,ごはんもぐもぐいただきま～す！　とびだすえほん,,20221011,1427,とびだすえほん
9784083217586,青星学園★チームＥＹＥーＳの事件ノート　翔太の熱い体育祭！ハチマキにこめた気持ち,,1076,16,0055,0001,0018,書籍,児童書,児童文庫,児童文庫,集英社みらい文庫,相川真,0000008,集英社,43382709,青星学園★チームＥＹＥーＳの事件ノート　翔太の熱い体育祭！ハチマキにこめた気持ち,集英社みらい文庫,20221216,3319,
9784083217548,花とつぼみと、きみのこと。　だいじな想いの咲かせかた,,1076,16,0055,0001,0018,書籍,児童書,児童文庫,児童文庫,集英社みらい文庫,五十嵐美怜,0000008,集英社,43382705,花とつぼみと、きみのこと。　だいじな想いの咲かせかた,集英社みらい文庫,20221216,1305,
9784083217555,天宮家の王子さま　メイドのわたしのバレンタイン計画！,,1076,16,0055,0001,0018,書籍,児童書,児童文庫,児童文庫,集英社みらい文庫,白井ごはん,0000008,集英社,43382706,天宮家の王子さま　メイドのわたしのバレンタイン計画！,集英社みらい文庫,20221216,1863,
9784083217562,おチビがうちにやってきた！　動物園で事件！あらたな能力児、あらわる！？,,1076,16,0055,0001,0018,書籍,児童書,児童文庫,児童文庫,集英社みらい文庫,柴野理奈子,0000008,集英社,43382707,おチビがうちにやってきた！　動物園で事件！あらたな能力児、あらわる！？,集英社みらい文庫,20221216,1932,
9784083217579,海色ダイアリー～五つ子アイドルと五河の夢～,,1076,16,0055,0001,0018,書籍,児童書,児童文庫,児童文庫,集英社みらい文庫,みゆ,0000008,集英社,43382708,海色ダイアリー～五つ子アイドルと五河の夢～,集英社みらい文庫,20221216,6947,
9784031271905,すうじのかくれんぼ,,1076,16,0015,0001,0021,書籍,児童書,しかけ絵本,しかけ絵本,しかけ絵本,いしかわこうじ,0000003,偕成社,43370935,すうじのかくれんぼ,あっ！とおどろくしかけえほん,20221205,1086,あっ！とおどろくしかけえほん
9784036358502,あやし、おそろし、天獄園,,1076,16,0041,0005,0024,書籍,児童書,読み物,読み物,ふしぎ駄菓子屋銭天堂シリーズ,廣嶋玲子,0000003,偕成社,43363698,あやし、おそろし、天獄園,,20221124,9990,
9784074514120,女の子おりがみ,,1076,16,0061,0001,0001,書籍,児童書,実用百科,実用百科,おりがみ,たつくりのおりがみ,0000007,主婦の友社,43378772,女の子おりがみ,,20221202,1971,