,JAN,cid,SHOSINM,SERIESNM,KANSU,SAKUHINNM,DAIGENRENM,CHUGENRENM,SHOGENRENM,SIKIRIBANNM,SHPNSHANM,CHOSHANM,SOSHONM
120,9784092308220,1,まじっく快斗１４１２,まじっく快斗１４１２,６,まじっく快斗１４１２,児童書,児童文庫,児童文庫,小学館ジュニア文庫,小学館,浜崎達也,小学館ジュニア文庫
126,9784092308213,1,まじっく快斗１４１２,まじっく快斗１４１２,５,まじっく快斗１４１２,児童書,児童文庫,児童文庫,小学館ジュニア文庫,小学館,浜崎達也,小学館ジュニア文庫
71,9784092307896,1,まじっく快斗１４１２,まじっく快斗１４１２,１,まじっく快斗１４１２,児童書,児童文庫,児童文庫,小学館ジュニア文庫,小学館,浜崎達也,小学館ジュニア文庫
87,9784092307926,1,まじっく快斗１４１２,まじっく快斗１４１２,２,まじっく快斗１４１２,児童書,児童文庫,児童文庫,小学館ジュニア文庫,小学館,浜崎達也,小学館ジュニア文庫
104,9784092308138,1,まじっく快斗１４１２,まじっく快斗１４１２,３,まじっく快斗１４１２,児童書,児童文庫,児童文庫,小学館ジュニア文庫,小学館,浜崎達也,小学館ジュニア文庫
121,9784092308169,1,まじっく快斗１４１２,まじっく快斗１４１２,４,まじっく快斗１４１２,児童書,児童文庫,児童文庫,小学館ジュニア文庫,小学館,浜崎達也,小学館ジュニア文庫
379,9784092897205,2,いじめ　もう涙はいらない,いじめ　,,いじめ,児童書,児童文庫,児童文庫,小学館ジュニア文庫,小学館,五十嵐かおる,ちゃおノベルズ
73,9784092313361,2,いじめ　女王のいる教室,いじめ　,,いじめ　女王のいる教室,児童書,児童文庫,児童文庫,小学館ジュニア文庫,小学館,武内昌美,小学館ジュニア文庫
202,9784092311923,2,いじめ　１４歳のＭｅｓｓａｇｅ,いじめ　,,いじめ　１４歳のＭｅｓｓａｇｅ,児童書,児童文庫,児童文庫,小学館ジュニア文庫,小学館,林慧樹,小学館ジュニア文庫
409,9784092895539,3,いじめ－負けない勇気－,いじめ－,,いじめ－負けない勇気－,児童書,児童文庫,児童文庫,小学館ジュニア文庫,小学館,五十嵐かおる,ちゃおノベルズ
316,9784092308336,3,いじめ－行き止まりの季節－,いじめ－,,いじめ－行き止まりの季節－,児童書,児童文庫,児童文庫,小学館ジュニア文庫,小学館,武内昌美,小学館ジュニア文庫
261,9784092308688,3,いじめ－闇からの歌声－,いじめ－,,いじめ－闇からの歌声－,児童書,児童文庫,児童文庫,小学館ジュニア文庫,小学館,武内昌美,小学館ジュニア文庫
266,9784092311398,3,いじめ－勇気の翼－,いじめ－,,いじめ－勇気の翼－,児童書,児童文庫,児童文庫,小学館ジュニア文庫,小学館,武内昌美,小学館ジュニア文庫
303,9784092307957,3,いじめ－友だちという鎖－,いじめ－,,いじめ－友だちという鎖－,児童書,児童文庫,児童文庫,小学館ジュニア文庫,小学館,武内昌美,小学館ジュニア文庫
269,9784092307322,3,いじめ－学校という名の戦場－,いじめ－,,いじめ－学校という名の戦場－,児童書,児童文庫,児童文庫,小学館ジュニア文庫,小学館,武内昌美,小学館ジュニアシネマ文庫
431,9784092895690,3,いじめ－残酷な放課後－,いじめ－,,いじめ－残酷な放課後－,児童書,児童文庫,児童文庫,小学館ジュニア文庫,小学館,都築奈央,ちゃおノベルズ
253,9784092312272,3,いじめ－希望の歌を歌おう－,いじめ－,,いじめ,児童書,児童文庫,児童文庫,小学館ジュニア文庫,小学館,武内昌美,小学館ジュニア文庫
280,9784092307513,3,いじめ－うつろな絆－,いじめ－,,いじめ－うつろな絆－,児童書,児童文庫,児童文庫,小学館ジュニア文庫,小学館,武内昌美,小学館ジュニア文庫
439,9784092895638,3,いじめ－明日へのキズナ－,いじめ－,,いじめ－明日へのキズナ－,児童書,児童文庫,児童文庫,小学館ジュニア文庫,小学館,村上アンズ,ちゃおノベルズ
283,9784092307360,3,いじめ－引き裂かれた友情－,いじめ－,,いじめ－引き裂かれた友情－,児童書,児童文庫,児童文庫,小学館ジュニア文庫,小学館,武内昌美,小学館ジュニア文庫
300,9784092307438,3,いじめ－過去へのエール－,いじめ－,,いじめ－過去へのエール－,児童書,児童文庫,児童文庫,小学館ジュニア文庫,小学館,武内昌美,小学館ジュニア文庫
290,9784092307247,3,いじめ－いつわりの楽園－,いじめ－,,いじめ－いつわりの楽園－,児童書,児童文庫,児童文庫,小学館ジュニア文庫,小学館,武内昌美,小学館ジュニア文庫
196,9784092313774,4,１話３分　こわい家、あります。　くらやみくんのブラックリスト,１話３分　こわい家、あります。　くらやみくんのブラックリスト,３,１話３分　こわい家、あります。　くらやみくんのブラックリスト,児童書,児童文庫,児童文庫,小学館ジュニア文庫,小学館,藍沢羽衣,小学館ジュニア文庫
143,9784092313422,4,１話３分　こわい家、あります。　くらやみくんのブラックリスト,１話３分　こわい家、あります。　くらやみくんのブラックリスト,２,１話３分　こわい家、あります。　くらやみくんのブラックリスト,児童書,児童文庫,児童文庫,小学館ジュニア文庫,小学館,藍沢羽衣,小学館ジュニア文庫
181,9784092313033,4,１話３分　こわい家、あります。　くらやみくんのブラックリスト,１話３分　こわい家、あります。　くらやみくんのブラックリスト,,１話３分　こわい家、あります。　くらやみくんのブラックリスト,児童書,児童文庫,児童文庫,小学館ジュニア文庫,小学館,藍沢羽衣,小学館ジュニア文庫
404,9784092312227,5,おいでよ、花まる寮！,,,おいでよ、まかい寮！,児童書,児童文庫,児童文庫,小学館ジュニア文庫,小学館,宇津田晴,小学館ジュニア文庫
433,9784092308480,6,九丁目の呪い花屋,,,九丁目の呪い花屋,児童書,児童文庫,児童文庫,小学館ジュニア文庫,小学館,小川彗,小学館ジュニア文庫
115,9784092307568,7,天国の犬ものがたり～わすれないで～,天国の犬ものがたり～,,天国の犬ものがたり～わすれないで～,児童書,児童文庫,児童文庫,小学館ジュニア文庫,小学館,藤咲あゆな,小学館ジュニア文庫
103,9784092312005,7,天国の犬ものがたり～僕の魔法～,天国の犬ものがたり～,,天国の犬ものがたり～僕の魔法～,児童書,児童文庫,児童文庫,小学館ジュニア文庫,小学館,藤咲あゆな,小学館ジュニア文庫
99,9784092307469,7,天国の犬ものがたり～ずっと一緒～,天国の犬ものがたり～,,天国の犬ものがたり～ずっと一緒～,児童書,児童文庫,児童文庫,小学館ジュニア文庫,小学館,藤咲あゆな,小学館ジュニア文庫
109,9784092308985,7,天国の犬ものがたり～ありがとう～,天国の犬ものがたり～,,天国の犬ものがたり～ありがとう～,児童書,児童文庫,児童文庫,小学館ジュニア文庫,小学館,藤咲あゆな,小学館ジュニア文庫
54,9784092313811,7,天国の犬ものがたり　いつも一緒,天国の犬ものがたり～,,天国の犬ものがたり　いつも一緒,児童書,児童文庫,児童文庫,小学館ジュニア文庫,小学館,藤咲あゆな,小学館ジュニア文庫
96,9784092313002,7,天国の犬ものがたり～扉のむこう～,天国の犬ものがたり～,,天国の犬ものがたり～扉のむこう～,児童書,児童文庫,児童文庫,小学館ジュニア文庫,小学館,藤咲あゆな,小学館ジュニア文庫
60,9784092313521,7,天国の犬ものがたり～ＨＯＭＥ　ホーム～,天国の犬ものがたり～,,天国の犬ものがたり～ＨＯＭＥ　ホーム～,児童書,児童文庫,児童文庫,小学館ジュニア文庫,小学館,藤咲あゆな,小学館ジュニア文庫
67,9784092312753,7,天国の犬ものがたり～はじめまして～,天国の犬ものがたり～,,天国の犬ものがたり～はじめまして～,児童書,児童文庫,児童文庫,小学館ジュニア文庫,小学館,藤咲あゆな,小学館ジュニア文庫
124,9784092307841,7,天国の犬ものがたり～未来～,天国の犬ものがたり～,,天国の犬ものがたり～未来～,児童書,児童文庫,児童文庫,小学館ジュニア文庫,小学館,藤咲あゆな,小学館ジュニア文庫
128,9784092312357,7,天国の犬ものがたり～笑顔をあげに～,天国の犬ものがたり～,,天国の犬ものがたり～笑顔をあげに～,児童書,児童文庫,児童文庫,小学館ジュニア文庫,小学館,藤咲あゆな,小学館ジュニア文庫
135,9784092308527,7,天国の犬ものがたり～夢のバトン～,天国の犬ものがたり～,,天国の犬ものがたり～夢のバトン～,児童書,児童文庫,児童文庫,小学館ジュニア文庫,小学館,藤咲あゆな,小学館ジュニア文庫
138,9784092311671,7,天国の犬ものがたり～天使の名前～,天国の犬ものがたり～,,天国の犬ものがたり～天使の名前～,児童書,児童文庫,児童文庫,小学館ジュニア文庫,小学館,藤咲あゆな,小学館ジュニア文庫
86,9784092313194,7,天国の犬ものがたり～幸せになるために～,天国の犬ものがたり～,,天国の犬ものがたり～幸せになるために～,児童書,児童文庫,児童文庫,小学館ジュニア文庫,小学館,藤咲あゆな,小学館ジュニア文庫
331,9784092306257,8,マリと子犬の物語～山古志村　小さな命のサバイバル～,,,マリと子犬の物語～山古志村　小さな命のサバイバル～,児童書,児童文庫,児童文庫,小学館ジュニア文庫,小学館,時海結以,小学館ジュニアシネマ文庫
429,9784092306042,9,きな子～見習い警察犬の物語～,,,きな子～見習い警察犬の物語～,児童書,児童文庫,児童文庫,小学館ジュニア文庫,小学館,水稀しま,小学館ジュニアシネマ文庫
208,9784092314191,10,三つ子ラブ注意報！　モテ男子の目黒くんたちと一緒に住むことになりまして,,,三つ子ラブ注意報！　モテ男子の目黒くんたちと一緒に住むことになりまして,児童書,児童文庫,児童文庫,小学館ジュニア文庫,小学館,小春りん,小学館ジュニア文庫
354,9784092308695,11,貞子ＶＳ伽椰子,,,貞子ＶＳ伽椰子,児童書,児童文庫,児童文庫,小学館ジュニア文庫,小学館,山本清史,小学館ジュニア文庫
358,9784092311602,12,美女と野獣～運命のとびら～（下）,美女と野獣～運命のとびら～（,,美女と野獣,児童書,児童文庫,児童文庫,小学館ジュニア文庫,小学館,リズ・ブラスウェル,小学館ジュニア文庫
334,9784092311596,12,美女と野獣～運命のとびら～（上）,美女と野獣～運命のとびら～（,,美女と野獣,児童書,児童文庫,児童文庫,小学館ジュニア文庫,小学館,リズ・ブラスウェル,小学館ジュニア文庫
411,9784092895546,13,子ねこのほほえむ時,,,子ねこのほほえむ時,児童書,児童文庫,児童文庫,小学館ジュニア文庫,小学館,都築奈央,ちゃおノベルズ
427,9784092307445,14,あやかし緋扇～夢幻のまほろば～,,,あやかし緋扇～夢幻のまほろば～,児童書,児童文庫,児童文庫,小学館ジュニア文庫,小学館,宮沢みゆき,小学館ジュニア文庫
313,9784092308428,15,こむぎといつまでも　余命宣告を乗り越えた奇跡の猫ものがたり,,,こむぎといつまでも　余命宣告を乗り越えた奇跡の猫ものがたり,児童書,児童文庫,児童文庫,小学館ジュニア文庫,小学館,ｔｏｍｏ,小学館ジュニア文庫
148,9784092313675,16,人間回収車～転落の闇路～,人間回収車～,,人間回収車～転落の闇路～,児童書,児童文庫,児童文庫,小学館ジュニア文庫,小学館,後藤リウ,小学館ジュニア文庫
302,9784092312012,16,人間回収車～絶望の果て先～,人間回収車～,,人間回収車～絶望の果て先～,児童書,児童文庫,児童文庫,小学館ジュニア文庫,小学館,後藤リウ,小学館ジュニア文庫
285,9784092311664,16,人間回収車～地獄からの使者～,人間回収車～,,人間回収車～地獄からの使者～,児童書,児童文庫,児童文庫,小学館ジュニア文庫,小学館,後藤リウ,小学館ジュニア文庫
237,9784092312562,17,花にけだもの　ＳＥＣＯＮＤ　ＳＥＡＳＯＮ,花にけだもの,,花にけだもの　ＳＥＣＯＮＤ　ＳＥＡＳＯＮ,児童書,児童文庫,児童文庫,小学館ジュニア文庫,小学館,橋口いくよ,小学館ジュニア文庫
246,9784092312555,17,花にけだもの,花にけだもの,,花にけだもの,児童書,児童文庫,児童文庫,小学館ジュニア文庫,小学館,橋口いくよ,小学館ジュニア文庫
436,9784092308329,18,呪怨－終わりの始まり－,,,呪怨－終わりの始まり－,児童書,児童文庫,児童文庫,小学館ジュニア文庫,小学館,山本清史,小学館ジュニア文庫
451,9784092311848,19,ザ・マミー　呪われた砂漠の王女,,,ザ・マミー　呪われた砂漠の王女,児童書,児童文庫,児童文庫,小学館ジュニア文庫,小学館,坂野徳隆,小学館ジュニア文庫
81,9784092313613,20,ラーヤと龍の王国　Ｄｉｓｎｅｙ,,,ラーヤと龍の王国　Ｄｉｓｎｅｙ,児童書,児童文庫,児童文庫,小学館ジュニア文庫,小学館,テニー・ネルソン,小学館ジュニア文庫
85,9784092313958,21,ミラベルと魔法だらけの家,,,ミラベルと魔法だらけの家,児童書,児童文庫,児童文庫,小学館ジュニア文庫,小学館,アンジェラ・セルバンテス,小学館ジュニア文庫
217,9784092313101,22,アナと雪の女王２　読書ノート,アナと雪の女王２,,アナと雪の女王２　読書ノート,児童書,児童文庫,児童文庫,小学館ジュニア文庫,小学館,小学館,小学館ジュニア文庫
62,9784092313125,22,アナと雪の女王２,アナと雪の女王２,,アナと雪の女王２,児童書,児童文庫,児童文庫,小学館ジュニア文庫,小学館,デイヴィッド・ブレイズ,小学館ジュニア文庫
169,9784092313118,22,アナと雪の女王～同時収録　短編　エルサのサプライズ～,アナと雪の女王２,,アナと雪の女王～同時収録　短編　エルサのサプライズ～,児童書,児童文庫,児童文庫,小学館ジュニア文庫,小学館,サラ・ネイサン,小学館ジュニア文庫
168,9784092313170,22,アナと雪の女王～ひきさかれた姉妹～,アナと雪の女王２,,アナと雪の女王～ひきさかれた姉妹～,児童書,児童文庫,児童文庫,小学館ジュニア文庫,小学館,ジェン・カロニータ,小学館ジュニア文庫
391,9784092895676,23,ある日　犬の国から手紙が来て,ある日　犬の国から手紙が来て,,ある日　犬の国から手紙が来て,児童書,児童文庫,児童文庫,小学館ジュニア文庫,小学館,松井雄功,ちゃおノベルズ
328,9784092311930,23,ある日犬の国から手紙が来て,ある日　犬の国から手紙が来て,,ある日犬の国から手紙が来て,児童書,児童文庫,児童文庫,小学館ジュニア文庫,小学館,松井雄功,小学館ジュニア文庫
389,9784092895720,23,ある日　犬の国から手紙が来て～ドッグカフェ・ハナペロの物語～,ある日　犬の国から手紙が来て,,ある日　犬の国から手紙が来て～ドッグカフェ・ハナペロの物語～,児童書,児童文庫,児童文庫,小学館ジュニア文庫,小学館,田中マルコ,ちゃおノベルズ
386,9784092308343,24,境界のＲＩＮＮＥ　友だちからで良ければ,境界のＲＩＮＮＥ　,,境界のＲＩＮＮＥ　友だちからで良ければ,児童書,児童文庫,児童文庫,小学館ジュニア文庫,小学館,浜崎達也,小学館ジュニア文庫
335,9784092308374,24,境界のＲＩＮＮＥ　ようこそ地獄へ！,境界のＲＩＮＮＥ　,,境界のＲＩＮＮＥ　ようこそ地獄へ！,児童書,児童文庫,児童文庫,小学館ジュニア文庫,小学館,浜崎達也,小学館ジュニア文庫
357,9784092308190,24,境界のＲＩＮＮＥ　謎のクラスメート,境界のＲＩＮＮＥ　,,境界のＲＩＮＮＥ　謎のクラスメート,児童書,児童文庫,児童文庫,小学館ジュニア文庫,小学館,高山カツヒコ,小学館ジュニア文庫
166,9784092313934,25,４分の１の魔女リアと真夜中の魔法クラス　ひとりぼっちの魔法バトル！,４分の１の魔女リアと真夜中の魔法クラス　,,４分の１の魔女リアと真夜中の魔法クラス　ひとりぼっちの魔法バトル！,児童書,児童文庫,児童文庫,小学館ジュニア文庫,小学館,やすいやくし,小学館ジュニア文庫
139,9784092313767,25,４分の１の魔女リアと真夜中の魔法クラス　まさかの魔法使いデビュー！,４分の１の魔女リアと真夜中の魔法クラス　,,４分の１の魔女リアと真夜中の魔法クラス　まさかの魔法使いデビュー！,児童書,児童文庫,児童文庫,小学館ジュニア文庫,小学館,やすいやくし,小学館ジュニア文庫
14,9784092313286,25,２分の１の魔法,４分の１の魔女リアと真夜中の魔法クラス　,,２分の１の魔法,児童書,児童文庫,児童文庫,小学館ジュニア文庫,小学館,スザンヌ・フランシス,小学館ジュニア文庫
368,9784092895744,26,きみとのやくそく,きみ,,きみとのやくそく,児童書,児童文庫,児童文庫,小学館ジュニア文庫,小学館,都築奈央,ちゃおノベルズ
381,9784092308183,26,きみの声を聞かせて　猫たちのものがたり－まぐ・ミクロ・まる－,きみ,,きみの声を聞かせて　猫たちのものがたり－まぐ・ミクロ・まる－,児童書,児童文庫,児童文庫,小学館ジュニア文庫,小学館,天野つくね,小学館ジュニア文庫
213,9784092312241,27,あの日、そらですきをみつけた,,,あの日、そらにすきをみつけた,児童書,児童文庫,児童文庫,小学館ジュニア文庫,小学館,辻みゆき,小学館ジュニア文庫
48,9784092313859,28,小説二月の勝者ー絶対合格の教室ー春夏の陣,二月の勝者ー絶対合格の教室ー,,小説二月の勝者ー絶対合格の教室ー春夏の陣,児童書,児童文庫,児童文庫,小学館ジュニア文庫,小学館,伊豆平成,小学館ジュニア文庫
189,9784092314160,28,小説　二月の勝者ー絶対合格の教室ー秋の陣,二月の勝者ー絶対合格の教室ー,,小説　二月の勝者ー絶対合格の教室ー秋の陣,児童書,児童文庫,児童文庫,小学館ジュニア文庫,小学館,伊豆平成,小学館ジュニア文庫
70,9784092313743,29,あの夏のルカ,の,,あの夏のルカ,児童書,児童文庫,児童文庫,小学館ジュニア文庫,小学館,スティーブ・ベーリング,小学館ジュニア文庫
361,9784092312678,29,月の王子　砂漠の少年,の,,月の王子　砂漠の少年,児童書,児童文庫,児童文庫,小学館ジュニア文庫,小学館,三木笙子,小学館ジュニア文庫
449,9784092311527,30,小説・そらペン　謎のガルダ帝国大冒険,,,小説・そらペン　謎のガルダ帝国大冒険,児童書,児童文庫,児童文庫,小学館ジュニア文庫,小学館,水稀しま,小学館ジュニア文庫
227,9784092308862,31,１２歳。～ちっちゃなムネのトキメキ～　アニメノベライズ,１２歳。～ちっちゃなムネのトキメキ～　アニメノベライズ,４,１２歳。～ちっちゃなムネのトキメキ～　アニメノベライズ,児童書,児童文庫,児童文庫,小学館ジュニア文庫,小学館,綾野はるる,小学館ジュニア文庫
310,9784092308725,31,１２歳。～ちっちゃなムネのトキメキ～　アニメノベライズ,１２歳。～ちっちゃなムネのトキメキ～　アニメノベライズ,１,１２歳。～ちっちゃなムネのトキメキ～　アニメノベライズ,児童書,児童文庫,児童文庫,小学館ジュニア文庫,小学館,綾野はるる,小学館ジュニア文庫
277,9784092308909,31,１２歳。～ちっちゃなムネのトキメキ～　アニメノベライズ,１２歳。～ちっちゃなムネのトキメキ～　アニメノベライズ,５,１２歳。～ちっちゃなムネのトキメキ～　アニメノベライズ,児童書,児童文庫,児童文庫,小学館ジュニア文庫,小学館,綾野はるる,小学館ジュニア文庫
317,9784092308770,31,１２歳。～ちっちゃなムネのトキメキ～　アニメノベライズ,１２歳。～ちっちゃなムネのトキメキ～　アニメノベライズ,３,１２歳。～ちっちゃなムネのトキメキ～　アニメノベライズ,児童書,児童文庫,児童文庫,小学館ジュニア文庫,小学館,綾野はるる,小学館ジュニア文庫
320,9784092308916,31,１２歳。～ちっちゃなムネのトキメキ～　アニメノベライズ,１２歳。～ちっちゃなムネのトキメキ～　アニメノベライズ,６,１２歳。～ちっちゃなムネのトキメキ～　アニメノベライズ,児童書,児童文庫,児童文庫,小学館ジュニア文庫,小学館,綾野はるる,小学館ジュニア文庫
318,9784092311367,31,１２歳。～ちっちゃなムネのトキメキ～　アニメノベライズ,１２歳。～ちっちゃなムネのトキメキ～　アニメノベライズ,８,１２歳。～ちっちゃなムネのトキメキ～　アニメノベライズ,児童書,児童文庫,児童文庫,小学館ジュニア文庫,小学館,綾野はるる,小学館ジュニア文庫
338,9784092311350,31,１２歳。～ちっちゃなムネのトキメキ～　アニメノベライズ,１２歳。～ちっちゃなムネのトキメキ～　アニメノベライズ,７,１２歳。～ちっちゃなムネのトキメキ～　アニメノベライズ,児童書,児童文庫,児童文庫,小学館ジュニア文庫,小学館,綾野はるる,小学館ジュニア文庫
336,9784092308732,31,１２歳。～ちっちゃなムネのトキメキ～　アニメノベライズ,１２歳。～ちっちゃなムネのトキメキ～　アニメノベライズ,２,１２歳。～ちっちゃなムネのトキメキ～　アニメノベライズ,児童書,児童文庫,児童文庫,小学館ジュニア文庫,小学館,綾野はるる,小学館ジュニア文庫
167,9784092307551,32,１２歳。～てんこうせい～,１２歳。～,,１２歳。～てんこうせい～,児童書,児童文庫,児童文庫,小学館ジュニア文庫,小学館,辻みゆき,小学館ジュニア文庫
125,9784092308251,32,１２歳。～おとなでも、こどもでも～,１２歳。～,,１２歳。～おとなでも、こどもでも～,児童書,児童文庫,児童文庫,小学館ジュニア文庫,小学館,辻みゆき,小学館ジュニア文庫
214,9784092308992,32,１２歳。～まもりたい～,１２歳。～,,１２歳。～まもりたい～,児童書,児童文庫,児童文庫,小学館ジュニア文庫,小学館,辻みゆき,小学館ジュニア文庫
263,9784092311534,32,１２歳。～すきなひとがいます～,１２歳。～,,１２歳。～すきなひとがいます～,児童書,児童文庫,児童文庫,小学館ジュニア文庫,小学館,辻みゆき,小学館ジュニア文庫
132,9784092307865,32,１２歳。～そして、みらい～,１２歳。～,,１２歳。～そして、みらい～,児童書,児童文庫,児童文庫,小学館ジュニア文庫,小学館,辻みゆき,小学館ジュニア文庫
276,9784092307483,32,１２歳。～だけど、すきだから～,１２歳。～,,１２歳。～だけど、すきだから～,児童書,児童文庫,児童文庫,小学館ジュニア文庫,小学館,辻みゆき,小学館ジュニア文庫
156,9784092307681,32,１２歳。～きみのとなり～,１２歳。～,,１２歳。～きみのとなり～,児童書,児童文庫,児童文庫,小学館ジュニア文庫,小学館,辻みゆき,小学館ジュニア文庫
133,9784092308756,32,１２歳。～いまのきもち～,１２歳。～,,１２歳。～いまのきもち～,児童書,児童文庫,児童文庫,小学館ジュニア文庫,小学館,辻みゆき,小学館ジュニア文庫
430,9784092895713,33,泣けちゃう怪談　背すじが涼しくなる真夏の夜ばなし,泣けちゃう怪談　,２,泣けちゃう怪談,児童書,児童文庫,児童文庫,小学館ジュニア文庫,小学館,百瀬しのぶ,ちゃおノベルズ
450,9784092895737,33,泣けちゃう怪談　やさしい幽霊たちのおはなし,泣けちゃう怪談　,３,泣けちゃう怪談,児童書,児童文庫,児童文庫,小学館ジュニア文庫,小学館,赤羽ミオ,ちゃおノベルズ
319,9784092312036,34,未成年だけどコドモじゃない＜映画ノベライズ版＞,ない,,未成年だけどコドモじゃない＜映画ノベライズ版＞,児童書,児童文庫,児童文庫,小学館ジュニア文庫,小学館,宮沢みゆき,小学館ジュニア文庫
152,9784092312937,34,学校に行けない私たち,ない,,学校に行けない私たち,児童書,児童文庫,児童文庫,小学館ジュニア文庫,小学館,神山歩,小学館ジュニア文庫
453,9784092311855,35,二度めの夏、二度と会えない君＜映画ノベライズ版＞,,,二度めの夏、二度と会えない君＜映画ノベライズ版＞,児童書,児童文庫,児童文庫,小学館ジュニア文庫,小学館,時海結以,小学館ジュニア文庫
61,9784092313941,36,探偵ハイネは予言をはずさない,探偵ハイネは予言をはずさない,,探偵ハイネは予言をはずさない,児童書,児童文庫,児童文庫,小学館ジュニア文庫,小学館,南房秀久,小学館ジュニア文庫
91,9784092314153,36,探偵ハイネは予言をはずさない　ハウス・オブ・ホラー,探偵ハイネは予言をはずさない,,探偵ハイネは予言をはずさない　ハウス・オブ・ホラー,児童書,児童文庫,児童文庫,小学館ジュニア文庫,小学館,南房秀久,小学館ジュニア文庫
51,9784092313163,37,映画　妖怪学園Ｙ　猫はＨＥＲＯになれるか,,,映画　妖怪学園Ｙ　猫はＨＥＲＯになれるか,児童書,児童文庫,児童文庫,小学館ジュニア文庫,小学館,松井香奈,小学館ジュニア文庫
59,9784092313385,38,映像研には手を出すな！,,,映像研には手を出すな！,児童書,児童文庫,児童文庫,小学館ジュニア文庫,小学館,日笠由紀,小学館ジュニア文庫
236,9784092312609,39,わたしのこと、好きになってください。,ください,,わたしのこと、好きになってください。,児童書,児童文庫,児童文庫,小学館ジュニア文庫,小学館,木爾チレン,小学館ジュニア文庫
188,9784092313910,39,アズサくんには注目しないでください！,ください,,アズサくんには注目しないでください！,児童書,児童文庫,児童文庫,小学館ジュニア文庫,小学館,雨都雪,小学館ジュニア文庫
324,9784092312623,40,ぼくのパパは天才なのだ「深夜！天才バカボン」ハジメちゃん日記,,,ぼくのパパは天才なのだ「深夜！天才バカボン」ハジメちゃん日記,児童書,児童文庫,児童文庫,小学館ジュニア文庫,小学館,日笠由紀,小学館ジュニア文庫
343,9784092312111,41,眠れる森の美女～目覚めなかったオーロラ姫～,,,眠れる森の美女～目覚めなかったオーロラ姫～,児童書,児童文庫,児童文庫,小学館ジュニア文庫,小学館,リズ・ブラスウェル,小学館ジュニア文庫
443,9784092308398,42,キミは宙－そら－のすべて　宙いっぱいの愛をこめて,キミは宙－そら－のすべて　,,キミは宙－そら－のすべて　宙いっぱいの愛をこめて,児童書,児童文庫,児童文庫,小学館ジュニア文庫,小学館,新倉なつき,小学館ジュニア文庫
446,9784092307773,42,キミは宙－そら－のすべて　ヒロインは眠れない,キミは宙－そら－のすべて　,,キミは宙－そら－のすべて　ヒロインは眠れない,児童書,児童文庫,児童文庫,小学館ジュニア文庫,小学館,新倉なつき,小学館ジュニア文庫
416,9784092307643,42,キミは宙－そら－のすべて　たったひとつの星,キミは宙－そら－のすべて　,,キミは宙－そら－のすべて　たったひとつの星,児童書,児童文庫,児童文庫,小学館ジュニア文庫,小学館,新倉なつき,小学館ジュニア文庫
426,9784092307971,42,キミは宙－そら－のすべて　君のためにできること,キミは宙－そら－のすべて　,,キミは宙－そら－のすべて　君のためにできること,児童書,児童文庫,児童文庫,小学館ジュニア文庫,小学館,新倉なつき,小学館ジュニア文庫
232,9784092312531,43,響－ＨＩＢＩＫＩ－,,,響－ＨＩＢＩＫＩ－,児童書,児童文庫,児童文庫,小学館ジュニア文庫,小学館,時海結以,小学館ジュニア文庫
376,9784092311343,44,井伊直虎－民を守った女城主－,,,井伊直虎－民を守った女城主－,児童書,児童文庫,児童文庫,小学館ジュニア文庫,小学館,時海結以,小学館ジュニア文庫
355,9784092308671,45,夢は牛のお医者さん　よろこびもかなしみも夢になる。,のお医者さん,,夢は牛のお医者さん　よろこびもかなしみも夢になる。,児童書,児童文庫,児童文庫,小学館ジュニア文庫,小学館,赤羽じゅんこ,小学館ジュニア文庫
244,9784092308381,45,動物たちのお医者さん,のお医者さん,,動物たちのお医者さん,児童書,児童文庫,児童文庫,小学館ジュニア文庫,小学館,小西秀司,小学館ジュニア文庫
257,9784092311831,46,心が叫びたがってるんだ。＜実写映画ノベライズ版＞,,,心が叫びたがってるんだ。＜実写映画ノベライズ版＞,児童書,児童文庫,児童文庫,小学館ジュニア文庫,小学館,時海結以,小学館ジュニア文庫
383,9784092312104,47,ぼくたちと駐在さんの７００日戦争＜ベスト版＞　闘争の巻,,,ぼくたちと駐在さんの７００日戦争＜ベスト版＞　闘争の巻,児童書,児童文庫,児童文庫,小学館ジュニア文庫,小学館,ママチャリ,小学館ジュニア文庫
375,9784097267362,48,映画・くまのがっこう　パティシエ・ジャッキーとおひさまのスイーツ,映画・くまのがっこう　パティシエ・ジャッキーとおひさまのスイーツ,,映画・くまのがっこう　パティシエ・ジャッキーとおひさまのスイーツ,児童書,児童文庫,児童文庫,小学館ジュニア文庫,小学館,小学館,
322,9784092311756,48,映画・くまのがっこう　パティシエ・ジャッキーとおひさまのスイーツ,映画・くまのがっこう　パティシエ・ジャッキーとおひさまのスイーツ,,映画・くまのがっこう　パティシエ・ジャッキーとおひさまのスイーツ,児童書,児童文庫,児童文庫,小学館ジュニア文庫,小学館,あいはらひろゆき,小学館ジュニア文庫
98,9784092313989,49,姫さまですよねっ！？　姫さまＶＳ．暴君殿さまＶＳ．忍者　大坂城は大さわぎ,さ,,姫さまですよねっ！？　姫さまＶＳ．暴君殿さまＶＳ．忍者　大坂城は大さわぎ,児童書,児童文庫,児童文庫,小学館ジュニア文庫,小学館,ソウマチ,小学館ジュニア文庫
363,9784092311725,49,映画・兄に愛されすぎて困ってます,さ,,映画・兄に愛されすぎて困ってます,児童書,児童文庫,児童文庫,小学館ジュニア文庫,小学館,宮沢みゆき,小学館ジュニア文庫
333,9784092311381,50,映画・妖怪ウォッチ　空飛ぶクジラとダブル世界の大冒険だニャン！,映画・妖怪ウォッチ　,,映画・妖怪ウォッチ　空飛ぶクジラとダブル世界の大冒険だニャン！,児童書,児童文庫,児童文庫,小学館ジュニア文庫,小学館,新倉なつき,小学館ジュニア文庫
175,9784092312708,50,映画　妖怪ウォッチ　ＦＯＲＥＶＥＲ　ＦＲＩＥＮＤＳ,映画・妖怪ウォッチ　,,映画　妖怪ウォッチ　ＦＯＲＥＶＥＲ　ＦＲＩＥＮＤＳ,児童書,児童文庫,児童文庫,小学館ジュニア文庫,小学館,松井香奈,小学館ジュニア文庫
270,9784092312074,50,映画・妖怪ウォッチ　シャドウサイド　鬼王の復活,映画・妖怪ウォッチ　,,映画・妖怪ウォッチ　シャドウサイド　鬼王の復活,児童書,児童文庫,児童文庫,小学館ジュニア文庫,小学館,日野晃博,小学館ジュニア文庫
142,9784092312647,51,映画　あのコの、トリコ。,映画　,,映画　あのコの、トリコ。,児童書,児童文庫,児童文庫,小学館ジュニア文庫,小学館,新倉なつき,小学館ジュニア文庫
157,9784092312876,51,映画　４月の君、スピカ。,映画　,,映画　４月の君、スピカ。,児童書,児童文庫,児童文庫,小学館ジュニア文庫,小学館,杉山美和子,小学館ジュニア文庫
207,9784092312579,51,映画　ういらぶ。,映画　,,映画　ういらぶ。,児童書,児童文庫,児童文庫,小学館ジュニア文庫,小学館,宮沢みゆき,小学館ジュニア文庫
21,9784092313507,52,映画　１０万分の１,映画　,,映画　１０万分の１,児童書,児童文庫,児童文庫,小学館ジュニア文庫,小学館,時海結以,小学館ジュニア文庫
344,9784092312210,52,映画　坂道のアポロン,映画　,,映画　坂道のアポロン,児童書,児童文庫,児童文庫,小学館ジュニア文庫,小学館,宮沢みゆき,小学館ジュニア文庫
12,9784092313347,53,糸　映画ノベライズ版,映画,,糸　映画ノベライズ版,児童書,児童文庫,児童文庫,小学館ジュニア文庫,小学館,時海結以,小学館ジュニア文庫
215,9784092312746,53,映画　刀剣乱舞,映画,,映画　刀剣乱舞,児童書,児童文庫,児童文庫,小学館ジュニア文庫,小学館,時海結以,小学館ジュニア文庫
403,9784092895751,54,プリ・パラ　み～んなトモダチ！！み～んなアイドル！！,パラ　み～んな,,プリパラ,児童書,児童文庫,児童文庫,小学館ジュニア文庫,小学館,福田裕子,ちゃおノベルズ
417,9784092308657,54,映画・プリパラ　み～んなのあこがれ♪レッツゴー☆プリパリ,パラ　み～んな,,映画・プリパラ　み～んなのあこがれ♪レッツゴー☆プリパリ,児童書,児童文庫,児童文庫,小学館ジュニア文庫,小学館,筆安一幸,小学館ジュニア文庫
408,9784092895805,55,プリパラ　ガァルマゲドン外伝～怪獣アイドル　ガァルル登場ガァル～,,,プリパラ　ガァルマゲドン外伝～怪獣アイドル　ガァルル登場ガァル～,児童書,児童文庫,児童文庫,小学館ジュニア文庫,小学館,桑原美保,ちゃおノベルズ
396,9784092312395,56,アイドル誕生！　こんなわたしがＡＫＢ４８に！？,アイドル,,アイドル誕生！　こんなわたしがＡＫＢ４８に！？,児童書,児童文庫,児童文庫,小学館ジュニア文庫,小学館,柏木由紀,小学館ジュニア文庫
385,9784092311558,56,アイドル×戦士　ミラクルちゅーんず！,アイドル,,アイドル×戦士　ミラクルちゅーんず！,児童書,児童文庫,児童文庫,小学館ジュニア文庫,小学館,松井香奈,小学館ジュニア文庫
241,9784092314108,57,絶滅クラス！～暴走列車から脱出しろ！～,ク,,絶滅クラス！～暴走列車から脱出しろ！～,児童書,児童文庫,児童文庫,小学館ジュニア文庫,小学館,豊田巧,小学館ジュニア文庫
149,9784092313705,57,クルエラ,ク,,クルエラ,児童書,児童文庫,児童文庫,小学館ジュニア文庫,小学館,エリザベス・ルドニック,小学館ジュニア文庫
218,9784092311503,58,ドラえもん　５分でドラ語り　ことわざひみつ話,ドラえもん　５分でドラ語り　,,ドラえもん　５分でドラ語り　ことわざひみつ話,児童書,児童文庫,児童文庫,小学館ジュニア文庫,小学館,藤子・Ｆ・不二雄,小学館ジュニア文庫
210,9784092312203,58,ドラえもん　５分でドラ語り　故事成語ひみつ話,ドラえもん　５分でドラ語り　,,ドラえもん　５分でドラ語り　故事成語ひみつ話,児童書,児童文庫,児童文庫,小学館ジュニア文庫,小学館,藤子・Ｆ・不二雄,小学館ジュニア文庫
221,9784092311961,58,ドラえもん　５分でドラ語り　四字熟語ひみつ話,ドラえもん　５分でドラ語り　,,ドラえもん　５分でドラ語り　四字熟語ひみつ話,児童書,児童文庫,児童文庫,小学館ジュニア文庫,小学館,藤子・Ｆ・不二雄,小学館ジュニア文庫
38,9784092313965,59,小説映画ドラえもんのび太の南極カチコチ大冒険,小説　映画ドラえもん　のび太の,,小説映画ドラえもんのび太の南極カチコチ大冒険,児童書,児童文庫,児童文庫,小学館ジュニア文庫,小学館,白井かなこ,小学館ジュニア文庫
49,9784092314030,59,小説映画ドラえもんのび太の宇宙英雄記,小説　映画ドラえもん　のび太の,,小説映画ドラえもんのび太の宇宙英雄記,児童書,児童文庫,児童文庫,小学館ジュニア文庫,小学館,福島直浩,小学館ジュニア文庫
6,9784092313576,59,小説　映画ドラえもん　のび太の宇宙小戦争　２０２１,小説　映画ドラえもん　のび太の,,小説　映画ドラえもん　のび太の宇宙小戦争　２０２１,児童書,児童文庫,児童文庫,小学館ジュニア文庫,小学館,藤子・Ｆ・不二雄,小学館ジュニア文庫
27,9784092312760,59,小説「映画ドラえもん　のび太の月面探査記」,小説　映画ドラえもん　のび太の,,小説「映画ドラえもん　のび太の月面探査記」,児童書,児童文庫,児童文庫,小学館ジュニア文庫,小学館,辻村深月,小学館ジュニア文庫
46,9784092312173,59,小説　映画ドラえもん　のび太の宝島,小説　映画ドラえもん　のび太の,,小説　映画ドラえもん　のび太の宝島,児童書,児童文庫,児童文庫,小学館ジュニア文庫,小学館,涌井学,小学館ジュニア文庫
3,9784092313200,59,小説　映画ドラえもん　のび太の新恐竜,小説　映画ドラえもん　のび太の,,小説　映画ドラえもん　のび太の新恐竜,児童書,児童文庫,児童文庫,小学館ジュニア文庫,小学館,藤子・Ｆ・不二雄,小学館ジュニア文庫
273,9784092308305,60,ドラえもんの夢をかなえる読書ノート,,,ドラえもんの夢をかなえる読書ノート,児童書,児童文庫,児童文庫,小学館ジュニア文庫,小学館,藤子・Ｆ・不二雄,小学館ジュニア文庫
199,9784092313026,61,ゆめ☆かわ　ここあのコスメボックス　ストアイベントで恋の勝負！？,ゆめ☆かわ　ここあのコスメボックス　恋,,ゆめ☆かわ　ここあのコスメボックス　ストアイベントで恋の勝負！？,児童書,児童文庫,児童文庫,小学館ジュニア文庫,小学館,伊集院くれあ,小学館ジュニア文庫
201,9784092311886,61,ゆめ☆かわ　ここあのコスメボックス,ゆめ☆かわ　ここあのコスメボックス　恋,,ゆめ☆かわ　ここあのコスメボックス,児童書,児童文庫,児童文庫,小学館ジュニア文庫,小学館,伊集院くれあ,小学館ジュニア文庫
228,9784092312197,61,ゆめ☆かわ　ここあのコスメボックス　ヒミツの恋とナイショのモデル,ゆめ☆かわ　ここあのコスメボックス　恋,,ゆめ☆かわ　ここあのコスメボックス　ヒミツの恋とナイショのモデル,児童書,児童文庫,児童文庫,小学館ジュニア文庫,小学館,伊集院くれあ,小学館ジュニア文庫
248,9784092312845,61,ゆめ☆かわ　ここあのコスメボックス　恋する遊園地で大ピンチ！,ゆめ☆かわ　ここあのコスメボックス　恋,,ゆめ☆かわ　ここあのコスメボックス　恋する遊園地で大ピンチ！,児童書,児童文庫,児童文庫,小学館ジュニア文庫,小学館,伊集院くれあ,小学館ジュニア文庫
163,9784092313316,61,ゆめ☆かわ　ここあのコスメボックス　きらめきのパリで恋のキセキ,ゆめ☆かわ　ここあのコスメボックス　恋,,ゆめ☆かわ　ここあのコスメボックス　きらめきのパリで恋のキセキ,児童書,児童文庫,児童文庫,小学館ジュニア文庫,小学館,伊集院くれあ,小学館ジュニア文庫
220,9784092312425,61,ゆめ☆かわ　ここあのコスメボックス　恋のライバルとファッションショー,ゆめ☆かわ　ここあのコスメボックス　恋,,ゆめ☆かわ　ここあのコスメボックス　恋のライバルとファッションショー,児童書,児童文庫,児童文庫,小学館ジュニア文庫,小学館,伊集院くれあ,小学館ジュニア文庫
360,9784092312951,62,愛情融資店まごころ　好きなんて言えない,愛情融資店まごころ　,２,愛情融資店まごころ,児童書,児童文庫,児童文庫,小学館ジュニア文庫,小学館,くさかべかつ美,小学館ジュニア文庫
298,9784092313606,62,愛情融資店まごころ　サヨナラ、自分勝手,愛情融資店まごころ　,３,愛情融資店まごころ,児童書,児童文庫,児童文庫,小学館ジュニア文庫,小学館,くさかべかつ美,小学館ジュニア文庫
325,9784092312715,62,愛情融資店まごころ,愛情融資店まごころ　,,愛情融資店まごころ,児童書,児童文庫,児童文庫,小学館ジュニア文庫,小学館,くさかべかつ美,小学館ジュニア文庫
329,9784092312142,63,女優猫あなご,,,女優猫あなご,児童書,児童文庫,児童文庫,小学館ジュニア文庫,小学館,工藤菊香,小学館ジュニア文庫
330,9784092897168,64,ココロ・あみ→ご　きみとのさんぽ道～犬とわたしのキズナ～,,,ココロ・あみ→ご　きみとのさんぽ道～犬とわたしのキズナ～,児童書,児童文庫,児童文庫,小学館ジュニア文庫,小学館,栖川マキ,ちゃおノベルズ
434,9784092308282,65,真代家こんぷれっくす！～Ｍｙｓｔｅｒｉｏｕｓ　ｄａｙｓ　光の指輪物語～,真代家こんぷれっくす！～Ｍ,,真代家こんぷれっくす！～Ｍｙｓｔｅｒｉｏｕｓ　ｄａｙｓ　光の指輪物語～,児童書,児童文庫,児童文庫,小学館ジュニア文庫,小学館,宮沢みゆき,小学館ジュニア文庫
454,9784092307315,65,真代家こんぷれっくす！～Ｍｅｍｏｒｉａｌ　ｄａｙｓ　きえない花火ときえないキズナ～,真代家こんぷれっくす！～Ｍ,,真代家こんぷれっくす！～Ｍｅｍｏｒｉａｌ　ｄａｙｓ　きえない花火ときえないキズナ～,児童書,児童文庫,児童文庫,小学館ジュニア文庫,小学館,宮沢みゆき,小学館ジュニア文庫
254,9784092312777,66,がんばれ！ルルロロ　せかいでいちばんのケーキ,がんばれ！ルルロロ,,がんばれ！ルルロロ　せかいでいちばんのケーキ,児童書,児童文庫,児童文庫,小学館ジュニア文庫,小学館,あいはらひろゆき,小学館ジュニア文庫
243,9784092312258,66,がんばれ！ルルロロ,がんばれ！ルルロロ,,がんばれ！ルルロロ,児童書,児童文庫,児童文庫,小学館ジュニア文庫,小学館,あいはらひろゆき,小学館ジュニア文庫
438,9784092311695,67,お悩み解決！ズバッと同盟　おしゃれコーデ、対決！？,お悩み解決！ズバッと同盟　,,お悩み解決！ズバッと同盟　おしゃれコーデ、対決！？,児童書,児童文庫,児童文庫,小学館ジュニア文庫,小学館,吉田桃子,小学館ジュニア文庫
418,9784092308923,67,お悩み解決！ズバッと同盟　長女ＶＳ妹、仁義なき戦い！？,お悩み解決！ズバッと同盟　,,お悩み解決！ズバッと同盟　長女ＶＳ妹、仁義なき戦い！？,児童書,児童文庫,児童文庫,小学館ジュニア文庫,小学館,吉田桃子,小学館ジュニア文庫
413,9784092307490,68,ちび☆デビ！～スーパーまおちゃんとひみつの赤い実～,ちび☆デビ！,,ちび☆デビ！～スーパーまおちゃんとひみつの赤い実～,児童書,児童文庫,児童文庫,小学館ジュニア文庫,小学館,蜜家ビィ,小学館ジュニア文庫
456,9784092307285,68,ちび☆デビ！天界からの使者－エンジェル－とチョコル島の謎×２！,ちび☆デビ！,,ちび☆デビ！天界からの使者とチョコル島の謎×２！,児童書,児童文庫,児童文庫,小学館ジュニア文庫,小学館,蜜家ビィ,小学館ジュニア文庫
146,9784092313798,69,そんなに仲良くない小学生４人は謎の島を脱出できるのか！？,小学生,,そんなに仲良くない小学生４人は謎の島を脱出できるのか！？,児童書,児童文庫,児童文庫,小学館ジュニア文庫,小学館,そのさなえ,小学館ジュニア文庫
233,9784092313880,69,ミラクルへんてこ小学生ポチ崎ポチ夫,小学生,,ミラクルへんてこ小学生ポチ崎ポチ夫,児童書,児童文庫,児童文庫,小学館ジュニア文庫,小学館,田丸雅智,小学館ジュニア文庫
182,9784092313491,70,わんわん物語,,,わんわん物語,児童書,児童文庫,児童文庫,小学館ジュニア文庫,小学館,エリザベス・ルドニック,小学館ジュニア文庫
435,9784092311473,71,ぐらん×ぐらんぱ！スマホジャック,,,ぐらん×ぐらんぱ！スマホジャック,児童書,児童文庫,児童文庫,小学館ジュニア文庫,小学館,丘紫真璃,小学館ジュニア文庫
158,9784092312234,72,小説　おそ松さん　６つ子とエジプトとセミ,,,小説　おそ松さん　６つ子とエジプトとセミ,児童書,児童文庫,児童文庫,小学館ジュニア文庫,小学館,都築奈央,小学館ジュニア文庫
447,9784092311732,73,きんかつ！　恋する妖怪と舞姫の秘密,,,きんかつ！　恋する妖怪と舞姫の秘密,児童書,児童文庫,児童文庫,小学館ジュニア文庫,小学館,宇津田晴,小学館ジュニア文庫
245,9784092311480,74,緒崎さん家の妖怪事件簿,緒崎さん家の妖怪事件簿　,,緒崎さん家の妖怪事件簿,児童書,児童文庫,児童文庫,小学館ジュニア文庫,小学館,築山桂,小学館ジュニア文庫
292,9784092311800,74,緒崎さん家の妖怪事件簿　桃×団子パニック！,緒崎さん家の妖怪事件簿　,２,緒崎さん家の妖怪事件簿,児童書,児童文庫,児童文庫,小学館ジュニア文庫,小学館,築山桂,小学館ジュニア文庫
293,9784092312166,74,緒崎さん家の妖怪事件簿　狐×迷子パレード！,緒崎さん家の妖怪事件簿　,,緒崎さん家の妖怪事件簿　狐×迷子パレード！,児童書,児童文庫,児童文庫,小学館ジュニア文庫,小学館,築山桂,小学館ジュニア文庫
286,9784092312616,74,緒崎さん家の妖怪事件簿　月×姫ミラクル！,緒崎さん家の妖怪事件簿　,,緒崎さん家の妖怪事件簿　月×姫ミラクル！,児童書,児童文庫,児童文庫,小学館ジュニア文庫,小学館,築山桂,小学館ジュニア文庫
326,9784092306127,75,わさお,わさ,,わさお,児童書,児童文庫,児童文庫,小学館ジュニア文庫,小学館,水稀しま,小学館ジュニアシネマ文庫
308,9784092307506,75,わさびちゃんとひまわりの季節,わさ,,わさびちゃんとひまわりの季節,児童書,児童文庫,児童文庫,小学館ジュニア文庫,小学館,たざわりいこ,小学館ジュニア文庫
238,9784092311916,76,あさひなぐ,さ,,あさひなぐ,児童書,児童文庫,児童文庫,小学館ジュニア文庫,小学館,日笠由紀,小学館ジュニア文庫
327,9784092312463,76,さよなら、かぐや姫～月とわたしの物語～,さ,,さよなら、かぐや姫～月とわたしの物語～,児童書,児童文庫,児童文庫,小学館ジュニア文庫,小学館,深山くのえ,小学館ジュニア文庫
185,9784092314054,77,ベイマックス,ック,,ベイマックス,児童書,児童文庫,児童文庫,小学館ジュニア文庫,小学館,アイリーン・トリンブル,小学館ジュニア文庫
377,9784092311985,77,ブラック,ック,,ブラック,児童書,児童文庫,児童文庫,小学館ジュニア文庫,小学館,山田悠介,小学館ジュニア文庫
373,9784092311411,78,ルイ・ブライユ　暗闇に光を灯した十五歳の点字発明者,,,ルイ・ブライユ　暗闇に光を灯した十五歳の点字発明者,児童書,児童文庫,児童文庫,小学館ジュニア文庫,小学館,山本徳造,小学館ジュニア文庫
222,9784092312456,79,ジュラシック・ワールド０～悲劇の王国～,ジュラシック・ワールド　サバイバル・キャンプ,,ジュラシック・ワールド０～悲劇の王国～,児童書,児童文庫,児童文庫,小学館ジュニア文庫,小学館,テス・シャープ,小学館ジュニア文庫
193,9784092314023,79,ジュラシック・ワールド　サバイバル・キャンプ,ジュラシック・ワールド　サバイバル・キャンプ,２,ジュラシック・ワールド　サバイバル・キャンプ,児童書,児童文庫,児童文庫,小学館ジュニア文庫,小学館,スティーブ・ベーリング,小学館ジュニア文庫
111,9784092313699,79,ジュラシック・ワールド　サバイバル・キャンプ,ジュラシック・ワールド　サバイバル・キャンプ,,ジュラシック・ワールド　サバイバル・キャンプ,児童書,児童文庫,児童文庫,小学館ジュニア文庫,小学館,スティーブ・ベーリング,小学館ジュニア文庫
187,9784092312401,79,ジュラシック・ワールド　炎の王国,ジュラシック・ワールド　サバイバル・キャンプ,,ジュラシック・ワールド　炎の王国,児童書,児童文庫,児童文庫,小学館ジュニア文庫,小学館,坂野徳隆,小学館ジュニア文庫
122,9784092314139,79,ジュラシック・ワールド　新たなる支配者,ジュラシック・ワールド　サバイバル・キャンプ,,ジュラシック・ワールド　新たなる支配者,児童書,児童文庫,児童文庫,小学館ジュニア文庫,小学館,梅津かおり,小学館ジュニア文庫
296,9784092311787,80,スナックワールド,スナックワールド　,,スナックワールド,児童書,児童文庫,児童文庫,小学館ジュニア文庫,小学館,松井香奈,小学館ジュニア文庫
305,9784092312432,80,スナックワールド　大冒険はエンドレスだ！,スナックワールド　,,スナックワールド　大冒険はエンドレスだ！,児童書,児童文庫,児童文庫,小学館ジュニア文庫,小学館,松井香奈,小学館ジュニア文庫
349,9784092312265,80,スナックワールド　メローラ姫を救え！,スナックワールド　,,スナックワールド　メローラ姫を救え！,児童書,児童文庫,児童文庫,小学館ジュニア文庫,小学館,松井香奈,小学館ジュニア文庫
339,9784092312326,81,ラスト・ホールド！,ール,,ラスト・ホールド！,児童書,児童文庫,児童文庫,小学館ジュニア文庫,小学館,松井香奈,小学館ジュニア文庫
299,9784092312654,81,トロールズ,ール,,トロールズ,児童書,児童文庫,児童文庫,小学館ジュニア文庫,小学館,デイヴィッド・ルーマン,小学館ジュニア文庫
423,9784092307476,82,ドラマ　ドーリィ♪カノン　カノン誕生,ドラマ　ドーリィ♪カノン　,,ドラマ　ドーリィ♪カノン　カノン誕生,児童書,児童文庫,児童文庫,小学館ジュニア文庫,小学館,北川亜矢子,小学館ジュニア文庫
452,9784092307612,82,ドラマ　ドーリィ♪カノン　未来は僕らの手の中,ドラマ　ドーリィ♪カノン　,,ドラマ　ドーリィ♪カノン　未来は僕らの手の中,児童書,児童文庫,児童文庫,小学館ジュニア文庫,小学館,北川亜矢子,小学館ジュニア文庫
341,9784092311442,83,シャドウ・チルドレン　絶対に見つかってはいけない,シャドウ・チルドレン　絶対に,１,シャドウ・チルドレン,児童書,児童文庫,児童文庫,小学館ジュニア文庫,小学館,マーガレット・Ｐ・ハディックス,小学館ジュニア文庫
367,9784092311459,83,シャドウ・チルドレン　絶対にだまされてはいけない,シャドウ・チルドレン　絶対に,２,シャドウ・チルドレン,児童書,児童文庫,児童文庫,小学館ジュニア文庫,小学館,マーガレット・Ｐ・ハディックス,小学館ジュニア文庫
68,9784092314061,84,私ときどきレッサーパンダ,,,私ときどきレッサーパンダ,児童書,児童文庫,児童文庫,小学館ジュニア文庫,小学館,代田亜香子,小学館ジュニア文庫
370,9784092311817,85,思春期・革命－レボリューション－～カラダとココロのハジメテ～,,,思春期・革命－レボリューション－～カラダとココロのハジメテ～,児童書,児童文庫,児童文庫,小学館ジュニア文庫,小学館,市瀬まゆ,小学館ジュニア文庫
55,9784092313620,86,ボス・ベイビー　ファミリー・ミッション,ボス・ベイビー　ビジネスは赤ちゃんにおまかせ,,ボス・ベイビー　ファミリー・ミッション,児童書,児童文庫,児童文庫,小学館ジュニア文庫,小学館,佐藤結,小学館ジュニア文庫
171,9784092312128,86,ボス・ベイビー,ボス・ベイビー　ビジネスは赤ちゃんにおまかせ,,ボス・ベイビー,児童書,児童文庫,児童文庫,小学館ジュニア文庫,小学館,日笠由紀,小学館ジュニア文庫
180,9784092312692,86,ボス・ベイビー　ビジネスは赤ちゃんにおまかせ,ボス・ベイビー　ビジネスは赤ちゃんにおまかせ,,ボス・ベイビー　ビジネスは赤ちゃんにおまかせ,児童書,児童文庫,児童文庫,小学館ジュニア文庫,小学館,佐藤結,小学館ジュニア文庫
195,9784092313156,86,ボス・ベイビー　ビジネスは赤ちゃんにおまかせ,ボス・ベイビー　ビジネスは赤ちゃんにおまかせ,２,ボス・ベイビー　ビジネスは赤ちゃんにおまかせ,児童書,児童文庫,児童文庫,小学館ジュニア文庫,小学館,佐藤結,小学館ジュニア文庫
332,9784092312784,87,大熊猫－パンダ－ベーカリー　パンダと私の内気なクリームパン！,ベーカリー　,,大熊猫－パンダ－ベーカリー　パンダと私の内気なクリームパン！,児童書,児童文庫,児童文庫,小学館ジュニア文庫,小学館,くればやしよしえ,小学館ジュニア文庫
265,9784092313682,87,大熊猫ベーカリー　盗まれたひみつのレシピ,ベーカリー　,,大熊猫ベーカリー　盗まれたひみつのレシピ,児童書,児童文庫,児童文庫,小学館ジュニア文庫,小学館,くればやしよしえ,小学館ジュニア文庫
186,9784092313828,88,トイ・ストーリー,トイ・ストーリー,,トイ・ストーリー,児童書,児童文庫,児童文庫,小学館ジュニア文庫,小学館,Ｃ・Ｅ・デュボウスキー,小学館ジュニア文庫
258,9784092314009,88,トイ・ストーリー２,トイ・ストーリー,,トイ・ストーリー２,児童書,児童文庫,児童文庫,小学館ジュニア文庫,小学館,レスリー・ゴールドマン,小学館ジュニア文庫
424,9784092308602,88,バットマンＶＳスーパーマン　ジャスティスの誕生　クロスファイヤー　オリジナルノベル「エピソード０」,トイ・ストーリー,,バットマンＶＳスーパーマン　ジャスティスの誕生　クロスファイヤー　オリジナルノベル「エピソード０」,児童書,児童文庫,児童文庫,小学館ジュニア文庫,小学館,マイケル・コッグス,小学館ジュニア文庫
174,9784092313637,89,モンスターズ・インク　Ｄｉｓｎｅｙ・ＰＩＸＡＲ,　Ｄｉｓｎｅｙ・ＰＩＸＡＲ,,モンスターズ・インク　Ｄｉｓｎｅｙ・ＰＩＸＡＲ,児童書,児童文庫,児童文庫,小学館ジュニア文庫,小学館,キキ・ソープ,小学館ジュニア文庫
194,9784092313644,89,モンスターズ・ユニバーシティ　Ｄｉｓｎｅｙ・ＰＩＸＡＲ,　Ｄｉｓｎｅｙ・ＰＩＸＡＲ,,モンスターズ・ユニバーシティ　Ｄｉｓｎｅｙ・ＰＩＸＡＲ,児童書,児童文庫,児童文庫,小学館ジュニア文庫,小学館,アイリーン・トリンブル,小学館ジュニア文庫
315,9784092313866,89,モンスターズ・ナイト　魔人ドラキュラ・フランケンシュタイン・狼男,　Ｄｉｓｎｅｙ・ＰＩＸＡＲ,,モンスターズ・ナイト　魔人ドラキュラ・フランケンシュタイン・狼男,児童書,児童文庫,児童文庫,小学館ジュニア文庫,小学館,山本清史,小学館ジュニア文庫
82,9784092313873,90,ＰＵＩ　ＰＵＩ　モルカー　ストーリーズ　モフモフなおはなし、あつめました,,,ＰＵＩ　ＰＵＩ　モルカー　ストーリーズ　モフモフなおはなし、あつめました,児童書,児童文庫,児童文庫,小学館ジュニア文庫,小学館,佐藤結,小学館ジュニア文庫
130,9784092313569,91,メチャ盛りユーチューバーアイドルいおん☆,,,メチャ盛りユーチューバーアイドルいおん☆,児童書,児童文庫,児童文庫,小学館ジュニア文庫,小学館,山本李奈,小学館ジュニア文庫
58,9784092313835,92,はろー！マイベイビー,はろー！マイベイビー,,はろー！マイベイビー,児童書,児童文庫,児童文庫,小学館ジュニア文庫,小学館,綱島深雪,小学館ジュニア文庫
144,9784092314092,92,はろー！マイベイビー,はろー！マイベイビー,２,はろー！マイベイビー,児童書,児童文庫,児童文庫,小学館ジュニア文庫,小学館,綱島深雪,小学館ジュニア文庫
274,9784092314207,93,ズートピア,ズ,,ズートピア,児童書,児童文庫,児童文庫,小学館ジュニア文庫,小学館,スーザン・フランシス,小学館ジュニア文庫
205,9784092314221,93,バズ・ライトイヤー,ズ,,バズ・ライトイヤー,児童書,児童文庫,児童文庫,小学館ジュニア文庫,小学館,メレディス・ルースー,小学館ジュニア文庫
179,9784092313927,94,ナイトメアー・ビフォア・クリスマス　ティム・バートン,アー,,ナイトメアー・ビフォア・クリスマス　ティム・バートン,児童書,児童文庫,児童文庫,小学館ジュニア文庫,小学館,代田亜香子,小学館ジュニア文庫
448,9784092306066,94,幻影の覇者ゾロアーク,アー,,幻影の覇者ゾロアーク,児童書,児童文庫,児童文庫,小学館ジュニア文庫,小学館,世良ふゆみ,小学館ジュニアシネマ文庫
268,9784092307889,95,怪盗ジョーカー　開幕！怪盗ダーツの挑戦！！,怪盗ジョーカー　,,怪盗ジョーカー　開幕！怪盗ダーツの挑戦！！,児童書,児童文庫,児童文庫,小学館ジュニア文庫,小学館,福島直浩,小学館ジュニア文庫
284,9784092308558,95,怪盗ジョーカー　闇夜の対決！ジョーカーＶＳシャドウ,怪盗ジョーカー　,,怪盗ジョーカー　闇夜の対決！ジョーカーＶＳシャドウ,児童書,児童文庫,児童文庫,小学館ジュニア文庫,小学館,福島直浩,小学館ジュニア文庫
234,9784092312906,95,怪盗ジョーカー　宇宙へとびだせ！　ダイヤモンドの流れ星,怪盗ジョーカー　,,怪盗ジョーカー　宇宙へとびだせ！　ダイヤモンドの流れ星,児童書,児童文庫,児童文庫,小学館ジュニア文庫,小学館,福島直浩,小学館ジュニア文庫
272,9784092311947,95,怪盗ジョーカー　解決！世界怪盗ゲームへようこそ！！,怪盗ジョーカー　,,怪盗ジョーカー　解決！世界怪盗ゲームへようこそ！！,児童書,児童文庫,児童文庫,小学館ジュニア文庫,小学館,福島直浩,小学館ジュニア文庫
287,9784092311329,95,怪盗ジョーカー　ハチの記憶を取り戻せ！,怪盗ジョーカー　,,怪盗ジョーカー　ハチの記憶を取り戻せ！,児童書,児童文庫,児童文庫,小学館ジュニア文庫,小学館,福島直浩,小学館ジュニア文庫
291,9784092308206,95,怪盗ジョーカー　追憶のダイヤモンド・メモリー,怪盗ジョーカー　,,怪盗ジョーカー　追憶のダイヤモンド・メモリー,児童書,児童文庫,児童文庫,小学館ジュニア文庫,小学館,福島直浩,小学館ジュニア文庫
294,9784092308701,95,怪盗ジョーカー　銀のマントが燃える夜,怪盗ジョーカー　,,怪盗ジョーカー,児童書,児童文庫,児童文庫,小学館ジュニア文庫,小学館,福島直浩,小学館ジュニア文庫
113,9784092311657,96,謎解きはディナーのあとで,謎解きはディナーのあとで,,謎解きはディナーのあとで,児童書,児童文庫,児童文庫,小学館ジュニア文庫,小学館,東川篤哉,小学館ジュニア文庫
134,9784092313088,96,謎解きはディナーのあとで,謎解きはディナーのあとで,３,謎解きはディナーのあとで,児童書,児童文庫,児童文庫,小学館ジュニア文庫,小学館,東川篤哉,小学館ジュニア文庫
154,9784092312319,96,謎解きはディナーのあとで,謎解きはディナーのあとで,２,謎解きはディナーのあとで,児童書,児童文庫,児童文庫,小学館ジュニア文庫,小学館,東川篤哉,小学館ジュニア文庫
380,9784092895829,97,恋するディズニープリンセス～夢をかなえる力～,ディズニーツムツムの大冒険～,,恋するディズニープリンセス～夢をかなえる力～,児童書,児童文庫,児童文庫,小学館ジュニア文庫,小学館,ディズニー,ちゃおノベルズ
216,9784092312180,97,ディズニーツムツムの大冒険～ハラハラ！ジェットコースター～,ディズニーツムツムの大冒険～,,ディズニーツムツムの大冒険～ハラハラ！ジェットコースター～,児童書,児童文庫,児童文庫,小学館ジュニア文庫,小学館,橋口いくよ,小学館ジュニア文庫
275,9784092311749,97,ディズニーツムツムの大冒険～トキメキ　パティシエ・パーティ～,ディズニーツムツムの大冒険～,,ディズニーツムツムの大冒険～トキメキ　パティシエ・パーティ～,児童書,児童文庫,児童文庫,小学館ジュニア文庫,小学館,橋口いくよ,小学館ジュニア文庫
183,9784092313545,97,ディズニーヴィランズのこわい話　アースラ　悪夢の契約書,ディズニーツムツムの大冒険～,,ディズニーヴィランズのこわい話　アースラ　悪夢の契約書,児童書,児童文庫,児童文庫,小学館ジュニア文庫,小学館,ヴェラ・ストレンジ,小学館ジュニア文庫
400,9784092895836,97,ディズニー　くまのプーさん～プーさんとあそぼう～,ディズニーツムツムの大冒険～,,ディズニー　くまのプーさん～プーさんとあそぼう～,児童書,児童文庫,児童文庫,小学館ジュニア文庫,小学館,ウォルト・ディズニー・ジャパン,ちゃおノベルズ
229,9784092312791,98,ギルティゲーム　Ｌａｓｔ　ｓｔａｇｅ　さよなら、ギルティゲーム,ギルティゲーム　,,ギルティゲーム　Ｌａｓｔ　ｓｔａｇｅ　さよなら、ギルティゲーム,児童書,児童文庫,児童文庫,小学館ジュニア文庫,小学館,宮沢みゆき,小学館ジュニア文庫
262,9784092312159,98,ギルティゲーム　ギロンパ帝国へようこそ,ギルティゲーム　,４,ギルティゲーム,児童書,児童文庫,児童文庫,小学館ジュニア文庫,小学館,宮沢みゆき,小学館ジュニア文庫
219,9784092311312,98,ギルティゲーム,ギルティゲーム　,,ギルティゲーム,児童書,児童文庫,児童文庫,小学館ジュニア文庫,小学館,宮沢みゆき,小学館ジュニア文庫
256,9784092311879,98,ギルティゲーム　ペルセポネー号の悲劇,ギルティゲーム　,３,ギルティゲーム,児童書,児童文庫,児童文庫,小学館ジュニア文庫,小学館,宮沢みゆき,小学館ジュニア文庫
247,9784092312517,98,ギルティゲーム　黄金のナイトメア,ギルティゲーム　,５,ギルティゲーム,児童書,児童文庫,児童文庫,小学館ジュニア文庫,小学館,宮沢みゆき,小学館ジュニア文庫
264,9784092311541,98,ギルティゲーム　無限駅からの脱出,ギルティゲーム　,２,ギルティゲーム,児童書,児童文庫,児童文庫,小学館ジュニア文庫,小学館,宮沢みゆき,小学館ジュニア文庫
271,9784092312371,99,怪盗グルーのミニオン危機一発,怪盗グルーのミニオン,,怪盗グルーのミニオン危機一発,児童書,児童文庫,児童文庫,小学館ジュニア文庫,小学館,澁谷正子,小学館ジュニア文庫
282,9784092312364,99,怪盗グルーの月泥棒,怪盗グルーのミニオン,,怪盗グルーの月泥棒,児童書,児童文庫,児童文庫,小学館ジュニア文庫,小学館,澁谷正子,小学館ジュニア文庫
173,9784092311763,99,怪盗グルーのミニオン大脱走,怪盗グルーのミニオン,,怪盗グルーのミニオン大脱走,児童書,児童文庫,児童文庫,小学館ジュニア文庫,小学館,澁谷正子,小学館ジュニア文庫
95,9784092313538,100,ソウルフル・ワールド,,,ソウルフル・ワールド,児童書,児童文庫,児童文庫,小学館ジュニア文庫,小学館,テニー・ネルソン,小学館ジュニア文庫
455,9784092308503,101,ホルンペッター,,,ホルンペッター,児童書,児童文庫,児童文庫,小学館ジュニア文庫,小学館,雨都雪,小学館ジュニア文庫
26,9784092312975,102,ミュウツーの逆襲　ＥＶＯＬＵＴＩＯＮ,,,ミュウツーの逆襲　ＥＶＯＬＵＴＩＯＮ,児童書,児童文庫,児童文庫,小学館ジュニア文庫,小学館,水稀しま,小学館ジュニア文庫
153,9784092313378,103,ヒノマルソウル　舞台裏の英雄たち,,,ヒノマルソウル　舞台裏の英雄たち,児童書,児童文庫,児童文庫,小学館ジュニア文庫,小学館,涌井学,小学館ジュニア文庫
353,9784092311404,104,世界名作シリーズ　オズの魔法使い,世界名作シリーズ　小公,,世界名作シリーズ　オズの魔法使い,児童書,児童文庫,児童文庫,小学館ジュニア文庫,小学館,ライマン・フランク・ボーム,小学館ジュニア文庫
406,9784092311565,104,世界名作シリーズ　坊っちゃん,世界名作シリーズ　小公,,世界名作シリーズ　坊っちゃん,児童書,児童文庫,児童文庫,小学館ジュニア文庫,小学館,夏目漱石,小学館ジュニア文庫
314,9784092312296,104,宝島　世界名作シリーズ,世界名作シリーズ　小公,,宝島　世界名作シリーズ,児童書,児童文庫,児童文庫,小学館ジュニア文庫,小学館,ロバート・ルイス・スティーヴンソン,小学館ジュニア文庫
342,9784092308961,104,世界名作シリーズ　フランダースの犬,世界名作シリーズ　小公,,世界名作シリーズ　フランダースの犬,児童書,児童文庫,児童文庫,小学館ジュニア文庫,小学館,ウィーダ,小学館ジュニア文庫
397,9784092311633,104,世界名作シリーズ　家なき子,世界名作シリーズ　小公,,世界名作シリーズ　家なき子,児童書,児童文庫,児童文庫,小学館ジュニア文庫,小学館,エクトール・マロ,小学館ジュニア文庫
415,9784092308831,104,世界名作シリーズ　小公子セドリック,世界名作シリーズ　小公,,世界名作シリーズ　小公子セドリック,児童書,児童文庫,児童文庫,小学館ジュニア文庫,小学館,フランシス・ホジソン・バーネット,小学館ジュニア文庫
388,9784092308718,104,世界名作シリーズ　小公女セーラ,世界名作シリーズ　小公,,世界名作シリーズ　小公女セーラ,児童書,児童文庫,児童文庫,小学館ジュニア文庫,小学館,フランシス・ホジソン・バーネット,小学館ジュニア文庫
374,9784092308893,104,世界名作シリーズ　トム・ソーヤの冒険,世界名作シリーズ　小公,,世界名作シリーズ　トム・ソーヤの冒険,児童書,児童文庫,児童文庫,小学館ジュニア文庫,小学館,マーク・トウェイン,小学館ジュニア文庫
162,9784092313149,105,パティシエ志望だったのに、シンデレラのいじわるな姉に生まれ変わってしまいました！,だった,,パティシエ志望だったのに、シンデレラのいじわるな姉に生まれ変わってしまいました！,児童書,児童文庫,児童文庫,小学館ジュニア文庫,小学館,日部星花,小学館ジュニア文庫
69,9784092313736,105,ぜんぶ、藍色だった。,だった,,ぜんぶ、藍色だった。,児童書,児童文庫,児童文庫,小学館ジュニア文庫,小学館,木爾チレン,小学館ジュニア文庫
444,9784092308565,106,もしも私が【星月ヒカリ】だったら。,,,もしも私が【星月ヒカリ】だったら。,児童書,児童文庫,児童文庫,小学館ジュニア文庫,小学館,村上桃子,小学館ジュニア文庫
136,9784092313392,107,レベル１で異世界召喚されたオレだけど、攻略本は読みこんでます。,レベル１で異世界召喚されたオレだけど、,,レベル１で異世界召喚されたオレだけど、攻略本は読みこんでます。,児童書,児童文庫,児童文庫,小学館ジュニア文庫,小学館,宮沢みゆき,小学館ジュニア文庫
211,9784092313897,107,レベル１で異世界召喚されたオレだけど、なぜか新米魔王やってます。,レベル１で異世界召喚されたオレだけど、,,レベル１で異世界召喚されたオレだけど、なぜか新米魔王やってます。,児童書,児童文庫,児童文庫,小学館ジュニア文庫,小学館,宮沢みゆき,小学館ジュニア文庫
204,9784092308466,108,世界から猫が消えたなら,が消えたなら,,世界から猫が消えたなら,児童書,児童文庫,児童文庫,小学館ジュニア文庫,小学館,川村元気,小学館ジュニア文庫
226,9784092308619,108,世界からボクが消えたなら,が消えたなら,,世界からボクが消えたなら,児童書,児童文庫,児童文庫,小学館ジュニア文庫,小学館,涌井学,小学館ジュニア文庫
289,9784092314016,109,世界中からヘンテコリン！？　世にも不思議なおみやげ図鑑　メキシコ＆フィンランド編,,,世界中からヘンテコリン！？　世にも不思議なおみやげ図鑑　メキシコ＆フィンランド編,児童書,児童文庫,児童文庫,小学館ジュニア文庫,小学館,丘紫真璃,小学館ジュニア文庫
407,9784092308763,110,１２歳の約束　そして世界の頂点へ,１２歳,,１２歳の約束　そして世界の頂点へ,児童書,児童文庫,児童文庫,小学館ジュニア文庫,小学館,寺野典子,小学館ジュニア文庫
161,9784092313750,110,フック船長１２歳、永遠の呪い　ディズニーヴィランズのこわい話,１２歳,,フック船長１２歳、永遠の呪い　ディズニーヴィランズのこわい話,児童書,児童文庫,児童文庫,小学館ジュニア文庫,小学館,ヴェラ・ストレンジ,小学館ジュニア文庫
351,9784092311978,111,一礼して、キス,,,一礼して、キス,児童書,児童文庫,児童文庫,小学館ジュニア文庫,小学館,橋口いくよ,小学館ジュニア文庫
279,9784092311497,112,おはなし　猫ピッチャー　ミー太郎、ニューヨークへ行く！の巻,おはなし　猫ピッチャー　,,おはなし　猫ピッチャー　ミー太郎、ニューヨークへ行く！の巻,児童書,児童文庫,児童文庫,小学館ジュニア文庫,小学館,江橋よしのり,小学館ジュニア文庫
225,9784092312081,112,おはなし　猫ピッチャー　空飛ぶマグロと時間をうばわれた子どもたちの巻,おはなし　猫ピッチャー　,,おはなし　猫ピッチャー　空飛ぶマグロと時間をうばわれた子どもたちの巻,児童書,児童文庫,児童文庫,小学館ジュニア文庫,小学館,江橋よしのり,小学館ジュニア文庫
350,9784092895843,113,おはなし　タマ＆フレンズ　うちのタマ知りませんか？　ワン・ニャンぼくらの大冒険,,２,おはなし　タマ＆フレンズ　うちのタマ知りませんか？,児童書,児童文庫,児童文庫,小学館ジュニア文庫,小学館,せきちさと,ちゃおノベルズ
384,9784092308299,114,ふなっしーの大冒険　きょうだい集結！梨汁ブシャーッに気をつけろ！！,,,ふなっしーの大冒険　きょうだい集結！梨汁ブシャーッに気をつけろ！！,児童書,児童文庫,児童文庫,小学館ジュニア文庫,小学館,伊豆平成,小学館ジュニア文庫
145,9784092312067,115,８年越しの花嫁　奇跡の実話,,,８年越しの花嫁　奇跡の実話,児童書,児童文庫,児童文庫,小学館ジュニア文庫,小学館,時海結以,小学館ジュニア文庫
321,9784092311909,116,赤毛のアン（下）　世界名作シリーズ,）　世界名作シリーズ,,赤毛のアン　世界名作シリーズ,児童書,児童文庫,児童文庫,小学館ジュニア文庫,小学館,ルーシー・モード・モンゴメリ,小学館ジュニア文庫
340,9784092311718,116,あしながおじさん　世界名作シリーズ,）　世界名作シリーズ,,あしながおじさん　世界名作シリーズ,児童書,児童文庫,児童文庫,小学館ジュニア文庫,小学館,ジーン・ウェブスター,小学館ジュニア文庫
347,9784092312029,116,ピーターパン　世界名作シリーズ,）　世界名作シリーズ,,ピーターパン　世界名作シリーズ,児童書,児童文庫,児童文庫,小学館ジュニア文庫,小学館,ジェームス・マシュー・バリー,小学館ジュニア文庫
311,9784092311893,116,赤毛のアン（上）　世界名作シリーズ,）　世界名作シリーズ,,赤毛のアン　世界名作シリーズ,児童書,児童文庫,児童文庫,小学館ジュニア文庫,小学館,ルーシー・モード・モンゴメリ,小学館ジュニア文庫
419,9784092307292,117,ショコラの魔法～イスパハン薔薇の恋～,ショコラの魔法～,,ショコラの魔法～イスパハン薔薇の恋～,児童書,児童文庫,児童文庫,小学館ジュニア文庫,小学館,穂積りく,小学館ジュニア文庫
401,9784092307230,117,ショコラの魔法～クラシックショコラ　失われた物語～,ショコラの魔法～,,ショコラの魔法～クラシックショコラ　失われた物語～,児童書,児童文庫,児童文庫,小学館ジュニア文庫,小学館,穂積りく,小学館ジュニア文庫
387,9784092307759,117,ショコラの魔法～ジンジャーマカロン真昼の夢～,ショコラの魔法～,,ショコラの魔法～ジンジャーマカロン真昼の夢～,児童書,児童文庫,児童文庫,小学館ジュニア文庫,小学館,藤原サヨコ,小学館ジュニア文庫
382,9784092307537,117,ショコラの魔法～ショコラスコーン氷呪の学園～,ショコラの魔法～,,ショコラの魔法～ショコラスコーン氷呪の学園～,児童書,児童文庫,児童文庫,小学館ジュニア文庫,小学館,藤原サヨコ,小学館ジュニア文庫
398,9784092307223,117,ショコラの魔法～ダックワーズショコラ　記憶の迷路～,ショコラの魔法～,,ショコラの魔法～ダックワーズショコラ　記憶の迷路～,児童書,児童文庫,児童文庫,小学館ジュニア文庫,小学館,穂積りく,小学館ジュニア文庫
31,9784092895768,118,すみっコぐらしストーリーズ,すみっコぐらしの読書ノート,,すみっコぐらしストーリーズ,児童書,児童文庫,児童文庫,小学館ジュニア文庫,小学館,せきちさと,ちゃおノベルズ
123,9784092895775,118,すみっコぐらしの読書ノート,すみっコぐらしの読書ノート,,すみっコぐらしの読書ノート,児童書,児童文庫,児童文庫,小学館ジュニア文庫,小学館,サンエックス,ちゃおノベルズ
79,9784092895850,118,すみっコぐらしの読書ノート　ぱーと２,すみっコぐらしの読書ノート,,すみっコぐらしの読書ノート　ぱーと２,児童書,児童文庫,児童文庫,小学館ジュニア文庫,小学館,サンエックス,ちゃおノベルズ
198,9784092313972,119,彼方からのジュエリーナイト！,彼方からのジュエリーナイト！,,彼方からのジュエリーナイト！,児童書,児童文庫,児童文庫,小学館ジュニア文庫,小学館,築山桂,小学館ジュニア文庫
251,9784092314245,119,彼方からのジュエリーナイト！　怪盗ナインをつかまえたい！,彼方からのジュエリーナイト！,,彼方からのジュエリーナイト！　怪盗ナインをつかまえたい！,児童書,児童文庫,児童文庫,小学館ジュニア文庫,小学館,築山桂,小学館ジュニア文庫
190,9784092314078,120,猫占い師とこはくのタロット,,,猫占い師とこはくのタロット,児童書,児童文庫,児童文庫,小学館ジュニア文庫,小学館,のまみちこ,小学館ジュニア文庫
356,9784092308435,121,さくら×ドロップ　レシピ１：チーズハンバーグ,,,さくら×ドロップ　レシピ１：チーズハンバーグ,児童書,児童文庫,児童文庫,小学館ジュニア文庫,小学館,のまみちこ,小学館ジュニア文庫
170,9784092312333,122,小説　イナズマイレブン　アレスの天秤,小説　イナズマイレブン　オリオンの刻印,１,小説　イナズマイレブン　アレスの天秤,児童書,児童文庫,児童文庫,小学館ジュニア文庫,小学館,江橋よしのり,小学館ジュニア文庫
192,9784092312470,122,小説　イナズマイレブン　アレスの天秤,小説　イナズマイレブン　オリオンの刻印,２,小説　イナズマイレブン　アレスの天秤,児童書,児童文庫,児童文庫,小学館ジュニア文庫,小学館,江橋よしのり,小学館ジュニア文庫
209,9784092312661,122,小説　イナズマイレブン　アレスの天秤,小説　イナズマイレブン　オリオンの刻印,４,小説　イナズマイレブン　アレスの天秤,児童書,児童文庫,児童文庫,小学館ジュニア文庫,小学館,江橋よしのり,小学館ジュニア文庫
150,9784092313132,122,小説　イナズマイレブン　オリオンの刻印,小説　イナズマイレブン　オリオンの刻印,４,小説　イナズマイレブン　オリオンの刻印,児童書,児童文庫,児童文庫,小学館ジュニア文庫,小学館,江橋よしのり,小学館ジュニア文庫
141,9784092313057,122,小説　イナズマイレブン　オリオンの刻印,小説　イナズマイレブン　オリオンの刻印,３,小説　イナズマイレブン　オリオンの刻印,児童書,児童文庫,児童文庫,小学館ジュニア文庫,小学館,江橋よしのり,小学館ジュニア文庫
105,9784092312838,122,小説　イナズマイレブン　オリオンの刻印,小説　イナズマイレブン　オリオンの刻印,１,小説　イナズマイレブン　オリオンの刻印,児童書,児童文庫,児童文庫,小学館ジュニア文庫,小学館,江橋よしのり,小学館ジュニア文庫
140,9784092312968,122,小説　イナズマイレブン　オリオンの刻印,小説　イナズマイレブン　オリオンの刻印,２,小説　イナズマイレブン　オリオンの刻印,児童書,児童文庫,児童文庫,小学館ジュニア文庫,小学館,江橋よしのり,小学館ジュニア文庫
197,9784092312593,122,小説　イナズマイレブン　アレスの天秤,小説　イナズマイレブン　オリオンの刻印,３,小説　イナズマイレブン　アレスの天秤,児童書,児童文庫,児童文庫,小学館ジュニア文庫,小学館,江橋よしのり,小学館ジュニア文庫
1,9784092313460,123,小説　ＳＴＡＮＤ　ＢＹ　ＭＥ　ドラえもん,小説　ＳＴＡＮＤ　ＢＹ　ＭＥ　ドラえもん,２,小説　ＳＴＡＮＤ　ＢＹ　ＭＥ　ドラえもん,児童書,児童文庫,児童文庫,小学館ジュニア文庫,小学館,藤子・Ｆ・不二雄,小学館ジュニア文庫
5,9784092313453,123,小説　ＳＴＡＮＤ　ＢＹ　ＭＥ　ドラえもん,小説　ＳＴＡＮＤ　ＢＹ　ＭＥ　ドラえもん,,小説　ＳＴＡＮＤ　ＢＹ　ＭＥ　ドラえもん,児童書,児童文庫,児童文庫,小学館ジュニア文庫,小学館,藤子・Ｆ・不二雄,小学館ジュニア文庫
80,9784092314122,124,小説　アオアシ,小説　アオアシ,１,小説　アオアシ,児童書,児童文庫,児童文庫,小学館ジュニア文庫,小学館,江橋よしのり,小学館ジュニア文庫
165,9784092314214,124,小説　アオアシ,小説　アオアシ,２,小説　アオアシ,児童書,児童文庫,児童文庫,小学館ジュニア文庫,小学館,江橋よしのり,小学館ジュニア文庫
441,9784092311626,125,銀色☆フェアリーテイル　夢、それぞれの未来,銀色☆フェアリーテイル　,３,銀色☆フェアリーテイル,児童書,児童文庫,児童文庫,小学館ジュニア文庫,小学館,藍沢羽衣,小学館ジュニア文庫
432,9784092308947,125,銀色☆フェアリーテイル　きみだけに贈る歌,銀色☆フェアリーテイル　,２,銀色☆フェアリーテイル,児童書,児童文庫,児童文庫,小学館ジュニア文庫,小学館,藍沢羽衣,小学館ジュニア文庫
323,9784092312487,126,奇跡のパンダファミリー～愛と涙の子育て物語～,,,奇跡のパンダファミリー～愛と涙の子育て物語～,児童書,児童文庫,児童文庫,小学館ジュニア文庫,小学館,ＮＨＫスペシャル取材班,小学館ジュニア文庫
395,9784092311954,127,ＮＡＳＡ超常ファイル～地球外生命からの挑戦状～,,,ＮＡＳＡ超常ファイル～地球外生命からの挑戦状～,児童書,児童文庫,児童文庫,小学館ジュニア文庫,小学館,伊豆平成,小学館ジュニア文庫
200,9784092312630,128,レイトン　ミステリー探偵社～カトリーのナゾトキファイル～,レイトン　ミステリー探偵社～カトリーのナゾトキファイル～,４,レイトン　ミステリー探偵社～カトリーのナゾトキファイル～,児童書,児童文庫,児童文庫,小学館ジュニア文庫,小学館,氷川一歩,小学館ジュニア文庫
147,9784092312418,128,レイトン　ミステリー探偵社～カトリーのナゾトキファイル～,レイトン　ミステリー探偵社～カトリーのナゾトキファイル～,１,レイトン　ミステリー探偵社～カトリーのナゾトキファイル～,児童書,児童文庫,児童文庫,小学館ジュニア文庫,小学館,氷川一歩,小学館ジュニア文庫
191,9784092312500,128,レイトン　ミステリー探偵社～カトリーのナゾトキファイル～,レイトン　ミステリー探偵社～カトリーのナゾトキファイル～,２,レイトン　ミステリー探偵社～カトリーのナゾトキファイル～,児童書,児童文庫,児童文庫,小学館ジュニア文庫,小学館,氷川一歩,小学館ジュニア文庫
203,9784092312586,128,レイトン　ミステリー探偵社～カトリーのナゾトキファイル～,レイトン　ミステリー探偵社～カトリーのナゾトキファイル～,３,レイトン　ミステリー探偵社～カトリーのナゾトキファイル～,児童書,児童文庫,児童文庫,小学館ジュニア文庫,小学館,氷川一歩,小学館ジュニア文庫
428,9784092308589,129,ヒミツの王子様☆　恋するアイドル！,恋する,,ヒミツの王子様☆　恋するアイドル！,児童書,児童文庫,児童文庫,小学館ジュニア文庫,小学館,都築奈央,小学館ジュニア文庫
337,9784092311824,129,終わる世界でキミに恋する　星空の贈りもの,恋する,,終わる世界でキミに恋する　星空の贈りもの,児童書,児童文庫,児童文庫,小学館ジュニア文庫,小学館,新倉なつき,小学館ジュニア文庫
442,9784092307711,130,ハチミツにはつこい　アイ・ラブ・ユー,,,ハチミツにはつこい　アイ・ラブ・ユー,児童書,児童文庫,児童文庫,小学館ジュニア文庫,小学館,金杉弘子,小学館ジュニア文庫
390,9784092306196,131,イナズマイレブンＧＯ＜劇場版＞　究極の絆グリフォン,イナズマイレブン,,イナズマイレブンＧＯ＜劇場版＞　究極の絆グリフォン,児童書,児童文庫,児童文庫,小学館ジュニア文庫,小学館,冨岡淳広,小学館ジュニアシネマ文庫
369,9784092307902,131,アイカツ！＜劇場版＞,イナズマイレブン,,アイカツ！＜劇場版＞,児童書,児童文庫,児童文庫,小学館ジュニア文庫,小学館,加藤陽一,小学館ジュニア文庫
4,9784092313408,131,今日から俺は！！＜劇場版＞,イナズマイレブン,,今日から俺は！！＜劇場版＞,児童書,児童文庫,児童文庫,小学館ジュニア文庫,小学館,江橋よしのり,小学館ジュニア文庫
394,9784092306097,131,イナズマイレブン＜劇場版＞　最強軍団オーガ襲来,イナズマイレブン,,イナズマイレブン＜劇場版＞　最強軍団オーガ襲来,児童書,児童文庫,児童文庫,小学館ジュニア文庫,小学館,冨岡淳広,小学館ジュニアシネマ文庫
106,9784092313651,132,劇場版ポリス×戦士ラブパトリーナ！　怪盗からの挑戦！ラブでパパッとタイホせよ！,劇場版,,劇場版ポリス×戦士ラブパトリーナ！　怪盗からの挑戦！ラブでパパッとタイホせよ！,児童書,児童文庫,児童文庫,小学館ジュニア文庫,小学館,富井杏,小学館ジュニア文庫
88,9784092313354,132,劇場版ひみつ×戦士ファントミラージュ！　映画になってちょーだいします,劇場版,,劇場版ひみつ×戦士ファントミラージュ！　映画になってちょーだいします,児童書,児童文庫,児童文庫,小学館ジュニア文庫,小学館,富井杏,小学館ジュニア文庫
366,9784092308855,133,真田十勇士,,,真田十勇士,児童書,児童文庫,児童文庫,小学館ジュニア文庫,小学館,日笠由紀,小学館ジュニア文庫
74,9784092311794,134,ポケットモンスター＜劇場版＞　キミにきめた！,ポケットモンスター,,ポケットモンスター＜劇場版＞　キミにきめた！,児童書,児童文庫,児童文庫,小学館ジュニア文庫,小学館,水稀しま,小学館ジュニア文庫
33,9784092312494,134,ポケットモンスターみんなの物語＜劇場版＞,ポケットモンスター,,ポケットモンスターみんなの物語＜劇場版＞,児童書,児童文庫,児童文庫,小学館ジュニア文庫,小学館,水稀しま,小学館ジュニア文庫
7,9784092313514,134,劇場版ポケットモンスターココ,ポケットモンスター,,劇場版ポケットモンスターココ,児童書,児童文庫,児童文庫,小学館ジュニア文庫,小学館,水稀しま,小学館ジュニア文庫
399,9784092308930,135,ポケモン・ザ・ムービーＸＹ＆Ｚ　ボルケニオンと機巧－からくり－のマギアナ,,,ポケモン・ザ・ムービーＸＹ＆Ｚ　ボルケニオンと機巧－からくり－のマギアナ,児童書,児童文庫,児童文庫,小学館ジュニア文庫,小学館,水稀しま,小学館ジュニア文庫
178,9784092313415,136,転校生　ポチ崎ポチ夫,,,転校生　ポチ崎ポチ夫,児童書,児童文庫,児童文庫,小学館ジュニア文庫,小学館,田丸雅智,小学館ジュニア文庫
235,9784092312340,137,小説　ＭＡＪＯＲ　２ｎｄ　二人の二世－ジュニア－,小説　ＭＡＪＯＲ　２ｎｄ　,１,小説　ＭＡＪＯＲ　２ｎｄ,児童書,児童文庫,児童文庫,小学館ジュニア文庫,小学館,丹沢まなぶ,小学館ジュニア文庫
249,9784092312388,137,小説　ＭＡＪＯＲ　２ｎｄ　打倒！東斗ボーイズ,小説　ＭＡＪＯＲ　２ｎｄ　,２,小説　ＭＡＪＯＲ　２ｎｄ,児童書,児童文庫,児童文庫,小学館ジュニア文庫,小学館,丹沢まなぶ,小学館ジュニア文庫
378,9784092307698,138,Ｐｏｋｅｍｏｎ　ｔｈｅ　ｍｏｖｉｅ　ＸＹ　破壊の繭とディアンシー,,,Ｐｏｋｅｍｏｎ　ｔｈｅ　ｍｏｖｉｅ　ＸＹ　破壊の繭とディアンシー,児童書,児童文庫,児童文庫,小学館ジュニア文庫,小学館,園田英樹,小学館ジュニア文庫
414,9784092306523,139,海街ｄｉａｒｙ,,,海街ｄｉａｒｙ,児童書,児童文庫,児童文庫,小学館ジュニア文庫,小学館,百瀬しのぶ,小学館ジュニア文庫
445,9784092895812,140,２０２０人　Ｈａｐｐｙ名前占いＢＯＯＫ,,,２０２０人　Ｈａｐｐｙ名前占いＢＯＯＫ,児童書,児童文庫,児童文庫,小学館ジュニア文庫,小学館,章月綾乃,ちゃおノベルズ
352,9784092311992,141,西郷隆盛,,,西郷隆盛,児童書,児童文庫,児童文庫,小学館ジュニア文庫,小学館,時海結以,小学館ジュニア文庫
405,9784092308497,142,杉原千畝,,,杉原千畝,児童書,児童文庫,児童文庫,小学館ジュニア文庫,小学館,日笠由紀,小学館ジュニア文庫
223,9784092308824,143,ペット,ペット,,ペット,児童書,児童文庫,児童文庫,小学館ジュニア文庫,小学館,澁谷正子,小学館ジュニア文庫
160,9784092312982,143,ペット２,ペット,,ペット２,児童書,児童文庫,児童文庫,小学館ジュニア文庫,小学館,デイヴィッド・ルーマン,小学館ジュニア文庫
412,9784092895669,144,ナゾトキ姫は名探偵～怪盗時計うさぎからの挑戦状～　パズル＆推理ブック,　ナゾトキ姫は名探偵,,ナゾトキ姫は名探偵～怪盗時計うさぎからの挑戦状～　パズル＆推理ブック,児童書,児童文庫,児童文庫,小学館ジュニア文庫,小学館,時海結以,ちゃおノベルズ
425,9784092307278,144,ナゾトキ姫と嘆きのしずく,　ナゾトキ姫は名探偵,,ナゾトキ姫と嘆きのしずく,児童書,児童文庫,児童文庫,小学館ジュニア文庫,小学館,澁谷正子,小学館ジュニア文庫
371,9784092307582,144,ナゾトキ姫とアイドル怪人Ｘからの挑戦状　ナゾトキ姫は名探偵,　ナゾトキ姫は名探偵,,ナゾトキ姫とアイドル怪人Ｘからの挑戦状　ナゾトキ姫は名探偵,児童書,児童文庫,児童文庫,小学館ジュニア文庫,小学館,蜜家ビィ,小学館ジュニア文庫
372,9784092307384,144,ナゾトキ姫と魔本の迷宮－ラビリンス－　ナゾトキ姫は名探偵,　ナゾトキ姫は名探偵,,ナゾトキ姫と魔本の迷宮－ラビリンス－　ナゾトキ姫は名探偵,児童書,児童文庫,児童文庫,小学館ジュニア文庫,小学館,蜜家ビィ,小学館ジュニア文庫
359,9784092311688,145,天才発明家ニコ＆キャット,天才発明家ニコ＆キャット,,天才発明家ニコ＆キャット,児童書,児童文庫,児童文庫,小学館ジュニア文庫,小学館,南房秀久,小学館ジュニア文庫
364,9784092312050,145,天才発明家ニコ＆キャット　キャット、月に立つ！,天才発明家ニコ＆キャット,,天才発明家ニコ＆キャット　キャット、月に立つ！,児童書,児童文庫,児童文庫,小学館ジュニア文庫,小学館,南房秀久,小学館ジュニア文庫
250,9784092312807,146,まほう少女キティ,まほう少女キティ,,まほう少女キティ,児童書,児童文庫,児童文庫,小学館ジュニア文庫,小学館,エラ・ムーンハート,小学館ジュニア文庫
307,9784092312814,146,まほう少女キティ　ひとりぼっちのシャドウ,まほう少女キティ,,まほう少女キティ　ひとりぼっちのシャドウ,児童書,児童文庫,児童文庫,小学館ジュニア文庫,小学館,エラ・ムーンハート,小学館ジュニア文庫
29,9784092312302,147,名探偵コナン　安室透セレクション　ゼロの推理劇－ミステリー－,名探偵コナン　安室透セレクション　ゼロの,,名探偵コナン　安室透セレクション　ゼロの推理劇－ミステリー－,児童書,児童文庫,児童文庫,小学館ジュニア文庫,小学館,酒井匙,小学館ジュニア文庫
25,9784092312869,147,名探偵コナン　怪盗キッドセレクション　月下の予告状－イリュージョン－,名探偵コナン　安室透セレクション　ゼロの,,名探偵コナン　怪盗キッドセレクション　月下の予告状－イリュージョン－,児童書,児童文庫,児童文庫,小学館ジュニア文庫,小学館,酒井匙,小学館ジュニア文庫
15,9784092313279,147,名探偵コナン　赤井一家セレクション　緋色の推理記録,名探偵コナン　安室透セレクション　ゼロの,,名探偵コナン　赤井一家セレクション　緋色の推理記録,児童書,児童文庫,児童文庫,小学館ジュニア文庫,小学館,酒井匙,小学館ジュニア文庫
72,9784092312944,147,名探偵コナン　京極真セレクション　蹴撃の事件録－バトル－,名探偵コナン　安室透セレクション　ゼロの,,名探偵コナン　京極真セレクション　蹴撃の事件録－バトル－,児童書,児童文庫,児童文庫,小学館ジュニア文庫,小学館,酒井匙,小学館ジュニア文庫
22,9784092313484,147,名探偵コナン　世良真純セレクション　異国帰りの転校生,名探偵コナン　安室透セレクション　ゼロの,,名探偵コナン　世良真純セレクション　異国帰りの転校生,児童書,児童文庫,児童文庫,小学館ジュニア文庫,小学館,酒井匙,小学館ジュニア文庫
78,9784092314146,147,名探偵コナン　警察セレクション命がけの刑事たち,名探偵コナン　安室透セレクション　ゼロの,,名探偵コナン　警察セレクション命がけの刑事たち,児童書,児童文庫,児童文庫,小学館ジュニア文庫,小学館,酒井匙,小学館ジュニア文庫
137,9784092314276,147,名探偵コナン　安室透セレクション　ゼロの裏事情,名探偵コナン　安室透セレクション　ゼロの,,名探偵コナン　安室透セレクション　ゼロの裏事情,児童書,児童文庫,児童文庫,小学館ジュニア文庫,小学館,酒井匙,小学館ジュニア文庫
16,9784092313262,147,名探偵コナン　赤井秀一セレクション　赤と黒の攻防,名探偵コナン　安室透セレクション　ゼロの,,名探偵コナン　赤井秀一セレクション　赤と黒の攻防,児童書,児童文庫,児童文庫,小学館ジュニア文庫,小学館,酒井匙,小学館ジュニア文庫
43,9784092307872,148,名探偵コナン　江戸川コナン失踪事件　史上最悪の二日間,名探偵コナン　,,名探偵コナン　江戸川コナン失踪事件　史上最悪の二日間,児童書,児童文庫,児童文庫,小学館ジュニア文庫,小学館,百瀬しのぶ,小学館ジュニア文庫
83,9784092308596,148,名探偵コナン　コナンと海老蔵　歌舞伎十八番ミステリー,名探偵コナン　,,名探偵コナン　コナンと海老蔵　歌舞伎十八番ミステリー,児童書,児童文庫,児童文庫,小学館ジュニア文庫,小学館,水稀しま,小学館ジュニア文庫
53,9784092307964,149,名探偵コナン　天国へのカウントダウン,小説　名探偵コナン,,名探偵コナン　天国へのカウントダウン,児童書,児童文庫,児童文庫,小学館ジュニア文庫,小学館,水稀しま,小学館ジュニア文庫
13,9784092313552,149,名探偵コナン　ブラックインパクト！　組織の手が届く瞬間,小説　名探偵コナン,,名探偵コナン　ブラックインパクト！　組織の手が届く瞬間,児童書,児童文庫,児童文庫,小学館ジュニア文庫,小学館,水稀しま,小学館ジュニア文庫
159,9784092308268,149,小説　名探偵コナン,小説　名探偵コナン,１,小説　名探偵コナン,児童書,児童文庫,児童文庫,小学館ジュニア文庫,小学館,土屋つかさ,小学館ジュニア文庫
2,9784092314115,149,名探偵コナン　ハロウィンの花嫁,小説　名探偵コナン,,名探偵コナン　ハロウィンの花嫁,児童書,児童文庫,児童文庫,小学館ジュニア文庫,小学館,水稀しま,小学館ジュニア文庫
176,9784092308640,149,小説　名探偵コナン,小説　名探偵コナン,３,小説　名探偵コナン,児童書,児童文庫,児童文庫,小学館ジュニア文庫,小学館,土屋つかさ,小学館ジュニア文庫
184,9784092308954,149,小説　名探偵コナン,小説　名探偵コナン,４,小説　名探偵コナン,児童書,児童文庫,児童文庫,小学館ジュニア文庫,小学館,浜崎達也,小学館ジュニア文庫
47,9784092313217,149,名探偵コナン　大怪獣ゴメラＶＳ仮面ヤイバー,小説　名探偵コナン,,名探偵コナン　大怪獣ゴメラＶＳ仮面ヤイバー,児童書,児童文庫,児童文庫,小学館ジュニア文庫,小学館,水稀しま,小学館ジュニア文庫
100,9784092313255,149,名探偵コナン　読書ノート,小説　名探偵コナン,,名探偵コナン　読書ノート,児童書,児童文庫,児童文庫,小学館ジュニア文庫,小学館,青山剛昌,小学館ジュニア文庫スペシャル
172,9784092308459,149,小説　名探偵コナン,小説　名探偵コナン,２,小説　名探偵コナン,児童書,児童文庫,児童文庫,小学館ジュニア文庫,小学館,土屋つかさ,小学館ジュニア文庫
17,9784092306264,149,名探偵コナン　１１人目のストライカー,小説　名探偵コナン,,名探偵コナン　１１人目のストライカー,児童書,児童文庫,児童文庫,小学館ジュニア文庫,小学館,水稀しま,小学館ジュニアシネマ文庫
64,9784092311336,149,名探偵コナン　エピソード“ＯＮＥ”小さくなった名探偵,小説　名探偵コナン,,名探偵コナン　エピソード“ＯＮＥ”小さくなった名探偵,児童書,児童文庫,児童文庫,小学館ジュニア文庫,小学館,水稀しま,小学館ジュニア文庫
101,9784092312999,150,名探偵ピカチュウ,,,名探偵ピカチュウ,児童書,児童文庫,児童文庫,小学館ジュニア文庫,小学館,江坂純,小学館ジュニア文庫
9,9784092312883,151,名探偵コナン　紺青の拳－フィスト－,名探偵コナン　,,名探偵コナン　紺青の拳－フィスト－,児童書,児童文庫,児童文庫,小学館ジュニア文庫,小学館,水稀しま,小学館ジュニア文庫
23,9784092306479,151,名探偵コナン　異次元の狙撃手－スナイパー－,名探偵コナン　,,名探偵コナン　異次元の狙撃手－スナイパー－,児童書,児童文庫,児童文庫,小学館ジュニア文庫,小学館,水稀しま,小学館ジュニアシネマ文庫
65,9784092306462,151,名探偵コナン戦慄の楽譜－フルスコア－,名探偵コナン　,,名探偵コナン戦慄の楽譜－フルスコア－,児童書,児童文庫,児童文庫,小学館ジュニア文庫,小学館,水稀しま,小学館ジュニアシネマ文庫
56,9784092306363,151,名探偵コナン　天空の難破船－ロスト・シップ－,名探偵コナン　,,名探偵コナン　天空の難破船－ロスト・シップ－,児童書,児童文庫,児童文庫,小学館ジュニア文庫,小学館,水稀しま,小学館ジュニアシネマ文庫
76,9784092307735,151,名探偵コナン　水平線上の陰謀－ストラテジー－,名探偵コナン　,,名探偵コナン　水平線上の陰謀－ストラテジー－,児童書,児童文庫,児童文庫,小学館ジュニア文庫,小学館,水稀しま,小学館ジュニア文庫
39,9784092306424,152,名探偵コナン　探偵たちの鎮魂歌－レクイエム－,名探偵コナン　,,名探偵コナン　探偵たちの鎮魂歌－レクイエム－,児童書,児童文庫,児童文庫,小学館ジュニア文庫,小学館,水稀しま,小学館ジュニアシネマ文庫
37,9784092307919,152,名探偵コナン　迷宮の十字路－クロスロード－,名探偵コナン　,,名探偵コナン　迷宮の十字路－クロスロード－,児童書,児童文庫,児童文庫,小学館ジュニア文庫,小学館,水稀しま,小学館ジュニア文庫
36,9784092306509,152,名探偵コナン　銀翼の奇術師－マジシャン－,名探偵コナン　,,名探偵コナン　銀翼の奇術師－マジシャン－,児童書,児童文庫,児童文庫,小学館ジュニア文庫,小学館,水稀しま,小学館ジュニア文庫
8,9784092312739,152,名探偵コナン　紅の修学旅行,名探偵コナン　,,名探偵コナン　紅の修学旅行,児童書,児童文庫,児童文庫,小学館ジュニア文庫,小学館,水稀しま,小学館ジュニア文庫
63,9784092306394,152,名探偵コナン　絶海の探偵－プライベート・アイ－,名探偵コナン　,,名探偵コナン　絶海の探偵－プライベート・アイ－,児童書,児童文庫,児童文庫,小学館ジュニア文庫,小学館,櫻井武晴,小学館ジュニアシネマ文庫
35,9784092313903,152,名探偵コナン黒ずくめの組織セレクション　黒の策略,名探偵コナン　,,名探偵コナン黒ずくめの組織セレクション　黒の策略,児童書,児童文庫,児童文庫,小学館ジュニア文庫,小学館,酒井匙,小学館ジュニア文庫
10,9784092311619,152,名探偵コナン　から紅の恋歌－ラブレター－,名探偵コナン　,,名探偵コナン　から紅の恋歌－ラブレター－,児童書,児童文庫,児童文庫,小学館ジュニア文庫,小学館,水稀しま,小学館ジュニア文庫
66,9784092306455,152,名探偵コナン　紺碧の棺－ジョリー・ロジャー－,名探偵コナン　,,名探偵コナン　紺碧の棺－ジョリー・ロジャー－,児童書,児童文庫,児童文庫,小学館ジュニア文庫,小学館,水稀しま,小学館ジュニアシネマ文庫
32,9784092306387,152,名探偵コナン沈黙の１５分－クオーター－,名探偵コナン　,,名探偵コナン沈黙の１５分－クオーター－,児童書,児童文庫,児童文庫,小学館ジュニア文庫,小学館,水稀しま,小学館ジュニアシネマ文庫
11,9784092312289,152,名探偵コナン　ゼロの執行人,名探偵コナン　,,名探偵コナン　ゼロの執行人,児童書,児童文庫,児童文庫,小学館ジュニア文庫,小学館,水稀しま,小学館ジュニア文庫
24,9784092306516,152,名探偵コナン　業火の向日葵,名探偵コナン　,,名探偵コナン　業火の向日葵,児童書,児童文庫,児童文庫,小学館ジュニア文庫,小学館,水稀しま,小学館ジュニア文庫
19,9784092313668,152,名探偵コナン　赤井秀一緋色の回顧録セレクション　狙撃手の極秘任務,名探偵コナン　,,名探偵コナン　赤井秀一緋色の回顧録セレクション　狙撃手の極秘任務,児童書,児童文庫,児童文庫,小学館ジュニア文庫,小学館,酒井匙,小学館ジュニア文庫
94,9784092314177,152,名探偵コナン　世紀末の魔術師,名探偵コナン　,,名探偵コナン　世紀末の魔術師,児童書,児童文庫,児童文庫,小学館ジュニア文庫,小学館,水稀しま,小学館ジュニア文庫
45,9784092312098,152,名探偵コナン　瞳の中の暗殺者,名探偵コナン　,,名探偵コナン　瞳の中の暗殺者,児童書,児童文庫,児童文庫,小学館ジュニア文庫,小学館,水稀しま,小学館ジュニア文庫
50,9784092306356,152,名探偵コナン　漆黒の追跡者－チェイサー－,名探偵コナン　,,名探偵コナン　漆黒の追跡者－チェイサー－,児童書,児童文庫,児童文庫,小学館ジュニア文庫,小学館,水稀しま,小学館ジュニアシネマ文庫
20,9784092308664,152,名探偵コナン　純黒の悪夢－ナイトメア－,名探偵コナン　,,名探偵コナン　純黒の悪夢－ナイトメア－,児童書,児童文庫,児童文庫,小学館ジュニア文庫,小学館,水稀しま,小学館ジュニア文庫
0,9784092313293,152,名探偵コナン　緋色の弾丸,名探偵コナン　,,名探偵コナン　緋色の弾丸,児童書,児童文庫,児童文庫,小学館ジュニア文庫,小学館,水稀しま,小学館ジュニア文庫
437,9784092308473,153,シンドバッド　真昼の夜とふしぎの門,ンド,,シンドバッド　真昼の夜とふしぎの門,児童書,児童文庫,児童文庫,小学館ジュニア文庫,小学館,百瀬しのぶ,小学館ジュニア文庫
410,9784092311862,153,メデタシエンド。～ミッションはおとぎ話の赤ずきん……の猟師役！？～,ンド,,メデタシエンド。～ミッションはおとぎ話の赤ずきん……の猟師役！？～,児童書,児童文庫,児童文庫,小学館ジュニア文庫,小学館,葵木あんね,小学館ジュニア文庫
346,9784092306028,154,レイトン教授と永遠の歌姫,,,レイトン教授と永遠の歌姫,児童書,児童文庫,児童文庫,小学館ジュニア文庫,小学館,松井亜弥,小学館ジュニアシネマ文庫
420,9784092308404,155,ＧＡＭＢＡ　ガンバと仲間たち,,,ＧＡＭＢＡ　ガンバと仲間たち,児童書,児童文庫,児童文庫,小学館ジュニア文庫,小学館,時海結以,小学館ジュニア文庫
239,9784092313477,156,ここはエンゲキ特区！,,,ここはエンゲキ特区！,児童書,児童文庫,児童文庫,小学館ジュニア文庫,小学館,保木本佳子,小学館ジュニア文庫
288,9784092312821,157,ダンボ,,,ダンボ,児童書,児童文庫,児童文庫,小学館ジュニア文庫,小学館,カリ・サザーランド,小学館ジュニア文庫
18,9784092306448,158,ルパン三世ｖｓ名探偵コナンＴＨＥ　ＭＯＶＩＥ,,,ルパン三世ｖｓ名探偵コナンＴＨＥ　ＭＯＶＩＥ,児童書,児童文庫,児童文庫,小学館ジュニア文庫,小学館,水稀しま,小学館ジュニアシネマ文庫
212,9784092313095,159,マレフィセント２～同時収録　マレフィセント～,ディセンダント,,マレフィセント２～同時収録　マレフィセント～,児童書,児童文庫,児童文庫,小学館ジュニア文庫,小学館,エリザベス・ルドニック,小学館ジュニア文庫
75,9784092313446,159,ディセンダント,ディセンダント,３,ディセンダント,児童書,児童文庫,児童文庫,小学館ジュニア文庫,小学館,カリン・デイヴィス,小学館ジュニア文庫
118,9784092312920,159,ディセンダント,ディセンダント,,ディセンダント,児童書,児童文庫,児童文庫,小学館ジュニア文庫,小学館,リコ・グリーン,小学館ジュニア文庫
102,9784092313309,159,ディセンダント,ディセンダント,２,ディセンダント,児童書,児童文庫,児童文庫,小学館ジュニア文庫,小学館,エリック・ジェロン,小学館ジュニア文庫
301,9784092311510,160,ＳＩＮＧ　シング,ＳＩＮＧ,,ＳＩＮＧ　シング,児童書,児童文庫,児童文庫,小学館ジュニア文庫,小学館,澁谷正子,小学館ジュニア文庫
44,9784092314085,160,ＳＩＮＧシングーネクストステージー,ＳＩＮＧ,,ＳＩＮＧシングーネクストステージー,児童書,児童文庫,児童文庫,小学館ジュニア文庫,小学館,澁谷正子,小学館ジュニア文庫
230,9784092313729,161,ファインディング・ドリー,ファインディング・,,ファインディング・ドリー,児童書,児童文庫,児童文庫,小学館ジュニア文庫,小学館,スーザン・フランシス,小学館ジュニア文庫
242,9784092313712,161,ファインディング・ニモ,ファインディング・,,ファインディング・ニモ,児童書,児童文庫,児童文庫,小学館ジュニア文庫,小学館,ゲイル・ハーマン,小学館ジュニア文庫
155,9784092313040,161,ライオン・キング,ファインディング・,,ライオン・キング,児童書,児童文庫,児童文庫,小学館ジュニア文庫,小学館,エリザベス・ルドニック,小学館ジュニア文庫
52,9784092312548,162,おはなし！コウペンちゃん　きみに会いにきたよ,おはなし！コウペンちゃん　きみ,,おはなし！コウペンちゃん　きみに会いにきたよ,児童書,児童文庫,児童文庫,小学館ジュニア文庫,小学館,深山くのえ,小学館ジュニア文庫
89,9784092313071,162,おはなし！コウペンちゃん　きみのそばにいるよ,おはなし！コウペンちゃん　きみ,,おはなし！コウペンちゃん　きみのそばにいるよ,児童書,児童文庫,児童文庫,小学館ジュニア文庫,小学館,深山くのえ,小学館ジュニア文庫
131,9784092313231,162,コウペンちゃん読書ノート,おはなし！コウペンちゃん　きみ,,コウペンちゃん読書ノート,児童書,児童文庫,児童文庫,小学館ジュニア文庫,小学館,るるてあ,小学館ジュニア文庫
240,9784092312685,163,グリンチ,リ,,グリンチ,児童書,児童文庫,児童文庫,小学館ジュニア文庫,小学館,デイヴィッド・ルーマン,小学館ジュニア文庫
112,9784092313842,163,キラッとプリ☆チャン　プリティーオールフレンズ,リ,,キラッとプリ☆チャン　プリティーオールフレンズ,児童書,児童文庫,児童文庫,小学館ジュニア文庫,小学館,桑原美保,小学館ジュニア文庫
164,9784092313330,164,ムーラン,ラ,,ムーラン,児童書,児童文庫,児童文庫,小学館ジュニア文庫,小学館,エリザベス・ルドニック,小学館ジュニア文庫
177,9784092313590,164,塔の上のラプンツェル,ラ,,塔の上のラプンツェル,児童書,児童文庫,児童文庫,小学館ジュニア文庫,小学館,アイリーン・トリンブル,小学館ジュニア文庫
206,9784092312913,164,アラジン,ラ,,アラジン,児童書,児童文庫,児童文庫,小学館ジュニア文庫,小学館,エリザベス・ルドニック,小学館ジュニア文庫
365,9784092308879,165,ニホンブンレツ（上）,ニホンブンレツ（,,ニホンブンレツ,児童書,児童文庫,児童文庫,小学館ジュニア文庫,小学館,山田悠介,小学館ジュニア文庫
362,9784092308886,165,ニホンブンレツ（下）,ニホンブンレツ（,,ニホンブンレツ,児童書,児童文庫,児童文庫,小学館ジュニア文庫,小学館,山田悠介,小学館ジュニア文庫
151,9784092313323,166,ミニオンズ　フィーバー,ミニオンズ,,ミニオンズ　フィーバー,児童書,児童文庫,児童文庫,小学館ジュニア文庫,小学館,澁谷正子,小学館ジュニア文庫
260,9784092308367,166,ミニオンズ,ミニオンズ,,ミニオンズ,児童書,児童文庫,児童文庫,小学館ジュニア文庫,小学館,澁谷正子,小学館ジュニア文庫
259,9784092314252,166,おはなしミニオン　ミニオンとゆかいな仲間たち,ミニオンズ,,おはなしミニオン　ミニオンとゆかいな仲間たち,児童書,児童文庫,児童文庫,小学館ジュニア文庫,小学館,綱島深雪,小学館ジュニア文庫スペシャル
119,9784092311640,167,華麗なる探偵アリス＆ペンギン　アラビアン・デート,華麗なる探偵アリス＆ペンギン　ペンギン・,,華麗なる探偵アリス＆ペンギン　アラビアン・デート,児童書,児童文庫,児童文庫,小学館ジュニア文庫,小学館,南房秀久,小学館ジュニア文庫
110,9784092308633,167,華麗なる探偵アリス＆ペンギン　ペンギン・パニック！,華麗なる探偵アリス＆ペンギン　ペンギン・,,華麗なる探偵アリス＆ペンギン　ペンギン・パニック！,児童書,児童文庫,児童文庫,小学館ジュニア文庫,小学館,南房秀久,小学館ジュニア文庫
97,9784092307797,167,華麗なる探偵アリス＆ペンギン　ワンダー・チェンジ！,華麗なる探偵アリス＆ペンギン　ペンギン・,,華麗なる探偵アリス＆ペンギン　ワンダー・チェンジ！,児童書,児童文庫,児童文庫,小学館ジュニア文庫,小学館,南房秀久,小学館ジュニア文庫
93,9784092312722,167,華麗なる探偵アリス＆ペンギン　ウィッチ・ハント！,華麗なる探偵アリス＆ペンギン　ペンギン・,,華麗なる探偵アリス＆ペンギン　ウィッチ・ハント！,児童書,児童文庫,児童文庫,小学館ジュニア文庫,小学館,南房秀久,小学館ジュニア文庫
92,9784092313064,167,華麗なる探偵アリス＆ペンギン　ファンシー・ファンタジー,華麗なる探偵アリス＆ペンギン　ペンギン・,,華麗なる探偵アリス＆ペンギン　ファンシー・ファンタジー,児童書,児童文庫,児童文庫,小学館ジュニア文庫,小学館,南房秀久,小学館ジュニア文庫
90,9784092314184,167,華麗なる探偵アリス＆ペンギン　ペンギン・ウォンテッド！,華麗なる探偵アリス＆ペンギン　ペンギン・,,華麗なる探偵アリス＆ペンギン　ペンギン・ウォンテッド！,児童書,児童文庫,児童文庫,小学館ジュニア文庫,小学館,南房秀久,小学館ジュニア文庫
114,9784092308510,167,華麗なる探偵アリス＆ペンギン　トラブル・ハロウィン,華麗なる探偵アリス＆ペンギン　ペンギン・,,華麗なる探偵アリス＆ペンギン　トラブル・ハロウィン,児童書,児童文庫,児童文庫,小学館ジュニア文庫,小学館,南房秀久,小学館ジュニア文庫
116,9784092308787,167,華麗なる探偵アリス＆ペンギン　ミステリアス・ナイト,華麗なる探偵アリス＆ペンギン　ペンギン・,,華麗なる探偵アリス＆ペンギン　ミステリアス・ナイト,児童書,児童文庫,児童文庫,小学館ジュニア文庫,小学館,南房秀久,小学館ジュニア文庫
84,9784092313248,167,華麗なる探偵アリス＆ペンギン　リトル・リドル・アリス,華麗なる探偵アリス＆ペンギン　ペンギン・,,華麗なる探偵アリス＆ペンギン　リトル・リドル・アリス,児童書,児童文庫,児童文庫,小学館ジュニア文庫,小学館,南房秀久,小学館ジュニア文庫
108,9784092308145,167,華麗なる探偵アリス＆ペンギン　ミラー・ラビリンス,華麗なる探偵アリス＆ペンギン　ペンギン・,,華麗なる探偵アリス＆ペンギン　ミラー・ラビリンス,児童書,児童文庫,児童文庫,小学館ジュニア文庫,小学館,南房秀久,小学館ジュニア文庫
107,9784092312449,167,華麗なる探偵アリス＆ペンギン　ホームズ・イン・ジャパン,華麗なる探偵アリス＆ペンギン　ペンギン・,,華麗なる探偵アリス＆ペンギン　ホームズ・イン・ジャパン,児童書,児童文庫,児童文庫,小学館ジュニア文庫,小学館,南房秀久,小学館ジュニア文庫
77,9784092307674,167,華麗なる探偵アリス＆ペンギン,華麗なる探偵アリス＆ペンギン　ペンギン・,,華麗なる探偵アリス＆ペンギン,児童書,児童文庫,児童文庫,小学館ジュニア文庫,小学館,南房秀久,小学館ジュニア文庫
57,9784092313996,167,華麗なる探偵アリス＆ペンギン　ダンシング・グルメ,華麗なる探偵アリス＆ペンギン　ペンギン・,,華麗なる探偵アリス＆ペンギン　ダンシング・グルメ,児童書,児童文庫,児童文庫,小学館ジュニア文庫,小学館,南房秀久,小学館ジュニア文庫
127,9784092308350,167,華麗なる探偵アリス＆ペンギン　サマー・トレジャー,華麗なる探偵アリス＆ペンギン　ペンギン・,,華麗なる探偵アリス＆ペンギン　サマー・トレジャー,児童書,児童文庫,児童文庫,小学館ジュニア文庫,小学館,南房秀久,小学館ジュニア文庫
129,9784092308978,167,華麗なる探偵アリス＆ペンギン　アリスｖｓ．ホームズ！,華麗なる探偵アリス＆ペンギン　ペンギン・,,華麗なる探偵アリス＆ペンギン　アリスＶＳ．ホームズ！,児童書,児童文庫,児童文庫,小学館ジュニア文庫,小学館,南房秀久,小学館ジュニア文庫
41,9784092313781,167,華麗なる探偵アリス＆ペンギン　ウィッシュ・オン・ザ・スターズ,華麗なる探偵アリス＆ペンギン　ペンギン・,,華麗なる探偵アリス＆ペンギン　ウィッシュ・オン・ザ・スターズ,児童書,児童文庫,児童文庫,小学館ジュニア文庫,小学館,南房秀久,小学館ジュニア文庫
34,9784092313583,167,華麗なる探偵アリス＆ペンギン　ウエルカム・ミラーランド,華麗なる探偵アリス＆ペンギン　ペンギン・,,華麗なる探偵アリス＆ペンギン　ウエルカム・ミラーランド,児童書,児童文庫,児童文庫,小学館ジュニア文庫,小学館,南房秀久,小学館ジュニア文庫
30,9784092313439,167,華麗なる探偵アリス＆ペンギン　ゴースト・キャッスル,華麗なる探偵アリス＆ペンギン　ペンギン・,,華麗なる探偵アリス＆ペンギン　ゴースト・キャッスル,児童書,児童文庫,児童文庫,小学館ジュニア文庫,小学館,南房秀久,小学館ジュニア文庫
117,9784092312043,167,華麗なる探偵アリス＆ペンギン　パーティ・パーティ,華麗なる探偵アリス＆ペンギン　ペンギン・,,華麗なる探偵アリス＆ペンギン　パーティ・パーティ,児童書,児童文庫,児童文庫,小学館ジュニア文庫,小学館,南房秀久,小学館ジュニア文庫
252,9784092312852,168,白魔女リンと３悪魔　ゴールデン・ラビリンス,白魔女リンと３悪魔　フ,,白魔女リンと３悪魔　ゴールデン・ラビリンス,児童書,児童文庫,児童文庫,小学館ジュニア文庫,小学館,成田良美,小学館ジュニア文庫
224,9784092313187,168,白魔女リンと３悪魔　ウエディング・キャンドル,白魔女リンと３悪魔　フ,,白魔女リンと３悪魔　ウエディング・キャンドル,児童書,児童文庫,児童文庫,小学館ジュニア文庫,小学館,成田良美,小学館ジュニア文庫
267,9784092312524,168,白魔女リンと３悪魔　ミッドナイト・ジョーカー,白魔女リンと３悪魔　フ,,白魔女リンと３悪魔　ミッドナイト・ジョーカー,児童書,児童文庫,児童文庫,小学館ジュニア文庫,小学館,成田良美,小学館ジュニア文庫
295,9784092312135,168,白魔女リンと３悪魔　エターナル・ローズ,白魔女リンと３悪魔　フ,,白魔女リンと３悪魔　エターナル・ローズ,児童書,児童文庫,児童文庫,小学館ジュニア文庫,小学館,成田良美,小学館ジュニア文庫
312,9784092308541,168,白魔女リンと３悪魔　レイニー・シネマ,白魔女リンと３悪魔　フ,,白魔女リンと３悪魔　レイニー・シネマ,児童書,児童文庫,児童文庫,小学館ジュニア文庫,小学館,成田良美,小学館ジュニア文庫
297,9784092311435,168,白魔女リンと３悪魔　ダークサイド・マジック,白魔女リンと３悪魔　フ,,白魔女リンと３悪魔　ダークサイド・マジック,児童書,児童文庫,児童文庫,小学館ジュニア文庫,小学館,成田良美,小学館ジュニア文庫
278,9784092307834,168,白魔女リンと３悪魔,白魔女リンと３悪魔　フ,,白魔女リンと３悪魔,児童書,児童文庫,児童文庫,小学館ジュニア文庫,小学館,成田良美,小学館ジュニア文庫
304,9784092308176,168,白魔女リンと３悪魔　フリージング・タイム,白魔女リンと３悪魔　フ,,白魔女リンと３悪魔　フリージング・タイム,児童書,児童文庫,児童文庫,小学館ジュニア文庫,小学館,成田良美,小学館ジュニア文庫
306,9784092308749,168,白魔女リンと３悪魔　スター・フェスティバル,白魔女リンと３悪魔　フ,,白魔女リンと３悪魔　スター・フェスティバル,児童書,児童文庫,児童文庫,小学館ジュニア文庫,小学館,成田良美,小学館ジュニア文庫
309,9784092311770,168,白魔女リンと３悪魔　フルムーン・パニック,白魔女リンと３悪魔　フ,,白魔女リンと３悪魔　フルムーン・パニック,児童書,児童文庫,児童文庫,小学館ジュニア文庫,小学館,成田良美,小学館ジュニア文庫
421,9784092307742,169,エリートジャック！！～めざせ、ミラクル大逆転！！～,エリートジャック！！～,,エリートジャック！！～めざせ、ミラクル大逆転！！～,児童書,児童文庫,児童文庫,小学館ジュニア文庫,小学館,宮沢みゆき,小学館ジュニア文庫
392,9784092308442,169,エリートジャック！！　発令！ミラクルプロジェクト！！,エリートジャック！！～,,エリートジャック！！　発令！ミラクルプロジェクト！！,児童書,児童文庫,児童文庫,小学館ジュニア文庫,小学館,宮沢みゆき,小学館ジュニア文庫
345,9784092307520,169,エリートジャック！！～ミラクルガールは止まらない！！～,エリートジャック！！～,,エリートジャック！！～ミラクルガールは止まらない！！～,児童書,児童文庫,児童文庫,小学館ジュニア文庫,小学館,宮沢みゆき,小学館ジュニア文庫
422,9784092308152,169,エリートジャック！！　ミラクルチャンスをつかまえろ！！,エリートジャック！！～,,エリートジャック！！　ミラクルチャンスをつかまえろ！！,児童書,児童文庫,児童文庫,小学館ジュニア文庫,小学館,宮沢みゆき,小学館ジュニア文庫
281,9784092313019,170,ジャングル・ブック,ック,,ジャングル・ブック,児童書,児童文庫,児童文庫,小学館ジュニア文庫,小学館,スコット・ピーターソン,小学館ジュニア文庫
255,9784092312890,170,ＴＯＫＹＯオリンピックはじめて物語,ック,,ＴＯＫＹＯオリンピックはじめて物語,児童書,児童文庫,児童文庫,小学館ジュニア文庫,小学館,野地秩嘉,小学館ジュニア文庫
348,9784092308848,171,トムとジェリー　シャーロック・ホームズ,,,トムとジェリー　シャーロック・ホームズ,児童書,児童文庫,児童文庫,小学館ジュニア文庫,小学館,伊豆平成,小学館ジュニア文庫
42,9784092307629,172,リアル鬼ごっこ,リアル鬼ごっこ　,,リアル鬼ごっこ,児童書,児童文庫,児童文庫,小学館ジュニア文庫,小学館,山田悠介,小学館ジュニア文庫
40,9784092314047,172,リアル鬼ごっこ　セブンルールズ,リアル鬼ごっこ　,,リアル鬼ごっこ　セブンルールズ,児童書,児童文庫,児童文庫,小学館ジュニア文庫,小学館,江坂純,小学館ジュニア文庫
28,9784092313804,172,リアル鬼ごっこ　リプレイ,リアル鬼ごっこ　,,リアル鬼ごっこ　リプレイ,児童書,児童文庫,児童文庫,小学館ジュニア文庫,小学館,江坂純,小学館ジュニア文庫
231,9784092314238,173,リアルケイドロ　捜査ファイル　渋谷編　逃亡犯を追いつめろ！,,１,リアルケイドロ　捜査ファイル　渋谷編　逃亡犯を追いつめろ！,児童書,児童文庫,児童文庫,小学館ジュニア文庫,小学館,江橋よしのり,小学館ジュニア文庫
402,9784092895799,174,リルリルフェアリル～妖精りっぷのたんじょう～,,,リルリルフェアリル～妖精りっぷのたんじょう～,児童書,児童文庫,児童文庫,小学館ジュニア文庫,小学館,サンリオ,ちゃおノベルズ
393,9784092311589,175,ＪＣオリヴィアのプリティ・プリンセス日記　どきどきのロイヤルウエディング,,,ＪＣオリヴィアのプリティ・プリンセス日記　どきどきのロイヤルウエディング,児童書,児童文庫,児童文庫,小学館ジュニア文庫,小学館,メグ・キャボット,小学館ジュニア文庫
440,9784092307810,176,相川ユリアに学ぶ　毎日が絶対ハッピーになる１００の名言,,,相川ユリアに学ぶ　毎日が絶対ハッピーになる１００の名言,児童書,児童文庫,児童文庫,小学館ジュニア文庫,小学館,ジュニア文庫編集部,小学館ジュニア文庫
