,JAN,SHOSINM,KANSU,ITMCD,DAIGENRECD,CHUGENRECD,SHOGENRECD,SIKIRIBANCD,ITMNM,DAIGENRENM,CHUGENRENM,SHOGENRENM,SIKIRIBANNM,CHOSHANM,SHPNSHACD,SHPNSHANM,SAKUHINCD,SAKUHINNM,SOSHONM,HATUBAIYMD,ANNUAL_SALES,SUBLABEL,SERIESNM,SERIESNM_shoshi,SERIESNM_sikiriban,SERIESNM_sosho,SERIESNM_sublabel,seriesnm_candidate_shoshi,seriesnm_candidate_sikiriban,seriesnm_candidate_sosho
0,9784023322226,徳川家康へタイムワープ　？！歴史漫画タイムワープシリーズ,,1076,16,71,5,91,書籍,児童書,学習百科,学習漫画,その他学習漫画,ＴＡＫ．Ｂｒｏ,2,朝日新聞出版,43376613,徳川家康へタイムワープ　？！歴史漫画タイムワープシリーズ,歴史人物ＢＯＯＫ,20221118,1515,歴史漫画タイムワープシリーズ,歴史漫画タイムワープシリーズ,歴史漫画タイムワープシリーズ,,,歴史漫画タイムワープシリーズ,歴史漫画タイムワープシリーズ,歴史漫画タイムワープシリーズ,ワクワク知育ＢＯＯＫ
1,9784023322141,トンネルのサバイバル,,1076,16,71,5,21,書籍,児童書,学習百科,学習漫画,サバイバルシリーズ,パク・ソンイ,2,朝日新聞出版,43366736,トンネルのサバイバル,かがくるＢＯＯＫ　科学漫画サバイバルシリーズ　８０,20221007,17125,科学漫画サバイバルシリーズ８０,サバイバルシリーズ,,サバイバルシリーズ,サバイバルシリーズ,サバイバルシリーズ,サバイバルシリーズ,サバイバルシリーズ,サバイバルシリーズ
2,9784023322158,テーマパークのサバイバル,,1076,16,71,5,21,書籍,児童書,学習百科,学習漫画,サバイバルシリーズ,ポドアルチング,2,朝日新聞出版,43380283,テーマパークのサバイバル,かがくるＢＯＯＫ　科学漫画サバイバルシリーズ　８１,20221207,23076,科学漫画サバイバルシリーズ８１,サバイバルシリーズ,,サバイバルシリーズ,サバイバルシリーズ,サバイバルシリーズ,サバイバルシリーズ,サバイバルシリーズ,サバイバルシリーズ
3,9784023333772,きらきら　ぴかぴか,,1076,16,11,2,1,書籍,児童書,幼児絵本,ファーストブック,ファーストブック,瀧靖之,2,朝日新聞出版,43369774,きらきら　ぴかぴか,脳科学にもとづいた知育絵本,20221020,7306,脳科学にもとづいた知育絵本,脳科学にもとづいた知育絵本,,,脳科学にもとづいた知育絵本,脳科学にもとづいた知育絵本,,,脳科学にもとづいた知育絵本
4,9784023322080,実験対決　火山の対決　学校勝ちぬき戦　実験対決シリーズ　明日は実験王,４３,1076,16,71,5,21,書籍,児童書,学習百科,学習漫画,サバイバルシリーズ,ストーリーａ．,2,朝日新聞出版,42202145,実験対決,かがくるＢＯＯＫ,20221118,1000,,サバイバルシリーズ,,サバイバルシリーズ,かがくるＢＯＯＫ,,サバイバルシリーズ,サバイバルシリーズ,かがくるＢＯＯＫ
5,9784031271905,すうじのかくれんぼ,,1076,16,15,1,21,書籍,児童書,しかけ絵本,しかけ絵本,しかけ絵本,いしかわこうじ,3,偕成社,43370935,すうじのかくれんぼ,あっ！とおどろくしかけえほん,20221205,1172,,あっ！とおどろくしかけえほん,,,あっ！とおどろくしかけえほん,,,木村裕一しかけ絵本,あっ！とおどろくしかけえほん
6,9784041126547,どっちが強い！？Ａ　ロボットで入学試験！？,１,1076,16,71,5,31,書籍,児童書,学習百科,学習漫画,どっちが強い！？シリーズ,スライウム,4,ＫＡＤＯＫＡＷＡ,43369333,どっちが強い！？Ａ,,20221116,3519,,どっちが強い！？シリーズ,,どっちが強い！？シリーズ,,,どっちが強い！？シリーズ,どっちが強い！？シリーズ,
7,9784041127742,どっちが強い！？ガチンコ動物オリンピック編　なんでもＮｏ．１決定戦,,1076,16,71,5,31,書籍,児童書,学習百科,学習漫画,どっちが強い！？シリーズ,ブラックインクチーム,4,ＫＡＤＯＫＡＷＡ,43369402,どっちが強い！？ガチンコ動物オリンピック編　なんでもＮｏ．１決定戦,角川まんが学習シリーズ,20221130,9083,,どっちが強い！？シリーズ,,どっちが強い！？シリーズ,角川まんが学習シリーズ,,どっちが強い！？シリーズ,どっちが強い！？シリーズ,角川まんが学習シリーズ
8,9784041122914,どっちが強い！？　ピットブルｖｓオオヤマネコ　豪華客船でイヌネコ対決,,1076,16,71,5,31,書籍,児童書,学習百科,学習漫画,どっちが強い！？シリーズ,ジノ,4,ＫＡＤＯＫＡＷＡ,43377192,どっちが強い！？　ピットブルｖｓオオヤマネコ　豪華客船でイヌネコ対決,角川まんが学習シリーズ,20221214,9239,,どっちが強い！？シリーズ,,どっちが強い！？シリーズ,角川まんが学習シリーズ,,どっちが強い！？シリーズ,どっちが強い！？シリーズ,角川まんが学習シリーズ
9,9784041126554,どっちが強い！？Ａ　無人島でロボバトル！,２,1076,16,71,5,31,書籍,児童書,学習百科,学習漫画,どっちが強い！？シリーズ,レッドコード,4,ＫＡＤＯＫＡＷＡ,43369333,どっちが強い！？Ａ,,20221116,2906,,どっちが強い！？シリーズ,,どっちが強い！？シリーズ,,,どっちが強い！？シリーズ,どっちが強い！？シリーズ,
10,9784049146707,すみっコぐらしいっしょにクロスワード,,1076,16,21,1,51,書籍,児童書,キャラクター絵本,キャラクター絵本,その他キャラクター,キャラぱふぇ編集部,4,ＫＡＤＯＫＡＷＡ,43372072,すみっコぐらしいっしょにクロスワード,キャラぱふぇブックス,20221130,1755,,すみっコぐらし,すみっコぐらし,,キャラぱふぇブックス,,映画　すみっコぐらし,恐怖コレクター,キャラぱふぇブックス
11,9784052055966,正解のない問題集　道徳編,,1076,16,71,1,7,書籍,児童書,学習百科,学習百科,道徳・教養,池上彰,5,学研プラス,43369058,正解のない問題集　道徳編,新時代の教養,20221117,3281,新時代の教養,新時代の教養,,,新時代の教養,新時代の教養,中学ニューコース問題集,新時代の教養,新時代の教養
12,9784052055881,こどもずかん　のりもの７７７　英語つき　しゃしんバージョン,,1076,16,11,3,1,書籍,児童書,幼児絵本,知育絵本,知育絵本,デイブ・テルキ,5,学研プラス,43369056,こどもずかん　のりもの７７７　英語つき　しゃしんバージョン,こどもずかん,20221125,5125,こどもずかん,こどもずかん,こどもずかん,,こどもずかん,こどもずかん,こどもずかん,音の出る知育絵本,こどもずかん
13,9784052056383,めくってばあ！,,1076,16,11,2,1,書籍,児童書,幼児絵本,ファーストブック,ファーストブック,いりやまさとし,5,学研プラス,43369406,めくってばあ！,ＮＥＷぴよちゃんとあそぼ！,20221104,2288,ＮＥＷぴよちゃんとあそぼ！,ＮＥＷぴよちゃんとあそぼ！,,,ＮＥＷぴよちゃんとあそぼ！,ＮＥＷぴよちゃんとあそぼ！,めくって学べる,学研ファースト歴史百科,ＮＥＷぴよちゃんとあそぼ！
14,9784052056727,最強王キャラ図鑑,,1076,16,61,1,91,書籍,児童書,実用百科,実用百科,その他実用百科,国際最強王図鑑協会,5,学研プラス,43375608,最強王キャラ図鑑,最強王図鑑シリーズ,20221222,18450,最強王図鑑シリーズ,最強王図鑑シリーズ,,,最強王図鑑シリーズ,最強王図鑑シリーズ,キャラクターｄｅたのシール,学研ファースト歴史百科,最強王図鑑シリーズ
15,9784052056000,０さい〜３さい脳そだて　おさかなちゃんとあ〜そ〜ぼ！,,1076,16,11,2,1,書籍,児童書,幼児絵本,ファーストブック,ファーストブック,茂木健一郎,5,学研プラス,43360343,０さい～３さい脳そだて　おさかなちゃんとあ～そ～ぼ！,,20221020,1083,おさかなちゃん,おさかなちゃん,おさかなちゃん,,,おさかなちゃん,おさかなちゃん,学研ファースト歴史百科,
16,9784046321954,四つ子ぐらし　プレゼントに思いをこめて,１３,1076,16,55,1,15,書籍,児童書,児童文庫,児童文庫,角川つばさ文庫,ひのひまり,4,ＫＡＤＯＫＡＷＡ,43007684,四つ子ぐらし,角川つばさ文庫,20221109,19208,,四つ子ぐらし,四つ子ぐらし,,,,四つ子ぐらし,角川まんが学習シリーズ,角川まんが学習シリーズ
17,9784052055171,きょうりゅう,,1076,16,81,1,11,書籍,児童書,図鑑,図鑑,学習図鑑シリーズ,真鍋真,5,学研プラス,43369054,きょうりゅう,ひとりでよめるずかん,20221118,1179,ひとりでよめるずかん,ひとりでよめるずかん,,,ひとりでよめるずかん,ひとりでよめるずかん,学研のにんぎょうげきえほん,おはなし図鑑シリーズ,ひとりでよめるずかん
18,9784065301944,トミカライトペンでしらべろ！トミカのひみつだいずかん,,1076,16,35,1,11,書籍,児童書,絵本塔,絵本塔,講談社,講談社,6,講談社,43372075,トミカライトペンでしらべろ！トミカのひみつだいずかん,講談社ＭＯＯＫ,20221212,1751,,講談社ＭＯＯＫ,トミカ,,講談社ＭＯＯＫ,,トミカ,講談社アニメ絵本,リカちゃん_講談社ＭＯＯＫ
19,9784053049247,マンガでわかる中学英語中１〜３,,1076,19,21,5,1,書籍,学習参考書,中学学参,基礎学習,基礎学習参考書,竹屋まり子,5,学研プラス,43222649,マンガでわかる中学英語中１～３,ＣＯＭＩＣ×ＳＴＵＤＹ,20221006,2553,ＣＯＭＩＣ×ＳＴＵＤＹ,ＣＯＭＩＣ×ＳＴＵＤＹ,,,ＣＯＭＩＣ×ＳＴＵＤＹ,ＣＯＭＩＣ×ＳＴＵＤＹ,中学生のための３行でわかるシリーズ,パーフェクトコース参考書,ＣＯＭＩＣ×ＳＴＵＤＹ
20,9784065264461,日本の歴史,,1076,16,81,1,11,書籍,児童書,図鑑,図鑑,学習図鑑シリーズ,西谷大,6,講談社,43358029,日本の歴史,講談社の動く図鑑ＭＯＶＥ,20221129,4178,,講談社の動く図鑑ＭＯＶＥ,,,講談社の動く図鑑ＭＯＶＥ,,２１世紀版少年少女日本文学館,講談社ポケット百科シリーズ,講談社の動く図鑑ＭＯＶＥ　ｍｉｎｉ
21,9784065290361,仮面ライダーギーツもじかずちえドリル,,1076,19,1,1,1,書籍,学習参考書,幼児ドリル,幼児ドリル,幼児ドリル,講談社,6,講談社,43357398,仮面ライダーギーツもじかずちえドリル,キャラクタードリルシリーズ,20221018,1335,,キャラクタードリルシリーズ,仮面ライダー,,キャラクタードリルシリーズ,,仮面ライダー,キャラクタードリルシリーズ,キャラクタードリルシリーズ
22,9784074523115,いきもののふしぎはっけん！３６６クイズ,,1076,16,71,1,407,書籍,児童書,学習百科,学習百科,理科　動物,主婦の友社,7,主婦の友社,43377197,いきもののふしぎはっけん！３６６クイズ,頭のいい子を育てる,20221117,1404,頭のいい子を育てる,頭のいい子を育てる,,,頭のいい子を育てる,頭のいい子を育てる,,,頭のいい子を育てるプチ
23,9784053056016,高校入試出るナビ英語,,1076,19,21,61,1,書籍,学習参考書,中学学参,高校入試,入試対策問題集,ｍｉｏ,5,学研プラス,43360363,高校入試出るナビ英語,高校入試出るナビ,20221006,1237,高校入試　出るナビ,高校入試出るナビ,高校入試出るナビ,,高校入試出るナビ,,高校入試出るナビ,中学ニューコース問題集,高校入試出るナビ
24,9784065300985,あつまれ！　トミカ　いっぱいずかん,,1076,16,35,1,11,書籍,児童書,絵本塔,絵本塔,講談社,ｍｉｏ,6,講談社,43384012,あつまれ！　トミカ　いっぱいずかん,講談社ＭＯＯＫ,20221208,2372,,講談社ＭＯＯＫ,トミカ,,講談社ＭＯＯＫ,,トミカ,講談社アニメ絵本,リカちゃん_講談社ＭＯＯＫ
25,9784053056047,高校入試出るナビ理科,,1076,19,21,61,1,書籍,学習参考書,中学学参,高校入試,入試対策問題集,ｍｉｏ,5,学研プラス,43360366,高校入試出るナビ理科,高校入試出るナビ,20221006,1301,高校入試　出るナビ,高校入試出るナビ,高校入試出るナビ,,高校入試出るナビ,,高校入試出るナビ,中学ニューコース問題集,高校入試出るナビ
26,9784053056054,高校入試出るナビ社会,,1076,19,21,61,1,書籍,学習参考書,中学学参,高校入試,入試対策問題集,ｍｉｏ,5,学研プラス,43360367,高校入試出るナビ社会,高校入試出るナビ,20221006,1789,高校入試　出るナビ,高校入試出るナビ,高校入試出るナビ,,高校入試出るナビ,,高校入試出るナビ,中学ニューコース問題集,高校入試出るナビ
27,9784065293355,アナと雪の女王　アナ雪　きらきら　えほん文庫,,1076,16,21,1,5,書籍,児童書,キャラクター絵本,キャラクター絵本,ディズニー,講談社,6,講談社,43362343,アナと雪の女王　アナ雪　きらきら　えほん文庫,ディズニーえほん文庫,20221027,1019,,ディズニーえほん文庫,アナと雪の女王,ディズニー,ディズニー,,アナと雪の女王,ディズニー_ＦＩＮＤ　ＢＯＯＫ,ディズニーえほん文庫
28,9784074525584,ジブリの食卓となりのトトロ,,1076,16,61,1,41,書籍,児童書,実用百科,実用百科,料理,スタジオジブリ,7,主婦の友社,43364239,ジブリの食卓となりのトトロ,子どもりょうり絵本,20221004,1019,,子どもりょうり絵本,,,子どもりょうり絵本,,,,子どもりょうり絵本
29,9784091125972,それいけ！アンパンマン　シールいっぱい！　たべものこれなあにブック,,1076,16,35,1,1,書籍,児童書,絵本塔,絵本塔,小学館,やなせたかし,9,小学館,43377198,それいけ！アンパンマン　シールいっぱい！　たべものこれなあにブック,小学館のカラーワイド,20221124,1741,カラーワイド,アンパンマン_小学館のカラーワイド,アンパンマン,,カラーワイド,カラーワイド,アンパンマン_ひらめき★シールえほん,小学館の図鑑ＮＥＯのクラフトぶっく,シルバニア_小学館のカラーワイド
30,9784065300992,全ウルトラマン　パーフェクト大図鑑　増補改訂,,1076,16,35,1,11,書籍,児童書,絵本塔,絵本塔,講談社,講談社,6,講談社,43385230,全ウルトラマン　パーフェクト大図鑑　増補改訂,講談社ＭＯＯＫ　テレビマガジンＭＯＯＫ,20221215,2232,,講談社ＭＯＯＫ　テレビマガジンＭＯＯＫ,ウルトラマン,,講談社ＭＯＯＫ,,ティガ・ダイナ＆ウルトラマンガイア,講談社アニメ絵本,講談社ＭＯＯＫ　テレビマガジンＭＯＯＫ
31,9784065294994,はってはがせる！仮面ライダーギーツ超シールバトルロイヤル！,,1076,16,35,1,11,書籍,児童書,絵本塔,絵本塔,講談社,講談社,6,講談社,43357380,はってはがせる！仮面ライダーギーツ超シールバトルロイヤル！,講談社ＭＯＯＫ　テレビマガジンＭＯＯＫ,20221024,1763,,講談社ＭＯＯＫ　テレビマガジンＭＯＯＫ,仮面ライダー,,講談社ＭＯＯＫ,,仮面ライダー,講談社アニメ絵本,講談社ＭＯＯＫ　テレビマガジンＭＯＯＫ
32,9784065301197,ウルトラライトペンでちょうさせよ！ウルトラヒーロー＆かいじゅうひみつバトルだいず,,1076,16,35,1,11,書籍,児童書,絵本塔,絵本塔,講談社,講談社,6,講談社,43372550,ウルトラライトペンでちょうさせよ！ウルトラヒーロー＆かいじゅうひみつバトルだいず,おと幼ムック,20221212,2198,,おと幼ムック,,,おと幼ムック,,ティガ・ダイナ＆ウルトラマンガイア,講談社アニメ絵本,おと幼ムック
33,9784053056061,高校入試出るナビ５科　改訂版,,1076,19,21,61,1,書籍,学習参考書,中学学参,高校入試,入試対策問題集,学研プラス,5,学研プラス,43360368,高校入試出るナビ５科　改訂版,高校入試出るナビ,20221027,4077,高校入試　出るナビ,高校入試出るナビ,高校入試出るナビ,,高校入試出るナビ,,高校入試出るナビ,中学ニューコース問題集,高校入試出るナビ
34,9784057508320,キャンディねんどでつくる　つやぷるアクセサリー,,1076,16,61,1,43,書籍,児童書,実用百科,実用百科,おしゃれ,ｓａｒｉｃｏ,5,学研プラス,43369072,キャンディねんどでつくる　つやぷるアクセサリー,［バラエティ］　ガールズクラフト,20221115,1838,ガールズクラフト,ガールズクラフト,,,ガールズクラフト,ガールズクラフト,学習ふせんシリーズ,,ガールズクラフト
35,9784065304358,全仮面ライダー　パーフェクト大図鑑　増補改訂,,1076,16,35,1,11,書籍,児童書,絵本塔,絵本塔,講談社,ｍｉｏ,6,講談社,43374260,全仮面ライダー　パーフェクト大図鑑　増補改訂,講談社ＭＯＯＫ　テレビマガジンデラックス　２５２,20221223,1363,,講談社ＭＯＯＫ　テレビマガジンデラックス　２５２,仮面ライダー,,講談社ＭＯＯＫ,,仮面ライダー,講談社アニメ絵本,講談社ＭＯＯＫ　テレビマガジンデラックス　２５２
36,9784065291702,仮面ライダーギーツとあそぼう！,,1076,16,35,1,11,書籍,児童書,絵本塔,絵本塔,講談社,講談社,6,講談社,43372549,仮面ライダーギーツとあそぼう！,,20221025,10296,,仮面ライダー,仮面ライダー,,,,仮面ライダー,講談社アニメ絵本,
37,9784065301036,仮面ライダーギーツとあそぼう！　レジェンド,,1076,16,35,1,11,書籍,児童書,絵本塔,絵本塔,講談社,講談社,6,講談社,43379298,仮面ライダーギーツとあそぼう！　レジェンド,講談社ＭＯＯＫ　テレビマガジンＭＯＯＫ,20221215,6903,,講談社ＭＯＯＫ　テレビマガジンＭＯＯＫ,仮面ライダー,,講談社ＭＯＯＫ,,仮面ライダー,講談社アニメ絵本,講談社ＭＯＯＫ　テレビマガジンＭＯＯＫ
38,9784091066275,ピカチュウとあそぼ！　ピカチュウのだいぼうけん　ポケモンおはなし＆おあそびブック,,1076,16,35,1,1,書籍,児童書,絵本塔,絵本塔,小学館,よしのえみこ,9,小学館,43372077,ピカチュウとあそぼ！　ピカチュウのだいぼうけん　ポケモンおはなし＆おあそびブック,ワンダーライフスペシャル,20221024,1568,ワンダーライフスペシャル,ワンダーライフスペシャル,,,ワンダーライフスペシャル,ワンダーライフスペシャル,ピカチュウ_小学館のテレビ絵本,小学館の図鑑ＮＥＯのクラフトぶっく,ワンダーライフスペシャル
39,9784092175143,乗りもの　新版　鉄道・自動車・飛行機・船,,1076,16,81,1,11,書籍,児童書,図鑑,図鑑,学習図鑑シリーズ,長根広和,9,小学館,43374262,乗りもの　新版　鉄道・自動車・飛行機・船,小学館の図鑑ＮＥＯ,20221129,9960,小学館の図鑑NEO,小学館の図鑑ＮＥＯ,,,小学館の図鑑ＮＥＯ,,めくってものしり絵本,観てわかるシリーズ,小学館の図鑑ＮＥＯのクラフトぶっく
40,9784097251743,チャレンジミッケ！　ポケット版　サンタクロース,４,1076,16,7,4,31,書籍,児童書,絵本,さがしもの絵本,ミッケ,ウォルター・ウィック,9,小学館,43341242,チャレンジミッケ！　ポケット版,,20221129,1065,,ミッケ,ミッケ,ミッケ,,,ポケットモンスター_翻訳創作絵本シリーズ,ミッケ,
41,9784097355984,星のカービィ　ディスカバリー　ほおばれ！シールブック,,1076,16,21,1,51,書籍,児童書,キャラクター絵本,キャラクター絵本,その他キャラクター,ワープスター,9,小学館,43372078,星のカービィ　ディスカバリー　ほおばれ！シールブック,まるごとシールブックＤＸ,20221026,2574,まるごとシールブック,まるごとシールブックＤＸ,星のカービィ,,まるごとシールブック,まるごとシールブック,名探偵コナン_まるごとシールブック,ピーターラビット,まるごとシールブックＤＸ
42,9784092592094,ドラえもん探究ワールド　本の歴史と未来,,1076,16,71,1,21,書籍,児童書,学習百科,学習百科,ドラえもんの学習シリ－ズ,藤子・Ｆ・不二雄,9,小学館,43370509,ドラえもん探究ワールド　本の歴史と未来,ビッグ・コロタン,20221116,3018,ビッグ･コロタン,ビッグコロタン,ドラえもん,ドラえもん,,,ドラえもん_アニメ超ひゃっか,ドラえもんの学習シリ－ズ,ビッグコロタン
43,9784092536418,マインクラフト　公式ドリル　さんすう　ステップ２　７ー８才におすすめ　マイクラで楽しく理数系センスを身につける！,,1076,19,5,1,91,書籍,学習参考書,小学ドリル,小学ドリル,その他ドリル,夏坂哲志,9,小学館,43368533,マインクラフト　公式ドリル　さんすう　ステップ２　７ー８才におすすめ　マイクラで楽しく理数系センスを身につける！,知育ドリル,20221013,3870,知育ドリル,知育ドリル,マインクラフト,,知育ドリル,知育ドリル,マインクラフト,ドラえもん_知育ドリル,ドラえもん_知育ドリル
44,9784092592117,ドラえもん探究ワールド　ねむりと夢のふしぎ,,1076,16,71,1,21,書籍,児童書,学習百科,学習百科,ドラえもんの学習シリ－ズ,藤子・Ｆ・不二雄,9,小学館,43383706,ドラえもん探究ワールド　ねむりと夢のふしぎ,ビッグ・コロタン,20221207,4395,ビッグ･コロタン,ビッグコロタン,ドラえもん,ドラえもん,,,ドラえもん_アニメ超ひゃっか,ドラえもんの学習シリ－ズ,ビッグコロタン
45,9784198655471,スタジオジブリのヒロインがいっぱい,,1076,16,21,1,35,書籍,児童書,キャラクター絵本,キャラクター絵本,ジブリ,スタジオジブリ,19,徳間書店,43359658,スタジオジブリのヒロインがいっぱい,徳間アニメ絵本ミニ,20221015,1194,,ジブリ,ジブリ,ジブリ,徳間アニメ絵本,,ジブリ,ジブリ,徳間アニメ絵本
46,9784097353492,ワンワンの　パンやさん,,1076,16,21,1,51,書籍,児童書,キャラクター絵本,キャラクター絵本,その他キャラクター,ＮＨＫエデュケーショナル,9,小学館,43380286,ワンワンの　パンやさん,ゆびにんぎょうえほん　いないいないばあっ！,20221207,1778,,ゆびにんぎょうえほん　いないいないばあっ！,,,いないいないばあっ！,,アンデルセンの絵本,ピーターラビット,ゆびにんぎょうえほん　いないいないばあっ！
47,9784092592100,ドラえもん科学ワールドｓｐｅｃｉａｌ　みんなのためのデジタル入門,,1076,16,71,1,21,書籍,児童書,学習百科,学習百科,ドラえもんの学習シリ－ズ,藤子・Ｆ・不二雄,9,小学館,43363325,ドラえもん科学ワールドｓｐｅｃｉａｌ　みんなのためのデジタル入門,ビッグ・コロタン,20221116,6128,ビッグ･コロタン,ビッグコロタン,ドラえもん,ドラえもん,,,ドラえもん_アニメ超ひゃっか,ドラえもんの学習シリ－ズ,ビッグコロタン
48,9784097251897,ピタゴラじゃんけん装置ＱＲブック　ピタの巻,,1076,16,61,1,61,書籍,児童書,実用百科,実用百科,工作,ＮＨＫエデュケーショナル,9,小学館,43374263,ピタゴラじゃんけん装置ＱＲブック　ピタの巻,ピタゴラＢＯＯＫ,20221026,3049,,ピタゴラＢＯＯＫ,,,ピタゴラＢＯＯＫ,,ピタゴラＢＯＯＫ,,ピタゴラＢＯＯＫ
49,9784097353485,ぷしゅぷしゅの　こんにちは！,,1076,16,21,1,51,書籍,児童書,キャラクター絵本,キャラクター絵本,その他キャラクター,テレビ東京,9,小学館,43380285,ぷしゅぷしゅの　こんにちは！,ゆびにんぎょうえほん　シナぷしゅ,20221207,2586,,シナぷしゅ,,,シナぷしゅ,,シナぷしゅ,ピーターラビット,ゆびにんぎょうえほん　いないいないばあっ！
50,9784092989313,小学館版学習まんが日本の歴史（全２０巻セット）,,1076,16,71,5,1,書籍,児童書,学習百科,学習漫画,日本の歴史,小学館,9,小学館,43351790,小学館版学習まんが日本の歴史（全２０巻セット）,小学館学習まんがシリーズ,20221201,2211,小学館 学習まんがシリーズ,小学館学習まんがシリーズ,小学館版学習まんが,,小学館学習まんがシリーズ,小学館 学習まんがシリーズ,小学館版学習まんが人物館,日本名作おはなし絵本,小学館学習まんがシリーズ
51,9784097504368,てれびくん超ひゃっかシリーズ　ウルトラマンデッカー　デッカー＆ヒーローバトルずかん,,1076,16,21,1,41,書籍,児童書,キャラクター絵本,キャラクター絵本,ヒーロー,間宮尚彦,9,小学館,43378663,てれびくん超ひゃっかシリーズ　ウルトラマンデッカー　デッカー＆ヒーローバトルずかん,超ひゃっか,20221116,1405,超ひゃっか,超ひゃっか,てれびくん超ひゃっかシリーズ,,超ひゃっか,超ひゃっか,てれびくん超ひゃっかシリーズ,トロールズ,てれびくん超ひゃっかシリーズ
52,9784092536425,マインクラフト　公式ドリル　さんすう　ステップ１　６ー７才におすすめ　マイクラで楽しく理数系センスを身につける！,,1076,19,5,1,91,書籍,学習参考書,小学ドリル,小学ドリル,その他ドリル,夏坂哲志,9,小学館,43368534,マインクラフト　公式ドリル　さんすう　ステップ１　６ー７才におすすめ　マイクラで楽しく理数系センスを身につける！,知育ドリル,20221013,5279,知育ドリル,知育ドリル,マインクラフト,,知育ドリル,知育ドリル,マインクラフト,ドラえもん_知育ドリル,ドラえもん_知育ドリル
53,9784092984011,日本の歴史　日本文化のあけぼの　旧石器〜縄文〜弥生〜古墳時代,１,1076,16,71,5,1,書籍,児童書,学習百科,学習漫画,日本の歴史,山川出版社,9,小学館,43381698,小学館版学習まんが　日本の歴史,小学館学習まんがシリーズ,20221201,1176,小学館 学習まんがシリーズ,小学館学習まんがシリーズ,,,小学館学習まんがシリーズ,小学館 学習まんがシリーズ,日本名作おはなし絵本,日本名作おはなし絵本,小学館学習まんがシリーズ
54,9784097251903,ピタゴラじゃんけん装置ＱＲブック　ゴラの巻,,1076,16,61,1,61,書籍,児童書,実用百科,実用百科,工作,ＮＨＫエデュケーショナル,9,小学館,43374264,ピタゴラじゃんけん装置ＱＲブック　ゴラの巻,ピタゴラＢＯＯＫ,20221026,2157,,ピタゴラＢＯＯＫ,,,ピタゴラＢＯＯＫ,,ピタゴラＢＯＯＫ,,ピタゴラＢＯＯＫ
55,9784494003808,みかんくんがね・・,,1076,16,11,3,5,書籍,児童書,幼児絵本,知育絵本,たべもの絵本,とよたかずひこ,494,童心社,43365481,みかんくんがね・・,おいしいともだち,20221014,1511,おいしいともだち,おいしいともだち,,,おいしいともだち,おいしいともだち,くれよんのくろくん,ピーマン村の絵本たち,おいしいともだち
56,9784415332161,のりものずかん,,1076,16,11,3,1,書籍,児童書,幼児絵本,知育絵本,知育絵本,成美堂出版編集部,415,成美堂出版,43378668,のりものずかん,じぶんでよめる,20221110,2524,,じぶんでよめる,,,じぶんでよめる,,のりもの写真えほん,音と光のでる絵本,じぶんでよめる
57,9784522439999,１０才からの勉強が得意になる方法,,1076,16,71,1,8,書籍,児童書,学習百科,学習百科,その他教科,葉一,522,永岡書店,43365870,１０才からの勉強が得意になる方法,大人だって本当は知らない,20221011,1196,,大人だって本当は知らない,,,大人だって本当は知らない,,,,大人だって本当は知らない
58,9784325253600,福岡大学（医学部医学科を除くー一般選抜前期日程）２０２３,,1076,19,31,61,11,書籍,学習参考書,高校学参,大学受験,大学別赤本,教学社編集部,325,教学社,43371510,福岡大学（医学部医学科を除くー一般選抜前期日程）２０２３,大学入試シリーズ,20221012,1201,2023年版大学入試シリーズ,大学入試シリーズ,,,大学入試シリーズ,大学入試シリーズ,２０２３年版大学入試シリーズ,赤本プラス,大学入試シリーズ
59,9784325251255,東海大学（医学部医学科を除くー一般選抜）　２０２３,,1076,19,31,61,11,書籍,学習参考書,高校学参,大学受験,大学別赤本,教学社編集部,325,教学社,43367832,東海大学（医学部医学科を除くー一般選抜）　２０２３,大学入試シリーズ,20221006,1023,2023年版大学入試シリーズ,大学入試シリーズ,,,大学入試シリーズ,大学入試シリーズ,２０２３年版大学入試シリーズ,赤本プラス,大学入試シリーズ
60,9784415332178,でんしゃずかん,,1076,16,11,3,1,書籍,児童書,幼児絵本,知育絵本,知育絵本,成美堂出版編集部,415,成美堂出版,43378669,でんしゃずかん,じぶんでよめる,20221110,2424,,じぶんでよめる,,,じぶんでよめる,,こんちゅうずかん,音と光のでる絵本,じぶんでよめる
61,9784325251002,専修大学（学部個別入試）　２０２３,,1076,19,31,61,11,書籍,学習参考書,高校学参,大学受験,大学別赤本,教学社編集部,325,教学社,43367829,専修大学（学部個別入試）　２０２３,大学入試シリーズ,20221006,1656,2023年版大学入試シリーズ,大学入試シリーズ,,,大学入試シリーズ,大学入試シリーズ,２０２３年版大学入試シリーズ,赤本プラス,大学入試シリーズ
62,9784522803134,ごはんもぐもぐいただきま〜す！　とびだすえほん,,1076,16,15,1,21,書籍,児童書,しかけ絵本,しかけ絵本,しかけ絵本,さくらいひろし,522,永岡書店,43365871,ごはんもぐもぐいただきま～す！　とびだすえほん,,20221011,1505,,とびだすえほん,とびだすえほん,,,,とびだすえほん,親子で楽しむしかけえほん,
63,9784591174951,ディズニープリンセスのひみつ１００,,1076,16,21,1,5,書籍,児童書,キャラクター絵本,キャラクター絵本,ディズニー,ｍｉｏ,591,ポプラ社,43367769,ディズニープリンセスのひみつ１００,,20221013,1947,単行本,ディズニー,ディズニー,ディズニー,,,ディズニー,ディズニー,
64,9784591175194,あおい１ばんのきかんしゃ　トーマスどーこだ？,,1076,16,21,1,11,書籍,児童書,キャラクター絵本,キャラクター絵本,トーマス,ｍｉｏ,591,ポプラ社,43374278,あおい１ばんのきかんしゃ　トーマスどーこだ？,きかんしゃトーマスの本,20221109,1182,きかんしゃトーマスの本,きかんしゃトーマスの本,トーマス,トーマス,トーマス,トーマス,きかんしゃトーマスの本,トーマス,きかんしゃトーマスの本
65,9784591175644,きかんしゃトーマス　キャラクターずかん,,1076,16,21,1,55,書籍,児童書,キャラクター絵本,キャラクター絵本,超ひみつゲット,ｍｉｏ,591,ポプラ社,43380017,きかんしゃトーマス　キャラクターずかん,超ひみつゲット！,20221207,3227,超ひみつゲット！,超ひみつゲット,トーマス,超ひみつゲット,超ひみつゲット！,超ひみつゲット！,きかんしゃトーマスの本,超ひみつゲット！,超ひみつゲット！
66,9784577051191,アンパンマンおままごとえほん　おべんとう,,1076,16,21,1,1,書籍,児童書,キャラクター絵本,キャラクター絵本,アンパンマン,やなせたかし,577,フレーベル館,43379325,アンパンマンおままごとえほん　おべんとう,,20221216,1462,アンパンマンおままごとえほん,アンパンマンおままごとえほん,アンパンマンおままごとえほん,アンパンマン,,アンパンマンおままごとえほん,アンパンマンおままごとえほん,アンパンマンおままごとえほん,
67,9784592763161,ノラネコぐんだん　うみのたび,,1076,16,7,1,201,書籍,児童書,絵本,国内絵本,ノラネコぐんだん,工藤ノリコ,592,白泉社,43368308,ノラネコぐんだん　うみのたび,コドモエのえほん,20221104,26177,,ノラネコぐんだん,ノラネコぐんだん,ノラネコぐんだん,コドモエのえほん,,ノラネコぐんだん,ノラネコぐんだん,コドモエのえほん
68,9784593103782,クリスマスプレゼントなぁに？,,1076,16,11,2,1,書籍,児童書,幼児絵本,ファーストブック,ファーストブック,フフフーン,593,ほるぷ出版,43357128,クリスマスプレゼントなぁに？,めくって　たのしい　しかけえほん,20221011,1726,めくって たのしい しかけえほん,めくって　たのしい　しかけえほん,,,めくって　たのしい　しかけえほん,めくって たのしい しかけえほん,＜新版＞サトクリフ・コレクション,,めくって　たのしい　しかけえほん
69,9784577050705,ＰＵＩ　ＰＵＩ　モルカー　を　さがせ！,,1076,16,21,1,51,書籍,児童書,キャラクター絵本,キャラクター絵本,その他キャラクター,フレーベル館,577,フレーベル館,43370954,ＰＵＩ　ＰＵＩ　モルカー　を　さがせ！,,20221124,2114,PUI PUI モルカー,ＰＵＩ　ＰＵＩ　モルカー,ＰＵＩ　ＰＵＩ　モルカー,,,,ＰＵＩ　ＰＵＩ　モルカー,アンパンマンアニメギャラリー,
70,9784577051061,ブンブーン！バイキンメカ,,1076,16,21,1,1,書籍,児童書,キャラクター絵本,キャラクター絵本,アンパンマン,やなせたかし,577,フレーベル館,43376238,ブンブーン！バイキンメカ,［バラエティ］　アンパンマンタイヤえほん,20221021,1123,アンパンマンタイヤえほん,アンパンマンタイヤえほん,,アンパンマン,アンパンマンタイヤえほん,アンパンマンタイヤえほん,キンダーおはなしえほん傑作選,アンパンマンおままごとえほん,アンパンマンタイヤえほん
71,9784591175200,ウルトラマン大図鑑ハイパー,,1076,16,21,1,41,書籍,児童書,キャラクター絵本,キャラクター絵本,ヒーロー,円谷プロダクション,591,ポプラ社,43376319,ウルトラマン大図鑑ハイパー,,20221122,2825,単行本,ウルトラマン,ウルトラマン,,,,ウルトラマン,戦隊ヒーロー,
72,9784591175651,トミカコレクション　２０２３,,1076,16,21,1,55,書籍,児童書,キャラクター絵本,キャラクター絵本,超ひみつゲット,タカラトミー,591,ポプラ社,43380018,トミカコレクション　２０２３,超ひみつゲット！,20221207,3702,超ひみつゲット！,超ひみつゲット,トミカ,超ひみつゲット,超ひみつゲット！,超ひみつゲット！,マイポケットコレクション,超ひみつゲット！,超ひみつゲット！
73,9784592763123,おすしがふくをかいにきた,,1076,16,7,1,92,書籍,児童書,絵本,国内絵本,国内絵本,田中達也,592,白泉社,43357122,おすしがふくをかいにきた,ＭＯＥのえほん,20221003,5809,,ＭＯＥのえほん,,,ＭＯＥのえほん,,,,こどもＭＯＥのえほん
74,9784592763147,いちごサンタ,,1076,16,7,1,92,書籍,児童書,絵本,国内絵本,国内絵本,わたなべあや,592,白泉社,43368307,いちごサンタ,コドモエの本,20221101,1529,,コドモエの本,,,コドモエの本,,,,コドモエの本
75,9784591175422,なにかな？　まる　あかまるの　かたちえほん,,1076,16,11,3,1,書籍,児童書,幼児絵本,知育絵本,知育絵本,しみずだいすけ,591,ポプラ社,43372099,なにかな？　まる　あかまるの　かたちえほん,０歳からのあかちゃんえほん,20221104,1159,０歳からのあかちゃんえほん,０歳からのあかちゃんえほん,,,０歳からのあかちゃんえほん,０歳からのあかちゃんえほん,トーマス_ミニキャラえほん,音のでる・知育絵本,０歳からのあかちゃんえほん
76,9784591175668,プラレールコレクション　２０２３,,1076,16,21,1,55,書籍,児童書,キャラクター絵本,キャラクター絵本,超ひみつゲット,タカラトミー,591,ポプラ社,43380019,プラレールコレクション　２０２３,超ひみつゲット！,20221207,2109,超ひみつゲット！,超ひみつゲット,プラレール,超ひみつゲット,超ひみつゲット！,超ひみつゲット！,マイポケットコレクション,超ひみつゲット！,超ひみつゲット！
77,9784577051054,ゴーゴー！アンパンマンごう,,1076,16,21,1,1,書籍,児童書,キャラクター絵本,キャラクター絵本,アンパンマン,やなせたかし,577,フレーベル館,43365400,アンパンマンタイヤえほん,［バラエティ］　アンパンマンタイヤえほん,20221021,2209,アンパンマンタイヤえほん,アンパンマンタイヤえほん,アンパンマン,アンパンマン,アンパンマンタイヤえほん,アンパンマンタイヤえほん,それいけ！アンパンマン ゆびにんぎょうえほん,アンパンマンおままごとえほん,アンパンマンタイヤえほん
78,9784577051092,めくってだあれ？,,1076,16,21,1,1,書籍,児童書,キャラクター絵本,キャラクター絵本,アンパンマン,やなせたかし,577,フレーベル館,43372092,めくってだあれ？,ベイビー・アンパンマン,20221128,2163,ベイビー・アンパンマン,ベイビー・アンパンマン,,アンパンマン,ベイビー・アンパンマン,ベイビー・アンパンマン,,アンパンマンおままごとえほん,ベイビー・アンパンマン
79,9784591175002,黒田長政　戦国人物伝　日本の歴史＜コミック版＞８３,,1076,16,71,5,41,書籍,児童書,学習百科,学習漫画,偉人・伝記（漫画）,加来耕三,591,ポプラ社,43367771,黒田長政　戦国人物伝　日本の歴史＜コミック版＞８３,,20221013,1056,コミック版　日本の歴史,コミック版　日本の歴史,,,,コミック版　日本の歴史,コミック版　日本の歴史,コミック版世界の伝記,
80,9784591175637,アナと雪の女王まちがいさがし　エルサのプレゼント,,1076,16,21,1,5,書籍,児童書,キャラクター絵本,キャラクター絵本,ディズニー,ｍｉｏ,591,ポプラ社,43380016,アナと雪の女王まちがいさがし　エルサのプレゼント,,20221207,1656,単行本,ディズニー,,ディズニー,,,ラブオールプレー,ディズニー,
81,9784774622767,れいぞうこのそこのそこ　りんごのまほう,,1076,16,7,1,97,書籍,児童書,絵本,国内絵本,３才〜国内絵本,うえだしげこ,7746,教育画劇,43359665,れいぞうこのそこのそこ　りんごのまほう,れいぞうこのあるあるえほん,20221006,1353,れいぞうこのあるあるえほん,れいぞうこのあるあるえほん,,,れいぞうこのあるあるえほん,れいぞうこのあるあるえほん,れいぞうこのあるあるえほん,絵本・グリム童話,れいぞうこのあるあるえほん
82,9784774622859,おばけのやだもん　だいすき！ソフトクリーム,,1076,16,7,1,92,書籍,児童書,絵本,国内絵本,国内絵本,ひらのゆきこ,7746,教育画劇,43375642,おばけのやだもん　だいすき！ソフトクリーム,,20230112,1132,おばけのやだもん　えほんシリーズ,おばけのやだもん,おばけのやだもん,,,おばけのやだもん,おばけのやだもんシリーズ,絵本・グリム童話,
83,9784774333335,５さいからできる　おかね　はじめて編,,1076,16,71,1,7,書籍,児童書,学習百科,学習百科,道徳・教養,白井一之,7743,くもん出版,43366183,５さいからできる　おかね　はじめて編,シールたっぷりレッスン,20221202,1869,シールたっぷりレッスン,シールたっぷりレッスン,,,シールたっぷりレッスン,シールたっぷりレッスン,はじめてであうえほんシリーズ,,シールたっぷりレッスン
84,9784774333366,４さいからできる　えいご,,1076,16,71,1,6,書籍,児童書,学習百科,学習百科,英語,卯城祐司,7743,くもん出版,43366186,４さいからできる　えいご,シールたっぷりレッスン,20221202,1319,シールたっぷりレッスン,シールたっぷりレッスン,,,シールたっぷりレッスン,シールたっぷりレッスン,子どもとたのしむはじめてのえいごえほん,いっきに極める小学英語,シールたっぷりレッスン
85,9784774333342,５さいからできる　プログラミング,,1076,16,71,1,9,書籍,児童書,学習百科,学習百科,プログラミング,中村一彰,7743,くもん出版,43366184,５さいからできる　プログラミング,シールたっぷりレッスン,20221202,1675,シールたっぷりレッスン,シールたっぷりレッスン,,,シールたっぷりレッスン,シールたっぷりレッスン,２時間でニャンとかできる中学歴史,くもんの高校入試英語完全攻略トレーニング,シールたっぷりレッスン
86,9784774333359,４さいからできる　しぜんとかがく,,1076,16,71,1,4,書籍,児童書,学習百科,学習百科,理科,横山正,7743,くもん出版,43366185,４さいからできる　しぜんとかがく,シールたっぷりレッスン,20221202,1363,シールたっぷりレッスン,シールたっぷりレッスン,,,シールたっぷりレッスン,シールたっぷりレッスン,２時間でニャンとかできる中学歴史,,シールたっぷりレッスン
87,9784815429812,愛知県公立高予想テスト　２０２３年度受験用,,1076,19,21,61,11,書籍,学習参考書,中学学参,高校入試,学校別問題集,英俊社編集部,8154,英俊社,43372163,愛知県公立高予想テスト　２０２３年度受験用,公立高校入試予想テストシリーズ,20221110,1381,公立高校入試予想テストシリーズ,公立高校入試予想テストシリーズ,,,公立高校入試予想テストシリーズ,公立高校入試予想テストシリーズ,公立高校入試予想テストシリーズ,中学校別入試対策シリーズ,公立高校入試予想テストシリーズ
88,9784834086850,でんしゃが　きた！,,1076,16,7,5,1,書籍,児童書,絵本,福音館書店,福音館書店,石橋真樹子,8340,福音館書店,43365884,でんしゃが　きた！,幼児絵本ふしぎなたねシリーズ,20221107,1030,幼児絵本ふしぎなたねシリーズ,幼児絵本ふしぎなたねシリーズ,,,幼児絵本ふしぎなたねシリーズ,幼児絵本ふしぎなたねシリーズ,,福音館あかちゃんの絵本,幼児絵本ふしぎなたねシリーズ
89,9784866515816,うんこドリル　たしざん・ひきざんもんだいしゅう編小学１年生　日本一楽しい学習ドリル,,1076,19,5,1,51,書籍,学習参考書,小学ドリル,小学ドリル,うんこドリル,古屋雄作,86651,文響社,43367358,うんこドリル　たしざん・ひきざんもんだいしゅう編小学１年生　日本一楽しい学習ドリル,うんこドリル算数,20221110,1667,小学生 ドリル 1年生,うんこドリル_小,,,,,うんこドリル_小,うんこドリル_小,うんこドリル_小
90,9784815429836,兵庫県公立高予想テスト　２０２３年度受験用,,1076,19,21,61,11,書籍,学習参考書,中学学参,高校入試,学校別問題集,英俊社編集部,8154,英俊社,43372165,兵庫県公立高予想テスト　２０２３年度受験用,公立高校入試予想テストシリーズ,20221110,1141,公立高校入試予想テストシリーズ,公立高校入試予想テストシリーズ,,,公立高校入試予想テストシリーズ,公立高校入試予想テストシリーズ,公立高校入試予想テストシリーズ,中学校別入試対策シリーズ,公立高校入試予想テストシリーズ
91,9784866515830,うんこドリル　小学１ー６年生の全漢字,,1076,19,5,1,51,書籍,学習参考書,小学ドリル,小学ドリル,うんこドリル,古屋雄作,86651,文響社,43367360,うんこドリル　小学１ー６年生の全漢字,,20221110,1150,小学生 ドリル,うんこドリル_小,,,,,うんこドリル_小,うんこドリル_小,
92,9784890859078,東進共通テスト実戦問題集英語［リーディング］〈２訂版〉,,1076,19,31,51,31,書籍,学習参考書,高校学参,予備校,東進ハイスクール,安河内哲也,89085,ナガセ,43367862,東進共通テスト実戦問題集英語［リーディング］〈２訂版〉,東進ブックス,20221108,1146,,東進ブックス,,,東進ブックス,,東進ブックス　レベル別問題集シリーズ,東進ブックス　レベル別問題集シリーズ,東進ブックス　レベル別問題集シリーズ
93,9784866515311,１日１まい　３０日うんこドリル　かん字　小学１年生,,1076,19,5,1,51,書籍,学習参考書,小学ドリル,小学ドリル,うんこドリル,古屋雄作,86651,文響社,43335805,１日１まい　３０日うんこドリル　かん字　小学１年生,,20221005,1238,小学生 ドリル 1年生,うんこドリル_小,,,,,うんこドリル_小,うんこドリル_小,
94,9784815429829,大阪府公立高等学校一般予想テスト　２０２３年度受験用,,1076,19,21,61,11,書籍,学習参考書,中学学参,高校入試,学校別問題集,ｍｉｏ,8154,英俊社,43372164,大阪府公立高等学校一般予想テスト　２０２３年度受験用,公立高校入試予想テストシリーズ,20221102,1402,公立高校入試予想テストシリーズ,公立高校入試予想テストシリーズ,,,公立高校入試予想テストシリーズ,公立高校入試予想テストシリーズ,公立高校入試予想テストシリーズ,中学校別入試対策シリーズ,公立高校入試予想テストシリーズ
95,9784862904089,Ｚ会小学生わくわくワーク６年生総復習・中学さきどり編　２０２２・２０２３年度用　国語・算数・理科・社会・英語,,1076,19,11,5,21,書籍,学習参考書,小学学参,基礎学習,総復習,Ｚ会編集部,86290,Ｚ会編集部,43374294,Ｚ会小学生わくわくワーク６年生総復習・中学さきどり編　２０２２・２０２３年度用　国語・算数・理科・社会・英語,,20221108,1296,,わくわくワーク,わくわくワーク,,,,わくわくワーク,,
96,9784866515823,うんこドリル　たし算・ひき算・かけ算もんだいしゅう編小学２年生　日本一楽しい学習ドリル,,1076,19,5,1,51,書籍,学習参考書,小学ドリル,小学ドリル,うんこドリル,古屋雄作,86651,文響社,43367359,うんこドリル　たし算・ひき算・かけ算もんだいしゅう編小学２年生　日本一楽しい学習ドリル,うんこドリル算数,20221110,1148,小学生 ドリル 2年生,うんこドリル_小,,,,,うんこドリル_小,うんこドリル_小,うんこドリル_小
97,9784575317619,先生は教えてくれない！クレヨンしんちゃんの折れない心をつくる本,,1076,16,71,5,91,書籍,児童書,学習百科,学習漫画,その他学習漫画,臼井儀人,575,双葉社,43366747,先生は教えてくれない！クレヨンしんちゃんの折れない心をつくる本,,20221117,2054,,,クレヨンしんちゃん,,,,クレヨンしんちゃんのなんでも百科シリーズ,,
98,9784410105883,チャート式基礎からの数学２＋Ｂ　新課程,,1076,19,31,11,11,書籍,学習参考書,高校学参,数学,数学Ⅱ・Ｂ,チャート研究所,410,数研出版,43371514,チャート式基礎からの数学２＋Ｂ　新課程,,20221025,2595,,,,,,,チャート式問題集シリーズ,,
99,9784046321657,君のとなりで。　この道を、ずっといっしょに,９,1076,16,55,1,15,書籍,児童書,児童文庫,児童文庫,角川つばさ文庫,高杉六花,4,ＫＡＤＯＫＡＷＡ,43090241,君のとなりで。,角川つばさ文庫,20221013,2147,,,君のとなりで。,,,,君のとなりで。,角川まんが学習シリーズ,角川まんが学習シリーズ
100,9784299036124,ドラゴン超絶バトル大図鑑,,1076,16,61,1,91,書籍,児童書,実用百科,実用百科,その他実用百科,村上健司,299,宝島社,43373399,ドラゴン超絶バトル大図鑑,,20221024,1105,,,,,,,,,
101,9784863463417,２０２３年中学入試用サピックス重大ニュース　中学入試に出る　２０２２ニュース解説（小学５・６年,,1076,19,11,61,3,書籍,学習参考書,小学学参,中学入試,重大ニュース,進学教室サピックス小学部,86346,代々木ライブラリー,43368312,２０２３年中学入試用サピックス重大ニュース　中学入試に出る　２０２２ニュース解説（小学５・６年,,20221101,2643,,,,,,,サピックスメゾッド,,
102,9784591175514,おかあさんといっしょ　おうたで　わーい！,,1076,16,15,1,1,書籍,児童書,しかけ絵本,しかけ絵本,音のでる絵本,ｍｉｏ,591,ポプラ社,43380292,おかあさんといっしょ　おうたで　わーい！,,20221209,4774,単行本,,おかあさんといっしょ,,,,おかあさんといっしょ,音のでる・知育絵本,
103,9784834767544,わくわく楽しい！日本＆世界の旅行すごろく,,1076,16,91,1,6,書籍,児童書,グッズ,グッズ,すごろく,ｍｉｏ,8347,ブティック社,43375238,わくわく楽しい！日本＆世界の旅行すごろく,［バラエティ］,20221220,1061,,,,,,,,,ブティック・ムック
104,9784284001205,いちねんせいえほん　はじめての「よのなかルールブック」,,1076,16,11,3,1,書籍,児童書,幼児絵本,知育絵本,知育絵本,高濱正伸,284,日本図書センター,43383708,いちねんせいえほん　はじめての「よのなかルールブック」,,20230118,4953,,,,,,,,,
105,9784046322210,おもしろい話、集めました。Ｗ,,1076,16,55,1,15,書籍,児童書,児童文庫,児童文庫,角川つばさ文庫,ひのひまり,4,ＫＡＤＯＫＡＷＡ,43383192,おもしろい話、集めました。Ｗ,角川つばさ文庫,20230112,1800,,,おもしろい話、集めました。,,,,おもしろい話、集めました。,角川まんが学習シリーズ,角川まんが学習シリーズ
106,9784342353697,重要古文単語３１５　読んで見て聞いて覚える　四訂版,,1076,19,31,15,31,書籍,学習参考書,高校学参,国語,古文・古典,武田博幸,342,桐原書店,43370958,重要古文単語３１５　読んで見て聞いて覚える　四訂版,,20221014,2377,,,,,,,まるまる使える,,
107,9784065302576,超復刻版　タローマンかるた,,1076,16,91,1,5,書籍,児童書,グッズ,グッズ,かるた,ＮＨＫ「ＴＡＲＯＭＡＮ」制作班,6,講談社,43370941,超復刻版　タローマンかるた,［バラエティ］,20221205,1071,,,,,,,スパイダーマン,,ティガ・ダイナ＆ウルトラマンガイア
108,9784046321862,恐怖コレクター　宿命の再会,２０,1076,16,55,1,15,書籍,児童書,児童文庫,児童文庫,角川つばさ文庫,佐東みどり,4,ＫＡＤＯＫＡＷＡ,42675589,恐怖コレクター,角川つばさ文庫,20221214,3491,,,恐怖コレクター,,,,恐怖コレクター,角川まんが学習シリーズ,角川まんが学習シリーズ
109,9784265081899,いつつごうさぎとゆきのもり,,1076,16,7,1,97,書籍,児童書,絵本,国内絵本,３才〜国内絵本,まつおりかこ,265,岩崎書店,43377202,いつつごうさぎとゆきのもり,,20221207,9321,,,,,,,ちしきのぽけっと,母と子の絵本,
110,9784300104125,自分のあたまで考えるドリル　まず、これから。　小学１・２年生めやす　よみとき・なぞとき・ひらめき,,1076,19,5,1,91,書籍,学習参考書,小学ドリル,小学ドリル,その他ドリル,ｉＭＬ国際算数・数学能力検定協会,300,ＴＡＣ出版事業部,43365197,自分のあたまで考えるドリル　まず、これから。　小学１・２年生めやす　よみとき・なぞとき・ひらめき,,20221027,1090,,,,,,,,,
111,9784284001199,おまもりえほん　こどもぼうはんルールブック,,1076,16,7,1,92,書籍,児童書,絵本,国内絵本,国内絵本,国崎信江,284,日本図書センター,43366741,おまもりえほん　こどもぼうはんルールブック,,20221019,2509,,,,,,,,,
112,9784052056444,５分後に意外な結末ｅｘ　緑に覆われた世界の出来事,,1076,16,41,5,22,書籍,児童書,読み物,読み物,５分後に意外な結末シリーズ,桃戸ハル,5,学研プラス,43363324,５分後に意外な結末ｅｘ　緑に覆われた世界の出来事,「５分後に意外な結末」シリーズ,20221215,3948,５分後に意外な結末,,５分後に意外な結末,５分後に意外な結末,５分後に意外な結末,５分後に意外な結末,５分後に意外な結末ｅｘ,５分後に意外な結末,「５分後に意外な結末」シリーズ
113,9784092314467,小説映画ドラえもんのび太と空の理想郷,,1076,16,55,1,19,書籍,児童書,児童文庫,児童文庫,小学館ジュニア文庫,藤子・Ｆ・不二雄,9,小学館,43398271,小説映画ドラえもんのび太と空の理想郷,小学館ジュニア文庫,20230203,2782,小学館ジュニア文庫,,ドラえもん,,,,映画ドラえもん,小学館の図鑑ＮＥＯのクラフトぶっく,小学館の図鑑ＮＥＯのクラフトぶっく
114,9784774738642,メイクアップぬりえ　キュートポップコレクション,,1076,16,15,1,41,書籍,児童書,しかけ絵本,しかけ絵本,ぬりえ,ｍｉｏ,7747,コスミック出版,43380025,メイクアップぬりえ　キュートポップコレクション,［バラエティ］,20221128,3856,,,,,,,,,
115,9784041125694,きょうりゅうかくれんぼ,,1076,16,7,4,1,書籍,児童書,絵本,さがしもの絵本,さがしもの絵本,聞かせ屋。けいたろう,4,ＫＡＤＯＫＡＷＡ,43360531,きょうりゅうかくれんぼ,,20221004,8545,,,,,,,,ディズニー_角川アニメ絵本,
116,9784046321756,時間割男子　ヒミツにせまる動物園！,１０,1076,16,55,1,15,書籍,児童書,児童文庫,児童文庫,角川つばさ文庫,一ノ瀬三葉,4,ＫＡＤＯＫＡＷＡ,43100036,時間割男子,角川つばさ文庫,20221214,7212,,,時間割男子,,,,時間割男子,角川まんが学習シリーズ,角川まんが学習シリーズ
117,9784057508412,学研の科学　大図鑑プロジェクター　世界とつながるほんもの体験キット,,1076,16,61,1,65,書籍,児童書,実用百科,実用百科,実験・自由研究,学研の科学編集部,5,学研プラス,43372767,学研の科学　大図鑑プロジェクター　世界とつながるほんもの体験キット,［バラエティ］,20221213,4731,,,,,,,自由研究おたすけキット,自由研究おたすけキット,いきもの最強バラエティー
118,9784099425203,タッチペンでいっぱいあそべる！まいにちのことばずかん１５００　英語つき,,1076,16,11,3,1,書籍,児童書,幼児絵本,知育絵本,知育絵本,小学館辞典編集部,9,小学館,43377756,タッチペンでいっぱいあそべる！まいにちのことばずかん１５００　英語つき,［バラエティ］,20221205,3082,,,,,,,ドラえもん ちずかん,どうぶつ絵本,ポケットモンスター_コミュニティー絵本
119,9784757568204,絵本　おじさまと猫　ふくまるとしあわせの宇宙船,,1076,16,7,1,92,書籍,児童書,絵本,国内絵本,国内絵本,桜井海,7575,スクウェア・エニックス,43175894,絵本　おじさまと猫　ふくまるとしあわせの宇宙船,,20221111,1858,,,,,,,,,
120,9784801933798,マインクラフト３つの試練,,1076,16,41,5,15,書籍,児童書,読み物,読み物,中学年読み物,スイー・デイヴィース,8019,竹書房,43366428,マインクラフト３つの試練,,20221216,2528,,,マインクラフト,,,,マインクラフト難破船と人魚の秘密,,
121,9784813780724,この恋は、ぜったいヒミツ。,３,1076,16,55,1,91,書籍,児童書,児童文庫,児童文庫,その他児童文庫,このはなさくら,8137,スターツ出版,43205112,この恋は、ぜったいヒミツ。,野いちごジュニア文庫,20221118,1265,,,この恋は、ぜったいヒミツ。,,,,この恋は、ぜったいヒミツ。,,
122,9784046321848,サバイバー！！　豪華客船は再会のとき,４,1076,16,55,1,15,書籍,児童書,児童文庫,児童文庫,角川つばさ文庫,あさばみゆき,4,ＫＡＤＯＫＡＷＡ,43261596,サバイバー！！,角川つばさ文庫,20221109,2213,,,サバイバー！！,,,,サバイバー！！,角川まんが学習シリーズ,角川まんが学習シリーズ
123,9784299036513,東大王からの挑戦！　めざせ子ども東大王　最強クイズ,,1076,16,61,1,11,書籍,児童書,実用百科,実用百科,クイズ・なぞなぞ,ＴＢＳテレビ「東大王」クイズ制作チーム,299,宝島社,43385234,東大王からの挑戦！　めざせ子ども東大王　最強クイズ,,20221212,1570,,,,,,,,,
124,9784046321930,神スキル！！！　キセキの三きょうだい、登場！,,1076,16,55,1,15,書籍,児童書,児童文庫,児童文庫,角川つばさ文庫,大空なつき,4,ＫＡＤＯＫＡＷＡ,43383100,神スキル！！！　キセキの三きょうだい、登場！,角川つばさ文庫,20230112,2091,,,,,,,ぜったいバレちゃいけません！！！,角川まんが学習シリーズ,角川まんが学習シリーズ
125,9784591175682,かいけつゾロリ　きょうりゅうママをすくえ！,,1076,16,41,5,11,書籍,児童書,読み物,読み物,かいけつゾロリシリーズ,原ゆたか,591,ポプラ社,43379327,かいけつゾロリ　きょうりゅうママをすくえ！,かいけつゾロリシリーズ,20221207,11508,ポプラ社の新・小さな童話,,かいけつゾロリ,かいけつゾロリ,かいけつゾロリ,,かいけつゾロリ,かいけつゾロリ,かいけつゾロリ
126,9784866515670,いますぐ名探偵　犯人をさがせ！　ワハハ小学校編,,1076,16,15,1,21,書籍,児童書,しかけ絵本,しかけ絵本,しかけ絵本,桂林ブックス,86651,文響社,43374615,いますぐ名探偵　犯人をさがせ！　ワハハ小学校編,,20221208,1410,,,,,,,名探偵テスとミナ,うんこしかけえほん　うんこＢｏｏｋｓ,
127,9784813780694,願いごとガチャ　願いをかなえるアイテム当たります,,1076,16,55,1,91,書籍,児童書,児童文庫,児童文庫,その他児童文庫,Ｓｙｔｒｙ,8137,スターツ出版,43365498,願いごとガチャ　願いをかなえるアイテム当たります,野いちごジュニア文庫,20221020,1350,,,,,,,ウタイテ！,,
128,9784791631902,ミラクルきょうふ！　意味がわかると怖いストーリー,,1076,16,41,5,41,書籍,児童書,読み物,読み物,おばけ・こわい話,朔月糸,7916,西東社,43369786,ミラクルきょうふ！　意味がわかると怖いストーリー,,20221107,3067,,,,,,,ミラクルきょうふ！怖いストーリーＭＥＧＡ,ミラクルきょうふ！本当に怖い話,
129,9784791632008,ゆめがひろがるおんなのこのでんきえほん　全２２話,,1076,16,7,1,21,書籍,児童書,絵本,国内絵本,国内の名作絵本,堀米薫,7916,西東社,43374714,ゆめがひろがるおんなのこのでんきえほん　全２２話,,20221107,2037,,,,,,,おんなのこのめいさくだいすき全２５話,,
130,9784046321732,本当はこわい話　明かされる真実、君は気づけた？,１０,1076,16,55,1,15,書籍,児童書,児童文庫,児童文庫,角川つばさ文庫,小林丸々,4,ＫＡＤＯＫＡＷＡ,42960710,本当はこわい話,角川つばさ文庫,20230112,1206,,,本当はこわい話,,,,本当はこわい話,角川まんが学習シリーズ,角川まんが学習シリーズ
131,9784046321923,世界一クラブ　スター・ダイヤを取りもどせ！,,1076,16,55,1,15,書籍,児童書,児童文庫,児童文庫,角川つばさ文庫,大空なつき,4,ＫＡＤＯＫＡＷＡ,43377084,世界一クラブ　スター・ダイヤを取りもどせ！,角川つばさ文庫,20221214,2973,,,世界一クラブ,,,,世界一クラブ,角川まんが学習シリーズ,角川まんが学習シリーズ
132,9784083217548,花とつぼみと、きみのこと。　だいじな想いの咲かせかた,,1076,16,55,1,18,書籍,児童書,児童文庫,児童文庫,集英社みらい文庫,五十嵐美怜,8,集英社,43382705,花とつぼみと、きみのこと。　だいじな想いの咲かせかた,集英社みらい文庫,20221216,1346,,,花とつぼみと、きみのこと。,,,,花とつぼみと、きみのこと。,通学シリーズ みらい文庫版,通学シリーズ みらい文庫版
133,9784591175262,グレッグのダメ日記　なんだって、やってやる！,,1076,16,41,5,17,書籍,児童書,読み物,読み物,グレッグのダメ日記シリーズ,ジェフ・キニー,591,ポプラ社,43377481,グレッグのダメ日記　なんだって、やってやる！,,20221124,2872,単行本,,グレッグのダメ日記,グレッグのダメ日記,,,グレッグのダメ日記,グレッグのダメ日記,
134,9784651202686,歴史バトル図鑑　最強！戦国武将決定戦,,1076,16,71,1,47,書籍,児童書,学習百科,学習百科,歴史（読みもの）,小和田哲男,651,ＯＮＥ　ＰＵＢＬＩＳＨＩＮＧ,43372104,歴史バトル図鑑　最強！戦国武将決定戦,,20221117,1652,,,,,,,,,
135,9784813780779,溺愛×ミッション！（１）　エリート学園の超モテスパイ男子たちに溺愛されちゃってます！,１,1076,16,55,1,91,書籍,児童書,児童文庫,児童文庫,その他児童文庫,青山そらら,8137,スターツ出版,43379193,溺愛×ミッション！（１）　エリート学園の超モテスパイ男子たちに溺愛されちゃってます！,野いちごジュニア文庫,20221220,1381,,,,,,,溺愛１２０％の恋,,
136,9784813780687,告白したのは、君だから。　かんちがいから始まるホントの恋,,1076,16,55,1,91,書籍,児童書,児童文庫,児童文庫,その他児童文庫,神戸遥真,8137,スターツ出版,43365497,告白したのは、君だから。　かんちがいから始まるホントの恋,野いちごジュニア文庫,20221020,1603,,,,,,,今日、キミに告白します,,
137,9784756253842,きみも運転手になれる！　パノラマずかん　運転席,,1076,16,15,1,21,書籍,児童書,しかけ絵本,しかけ絵本,しかけ絵本,宮本えつよし,7562,パイインターナショナル,43365386,きみも運転手になれる！　パノラマずかん　運転席,,20221124,1077,,,,,,,うごかす！めくる！,手指をつかうしかけがいっぱい！,
138,9784813780700,ウタイテ！,３,1076,16,55,1,91,書籍,児童書,児童文庫,児童文庫,その他児童文庫,＊あいら＊,8137,スターツ出版,43313006,ウタイテ！,野いちごジュニア文庫,20221118,6086,ウタイテ！,,ウタイテ！,,,ウタイテ！,ウタイテ！,,
139,9784083217463,相方なんかになりません！　転校生はなにわのお笑い男子！？,,1076,16,55,1,18,書籍,児童書,児童文庫,児童文庫,集英社みらい文庫,遠山彼方,8,集英社,43366737,相方なんかになりません！　転校生はなにわのお笑い男子！？,集英社みらい文庫,20221028,1264,,,,,,,ウソカレ！？,通学シリーズ みらい文庫版,通学シリーズ みらい文庫版
140,9784041130254,どっちが強い！？　動物ｖｓ恐竜　夢の超時空バトル,,1076,16,71,5,31,書籍,児童書,学習百科,学習漫画,どっちが強い！？シリーズ,Ｘベンチャーオールスターズ,4,ＫＡＤＯＫＡＷＡ,43387253,どっちが強い！？　動物ｖｓ恐竜　夢の超時空バトル,角川まんが学習シリーズ,20230215,2805,,,,どっちが強い！？シリーズ,角川まんが学習シリーズ,,どっちが強い！？シリーズ,どっちが強い！？シリーズ,角川まんが学習シリーズ
141,9784052055935,ふたごのプリンセスとピアニストのひみつクレープ,,1076,16,41,5,5,書籍,児童書,読み物,読み物,低学年読み物,赤尾でこ,5,学研プラス,43369057,ふたごのプリンセスとピアニストのひみつクレープ,まほうのドレスハウス,20221129,2580,まほうのドレスハウス,,,,まほうのドレスハウス,まほうのドレスハウス,プリンセスシールブック,１０歳までに読みたい世界名作,まほうのドレスハウス
142,9784023322219,科学探偵ｖｓ．超・自然現象（前）,,1076,16,41,5,21,書籍,児童書,読み物,読み物,高学年読み物,佐東みどり,2,朝日新聞出版,43376612,科学探偵ｖｓ．超・自然現象,科学探偵謎野真実シリーズ,20221118,2201,科学探偵　謎野真実シリーズ,,,,科学探偵謎野真実シリーズ,,科学探偵謎野真実シリーズ,,科学探偵謎野真実シリーズ
143,9784074535231,ＢＴ２１　まちがいをさがせ！,,1076,16,7,4,1,書籍,児童書,絵本,さがしもの絵本,さがしもの絵本,ＬＩＮＥＦｒｉｅｎｄｓＪａｐａｎ,7,主婦の友社,43384708,ＢＴ２１　まちがいをさがせ！,,20221212,1625,,,,,,,,子どもりょうり絵本,
144,9784097353508,めくってあそぼう！しかけえほん　シナぷしゅ,,1076,16,21,1,51,書籍,児童書,キャラクター絵本,キャラクター絵本,その他キャラクター,ｍｉｏ,9,小学館,43379300,めくってあそぼう！しかけえほん　シナぷしゅ,,20221121,1471,,,シナぷしゅ,,,,めくってあそぼう！しかけえほん,ピーターラビット,
145,9784522803493,最恐！　危険生物かるた　超危険な生物のなまえで　ひらがなとカタカナをおぼえよう！,,1076,16,91,1,5,書籍,児童書,グッズ,グッズ,かるた,岩崎政志,522,永岡書店,43373845,最恐！　危険生物かるた　超危険な生物のなまえで　ひらがなとカタカナをおぼえよう！,,20221110,1066,,,,,,,マンガでわかる,マンガでわかる,
146,9784065307458,ちいリベ　クリアファイルブック,,1076,16,91,1,92,書籍,児童書,グッズ,グッズ,キャラクターグッズ,講談社,6,講談社,43379651,ちいリベ　クリアファイルブック,［バラエティ］,20230131,1066,,,,,,,講談社おともだちシールブック,キャラクタードリルシリーズ,ティガ・ダイナ＆ウルトラマンガイア
147,9784265809660,妖怪捕物帖乙　冥界彷徨篇　無間地獄は阿鼻の闇４,,1076,16,41,5,5,書籍,児童書,読み物,読み物,低学年読み物,大崎悌造,265,岩崎書店,43363706,妖怪捕物帖乙　冥界彷徨篇　無間地獄は阿鼻の闇４,ようかいとりものちょう,20221018,2767,ようかいとりものちょう,,妖怪捕物帖乙,,ようかいとりものちょう,ようかいとりものちょう,妖怪捕物帖乙,,ようかいとりものちょう
148,9784471104078,うちゅう,,1076,16,81,1,11,書籍,児童書,図鑑,図鑑,学習図鑑シリーズ,山岡均,471,高橋書店,43370519,うちゅう,はじめてのずかん,20221129,1984,,,,,はじめてのずかん,,,つくってあそべる本シリーズ,はじめてのずかん
149,9784046321787,絶体絶命ゲーム　ねらわれた歌姫を守れ！,１２,1076,16,55,1,15,書籍,児童書,児童文庫,児童文庫,角川つばさ文庫,藤ダリオ,4,ＫＡＤＯＫＡＷＡ,42843882,絶体絶命ゲーム,角川つばさ文庫,20221109,6033,,,絶体絶命ゲーム,,,,絶体絶命ゲーム,角川まんが学習シリーズ,角川まんが学習シリーズ
150,9784049145472,星のカービィ　プププナゾトレブック,,1076,16,21,1,51,書籍,児童書,キャラクター絵本,キャラクター絵本,その他キャラクター,ワープスター,4,ＫＡＤＯＫＡＷＡ,43375600,星のカービィ　プププナゾトレブック,,20221214,1136,,,星のカービィ,,,,星のカービィ,恐怖コレクター,
151,9784052056154,マンガ・クイズつき『桃太郎電鉄』で学ぶお金・経済のしくみ攻略,,1076,16,71,1,5,書籍,児童書,学習百科,学習百科,社会,正頭英和,5,学研プラス,43375602,マンガ・クイズつき『桃太郎電鉄』で学ぶお金・経済のしくみ攻略,,20221215,2305,,,,,,,学研のクイズ図鑑,,
152,9784774622781,ポコポコクリスマスクッキー,,1076,16,7,1,92,書籍,児童書,絵本,国内絵本,国内絵本,さかいさちえ,7746,教育画劇,43372775,ポコポコクリスマスクッキー,,20221115,4602,ちいさなちいさなポコポコえほん,,,,,,,絵本・グリム童話,
153,9784591175149,おしりたんてい　ププッ　かいていいせきのぼうけん　アニメコミック,１３,1076,16,41,5,7,書籍,児童書,読み物,読み物,おしりたんていシリーズ,トロル,591,ポプラ社,43109435,おしりたんてい　アニメコミック,,20221013,4684,アニメコミックおしりたんてい,,おしりたんてい,おしりたんてい,,おしりたんてい,おしりたんていかいとう,おしりたんていかいとう,
154,9784763140210,ぺんたと小春のめんどいまちがいさがし　ＢＩＧ,,1076,16,61,1,15,書籍,児童書,実用百科,実用百科,迷路・パズル,ペンギン飛行機製作所,7631,サンマーク出版,43368795,ぺんたと小春のめんどいまちがいさがし　ＢＩＧ,,20221110,3548,,,,,,,,,
155,9784791631438,頂上決戦！異種最強生物　オールスター大決戦,,1076,16,61,1,91,書籍,児童書,実用百科,実用百科,その他実用百科,ＣｒｅａｔｕｒｅＳｔｏｒｙ,7916,西東社,43378398,頂上決戦！異種最強生物　オールスター大決戦,,20221220,2915,,,,,,,ミラクルガール相談室,,
156,9784791631926,ミラクルハピネス　誕生日＆うらない大全,,1076,16,61,1,21,書籍,児童書,実用百科,実用百科,心理ゲーム・占い,ルナ・アヴニール,7916,西東社,43370161,ミラクルハピネス　誕生日＆うらない大全,,20221015,1975,,,,,,,ミラクルハッピー☆希望のどうぶつ物語,,
157,9784834086805,どきどきキッチンサーカス,,1076,16,7,5,3,書籍,児童書,絵本,福音館書店,幼児絵本福音館書店,石津ちひろ,8340,福音館書店,43358279,どきどきキッチンサーカス,幼児絵本シリーズ,20221007,1042,幼児絵本シリーズ,,,,幼児絵本シリーズ,幼児絵本シリーズ,かがくのとも傑作集　どきどきしぜん,幼児絵本シリーズ,幼児絵本シリーズ
158,9784065292495,ウルトラヒーローｖｓ．ウルトラかいじゅう　だいけっとう！　マグネットＢＯＸ,,1076,16,21,1,41,書籍,児童書,キャラクター絵本,キャラクター絵本,ヒーロー,講談社,6,講談社,43357379,ウルトラヒーローｖｓ．ウルトラかいじゅう　だいけっとう！　マグネットＢＯＸ,［バラエティ］,20221208,1078,,,,,,,ティガ・ダイナ＆ウルトラマンガイア,ハローキティ,ティガ・ダイナ＆ウルトラマンガイア
159,9784065299081,ＴＶアニメブルーロッククリアファイルブック,,1076,16,91,1,92,書籍,児童書,グッズ,グッズ,キャラクターグッズ,講談社,6,講談社,43379649,ＴＶアニメブルーロッククリアファイルブック,［バラエティ］,20221220,4100,,,,,,,講談社おともだちシールブック,キャラクタードリルシリーズ,ティガ・ダイナ＆ウルトラマンガイア
160,9784813780748,総長さま、溺愛中につき。　最強イケメンの溺愛バトルは再加速！？,７,1076,16,55,1,91,書籍,児童書,児童文庫,児童文庫,その他児童文庫,＊あいら＊,8137,スターツ出版,43205111,総長さま、溺愛中につき。,野いちごジュニア文庫,20221220,9519,,,総長さま、溺愛中につき。,,,,総長さま、溺愛中につき。,,
161,9784405073623,図解大事典　ドラゴン,,1076,16,61,1,91,書籍,児童書,実用百科,実用百科,その他実用百科,龍・ドラゴン研究チームＴ＆Ｈ,405,新星出版社,43370151,図解大事典　ドラゴン,,20221215,1535,,,,,,,都市伝説大事典,,
162,9784591174975,かいけつゾロリのおやじギャグ＆なぞなぞ大じてん,,1076,16,41,5,11,書籍,児童書,読み物,読み物,かいけつゾロリシリーズ,原ゆたか,591,ポプラ社,43372095,かいけつゾロリのおやじギャグ＆なぞなぞ大じてん,,20221107,1194,単行本,,かいけつゾロリ,かいけつゾロリ,,,かいけつゾロリ,かいけつゾロリ,
163,9784046321855,サキヨミ！　恋と決意の文化祭,７,1076,16,55,1,15,書籍,児童書,児童文庫,児童文庫,角川つばさ文庫,七海まち,4,ＫＡＤＯＫＡＷＡ,43182126,サキヨミ！,角川つばさ文庫,20221013,3193,,,サキヨミ！,,,,サキヨミ！,角川まんが学習シリーズ,角川まんが学習シリーズ
164,9784593103621,サンタさんのぼうし　どこいった？,,1076,16,7,3,92,書籍,児童書,絵本,海外絵本,海外絵本,エマニュエル・レ,593,ほるぷ出版,43357126,サンタさんのぼうし　どこいった？,海外秀作絵本,20221011,1995,,,,,,,,あんしんゲット！の絵本,ほるぷ創作絵本
165,9784083217579,海色ダイアリー〜五つ子アイドルと五河の夢〜,,1076,16,55,1,18,書籍,児童書,児童文庫,児童文庫,集英社みらい文庫,みゆ,8,集英社,43382708,海色ダイアリー～五つ子アイドルと五河の夢～,集英社みらい文庫,20221216,7164,,,海色ダイアリー,,,,海色ダイアリー,通学シリーズ みらい文庫版,通学シリーズ みらい文庫版
166,9784265811601,ちびちびうさまる　くまさんといっしょ,,1076,16,7,1,92,書籍,児童書,絵本,国内絵本,国内絵本,ｓａｋｕｍａｒｕ,265,岩崎書店,43360127,ちびちびうさまる　くまさんといっしょ,,20221014,1177,,,,,,,おじょうさま小学生　はなこ　,母と子の絵本,
167,9784592107170,ノラネコぐんだん大図鑑　１０周年限定特典付き,,1076,16,7,1,201,書籍,児童書,絵本,国内絵本,ノラネコぐんだん,工藤ノリコ,592,白泉社,43368273,ノラネコぐんだん大図鑑　１０周年限定特典付き,［バラエティ］,20221118,4152,,,ノラネコぐんだん,ノラネコぐんだん,,,ノラネコぐんだん,ノラネコぐんだん,
168,9784591175507,いないいないばあっ！　おうたで　わーい！,,1076,16,15,1,1,書籍,児童書,しかけ絵本,しかけ絵本,音のでる絵本,ｍｉｏ,591,ポプラ社,43380291,いないいないばあっ！　おうたで　わーい！,,20221209,3746,単行本,,いないいないばあっ！,,,,いないいないばあっ！,音のでる・知育絵本,
169,9784046321879,スイッチ！　大キライなはずなのに！？,１１,1076,16,55,1,15,書籍,児童書,児童文庫,児童文庫,角川つばさ文庫,深海ゆずは,4,ＫＡＤＯＫＡＷＡ,42943339,スイッチ！,角川つばさ文庫,20221109,2967,,,スイッチ！,,,,スイッチ！,角川まんが学習シリーズ,角川まんが学習シリーズ
170,9784046321824,星のカービィ　まんぷく、まんまる、グルメフェス！,,1076,16,55,1,15,書籍,児童書,児童文庫,児童文庫,角川つばさ文庫,高瀬美恵,4,ＫＡＤＯＫＡＷＡ,43345582,星のカービィ　ディスカバリー,角川つばさ文庫,20221214,17708,,,星のカービィ,,,,星のカービィ,角川まんが学習シリーズ,角川まんが学習シリーズ
171,9784046322067,泣き虫スマッシュ！　がけっぷちのバドミントンペア、はじまる！？,１,1076,16,55,1,15,書籍,児童書,児童文庫,児童文庫,角川つばさ文庫,平河ゆうき,4,ＫＡＤＯＫＡＷＡ,43369728,泣き虫スマッシュ！,,20221109,1515,,,,,,,トツゲキ！？地獄ちゃんねる,角川まんが学習シリーズ,
172,9784046322173,ジュニア　空想科学読本,２５,1076,16,55,1,15,書籍,児童書,児童文庫,児童文庫,角川つばさ文庫,柳田理科雄,4,ＫＡＤＯＫＡＷＡ,42475688,ジュニア　空想科学読本,角川つばさ文庫,20221214,2835,,,,,,,ジュニア空想科学読本,角川まんが学習シリーズ,角川まんが学習シリーズ
173,9784074531738,ゆめみる　おひめさま図鑑,,1076,16,7,1,92,書籍,児童書,絵本,国内絵本,国内絵本,たけいみき,7,主婦の友社,43380010,ゆめみる　おひめさま図鑑,,20221208,1388,,,,,,,,子どもりょうり絵本,
174,9784052056581,ゆるゆる昆虫図鑑,,1076,16,71,1,401,書籍,児童書,学習百科,学習百科,理科　昆虫,さのかける,5,学研プラス,43369408,ゆるゆる昆虫図鑑,,20221129,3593,,,,,,,新版・ふれあいしぜん図鑑,,
175,9784097252078,かぼちゃスープのおふろ,,1076,16,7,1,92,書籍,児童書,絵本,国内絵本,国内絵本,柴田ケイコ,9,小学館,43379656,かぼちゃスープのおふろ,,20221118,1621,,,,,,,あかちゃんえほん,どうぶつ絵本,
176,9784591175026,歴史ゴーストバスターズ　歴女失格！？　お泊まり会で大波乱の夏休み！,４,1076,16,55,1,91,書籍,児童書,児童文庫,児童文庫,その他児童文庫,あさばみゆき,591,ポプラ社,43250741,歴史ゴーストバスターズ,ポプラキミノベル　創作,20221013,2394,ポプラキミノベル　創作,,歴史ゴーストバスターズ,,,,歴史ゴーストバスターズ,少年探偵・江戸川乱歩＜文庫版＞,ポプラ社のよみきかせ大型絵本
177,9784052056819,なぜ？がわかる！　にゃんこ大戦争クイズブック　〜科学のぎもん編〜,,1076,16,61,1,11,書籍,児童書,実用百科,実用百科,クイズ・なぞなぞ,ＰＯＮＯＳ,5,学研プラス,43375611,なぜ？がわかる！　にゃんこ大戦争クイズブック　～科学のぎもん編～,,20221215,1836,,,,,,,わけがわかる,学研のクイズ図鑑,
178,9784065293423,ディズニーガールズと　いっしょに　おふろで　あいうえお　アルファベットひょうつき,,1076,16,91,1,4,書籍,児童書,グッズ,グッズ,ウォールチャート,講談社,6,講談社,43362345,ディズニーガールズと　いっしょに　おふろで　あいうえお　アルファベットひょうつき,,20221018,1298,,,ディズニー,,,,ディズニー_ＦＩＮＤ　ＢＯＯＫ,スター・ウォーズエピソード,
179,9784053056191,２０２３年入試用重大ニュース　時事問題に強くなる本　中学・高校入試,,1076,19,11,61,3,書籍,学習参考書,小学学参,中学入試,重大ニュース,Ｇａｋｋｅｎ,5,学研プラス,43360369,２０２３年入試用重大ニュース　時事問題に強くなる本　中学・高校入試,,20221013,2594,,,,,,,高校入試の最重要問題,学研ニューコース,
180,9784057508382,妖怪最強王図鑑フィギュア,,1076,16,91,1,91,書籍,児童書,グッズ,グッズ,その他グッズ,ｍｉｏ,5,学研プラス,43369073,妖怪最強王図鑑フィギュア,［バラエティ］　最強王図鑑シリーズ,20221126,13759,最強王図鑑シリーズ,,,,最強王図鑑シリーズ,最強王図鑑シリーズ,最強王図鑑シリーズ,キッズえほんシリーズ,最強王図鑑シリーズ
181,9784092893078,小学館世界Ｊ文学館,,1076,16,41,1,3,書籍,児童書,読み物,名作読み物,海外の名作読み物,浅田次郎,9,小学館,43355658,小学館世界Ｊ文学館,,20221118,1172,,,,,,,小学館の図鑑ＮＥＯのクラフトぶっく,日本名作おはなし絵本,
182,9784591174814,小説　魔入りました！入間くん　アクドルくろむちゃんとアメリの決断,４,1076,16,55,1,91,書籍,児童書,児童文庫,児童文庫,その他児童文庫,針とら,591,ポプラ社,43264725,小説　魔入りました！入間くん,ポプラキミノベル,20221005,3591,ポプラキミノベル　ノベライズ,,魔入りました！入間くん,,,,魔入りました！入間くん,少年探偵・江戸川乱歩＜文庫版＞,ポプラ社のよみきかせ大型絵本
183,9784092172661,図解はじめての絵画,,1076,16,81,1,11,書籍,児童書,図鑑,図鑑,学習図鑑シリーズ,青柳正規,9,小学館,43388151,図解はじめての絵画,小学館の図鑑ＮＥＯアート,20230206,6646,,,,,小学館の図鑑ＮＥＯ,,はじめてのしつけ絵本,観てわかるシリーズ,小学館の図鑑ＮＥＯのクラフトぶっく
184,9784533151545,るるぶマンガとクイズで楽しく学ぶ！日本の歴史人物伝,,1076,16,71,5,91,書籍,児童書,学習百科,学習漫画,その他学習漫画,伊藤賀一,533,ＪＴＢ,43370158,るるぶマンガとクイズで楽しく学ぶ！日本の歴史人物伝,,20221115,1349,こども絵本[学習まんが],,,,,こども絵本,こども絵本　るるぶ学べるさがし絵えほん,,
185,9784074521562,きみのこころをつよくする　えほん,,1076,16,7,1,92,書籍,児童書,絵本,国内絵本,国内絵本,足立啓美,7,主婦の友社,43360941,きみのこころをつよくする　えほん,,20221004,1376,,,,,,,ガストンのソーシャルスキルえほん,子どもりょうり絵本,
186,9784065289020,トミカ　タブレットがた　おしゃべりえほん,,1076,16,21,1,12,書籍,児童書,キャラクター絵本,キャラクター絵本,トミカ,講談社,6,講談社,43341015,トミカ　タブレットがた　おしゃべりえほん,［バラエティ］,20221212,1541,,,トミカ,トミカ,,,ディズニーベビープーえほん,トミカ,ティガ・ダイナ＆ウルトラマンガイア
187,9784046321978,トップ・シークレット　決戦前夜のショータイム！,４,1076,16,55,1,15,書籍,児童書,児童文庫,児童文庫,角川つばさ文庫,あんのまる,4,ＫＡＤＯＫＡＷＡ,43284068,トップ・シークレット,角川つばさ文庫,20230112,1601,,,トップ・シークレット,,,,トップ・シークレット,角川まんが学習シリーズ,角川まんが学習シリーズ
188,9784046322050,サキヨミ！　トラブルまみれのデート作戦！,８,1076,16,55,1,15,書籍,児童書,児童文庫,児童文庫,角川つばさ文庫,七海まち,4,ＫＡＤＯＫＡＷＡ,43387254,サキヨミ！　トラブルまみれのデート作戦！,角川つばさ文庫,20230208,1316,,,サキヨミ！,,,,サキヨミ！,角川まんが学習シリーズ,角川まんが学習シリーズ
189,9784092314405,華麗なる探偵アリス＆ペンギン　キャッツ・イン・ザ・スカイ,,1076,16,55,1,19,書籍,児童書,児童文庫,児童文庫,小学館ジュニア文庫,南房秀久,9,小学館,43381820,華麗なる探偵アリス＆ペンギン　キャッツ・イン・ザ・スカイ,小学館ジュニア文庫,20221125,1185,小学館ジュニア文庫,,華麗なる探偵アリス＆ペンギン,,,,華麗なる探偵アリス＆ペンギン,小学館の図鑑ＮＥＯのクラフトぶっく,小学館の図鑑ＮＥＯのクラフトぶっく
190,9784415331942,音と光のでる絵本　スイッチくるくる,,1076,16,15,1,1,書籍,児童書,しかけ絵本,しかけ絵本,音のでる絵本,かしわらあきお,415,成美堂出版,43376866,音と光のでる絵本　スイッチくるくる,［バラエティ］,20221102,4143,,,音と光のでる絵本,,,,音と光のでる絵本,音と光のでる絵本,
191,9784065309926,プリキュアオールスターズ　さがして！プリキュア,,1076,16,21,1,45,書籍,児童書,キャラクター絵本,キャラクター絵本,ヒロイン,東映アニメーション,6,講談社,43393230,プリキュアオールスターズ　さがして！プリキュア,,20230208,1464,,,プリキュア,,,,プリキュア,弱肉強食オンライン,
192,9784569880921,青鬼　調査クラブ　怪物を従えた少女と激突せよ！,７,1076,16,55,1,91,書籍,児童書,児童文庫,児童文庫,その他児童文庫,波摘,569,ＰＨＰ研究所,43113004,青鬼　調査クラブ,ＰＨＰジュニアノベル,20230126,1319,PHPジュニアノベル,,青鬼,,,,青鬼,,ジュニア学習ブックレット
193,9784083217555,天宮家の王子さま　メイドのわたしのバレンタイン計画！,,1076,16,55,1,18,書籍,児童書,児童文庫,児童文庫,集英社みらい文庫,白井ごはん,8,集英社,43382706,天宮家の王子さま　メイドのわたしのバレンタイン計画！,集英社みらい文庫,20221216,1937,天宮家の王子さま,,天宮家の王子さま,,,天宮家の王子さま,天宮家の王子さま,通学シリーズ みらい文庫版,通学シリーズ みらい文庫版
194,9784479393948,勇者たちの中学受験　わが子が本気になったとき、私の目が覚めたとき,,1076,19,11,21,1,書籍,学習参考書,小学学参,勉強法,勉強法,おおたとしまさ,479,大和書房,43378073,勇者たちの中学受験　わが子が本気になったとき、私の目が覚めたとき,,20221112,4672,,,,,,,,,
195,9784083217531,鬼滅の刃　ノベライズ　〜カナヲと無一郎！　命をかけた闘い編〜,,1076,16,55,1,18,書籍,児童書,児童文庫,児童文庫,集英社みらい文庫,吾峠呼世晴,8,集英社,43375620,鬼滅の刃　ノベライズ　～カナヲと無一郎！　命をかけた闘い編～,集英社みらい文庫,20221125,7517,鬼滅の刃 ノベライズ,,鬼滅の刃　ノベライズ,,,,鬼滅の刃　ノベライズ,通学シリーズ みらい文庫版,通学シリーズ みらい文庫版
196,9784408640617,マンガでよくわかる　ねこねこ日本史＜ジュニア版＞,１１,1076,16,71,1,47,書籍,児童書,学習百科,学習百科,歴史（読みもの）,そにしけんじ,408,実業之日本社,42910337,マンガでよくわかる　ねこねこ日本史＜ジュニア版＞,,20221201,1337,,,,,,,ジュニアレッスンシリーズ,,
197,9784278087093,あかちゃん　あかちゃん,２,1076,16,11,2,1,書籍,児童書,幼児絵本,ファーストブック,ファーストブック,おおのたろう,278,大泉書店,43321352,あかちゃん　あかちゃん,,20221130,1034,,,,,,,おやすみまえのあかちゃんえほん,,
198,9784083217470,絶対好きにならない同盟　〜歌姫はラブソングが超ニガテ！〜,,1076,16,55,1,18,書籍,児童書,児童文庫,児童文庫,集英社みらい文庫,夜野せせり,8,集英社,43366738,絶対好きにならない同盟　～歌姫はラブソングが超ニガテ！～,集英社みらい文庫,20221028,1583,絶対好きにならない同盟,,絶対好きにならない同盟,,,絶対好きにならない同盟,絶対好きにならない同盟,通学シリーズ みらい文庫版,通学シリーズ みらい文庫版
199,9784591175118,新装版　どうぶつえあわせ　ぴったりカード,,1076,16,91,1,3,書籍,児童書,グッズ,グッズ,知育カード,わらべきみか,591,ポプラ社,43365878,新装版　どうぶつえあわせ　ぴったりカード,,20221005,1146,単行本,,,,,,どうぶつ絵本,音のでる・知育絵本,
200,9784591175125,新装版　のりものえあわせ　ぴったりカード,,1076,16,91,1,3,書籍,児童書,グッズ,グッズ,知育カード,わらべきみか,591,ポプラ社,43365879,新装版　のりものえあわせ　ぴったりカード,,20221005,1062,単行本,,,,,,てのひらのりものえほん,音のでる・知育絵本,
201,9784265074877,にじいろフェアリーしずくちゃん　７つのストーンのひみつ,７,1076,16,41,5,5,書籍,児童書,読み物,読み物,低学年読み物,友永コリエ,265,岩崎書店,43064309,にじいろフェアリーしずくちゃん,,20221213,2726,しずくちゃん,,にじいろフェアリーしずくちゃん,,,しずくちゃん,にじいろフェアリーしずくちゃん,,
202,9784049145663,星のカービィ　プププヒーロー　プププランド最大の事件！！編,,1076,16,21,1,51,書籍,児童書,キャラクター絵本,キャラクター絵本,その他キャラクター,あおきけい,4,ＫＡＤＯＫＡＷＡ,43375601,星のカービィ　プププヒーロー　プププランド最大の事件！！編,,20221214,3415,,,星のカービィ,,,,星のカービィ,恐怖コレクター,
203,9784522803356,サイレンカー　だいずかん　６５ピース,,1076,16,91,1,13,書籍,児童書,グッズ,グッズ,ジグソーパズル,松島浩一郎,522,永岡書店,43365873,サイレンカー　だいずかん　６５ピース,頭のいい子を育むジグソー知育パズル,20221011,1267,頭のいい子を育む　ジグソー知育パズル,,,,,,,ディズニージグソーブック,ディズニージグソーブック
204,9784083217562,おチビがうちにやってきた！　動物園で事件！あらたな能力児、あらわる！？,,1076,16,55,1,18,書籍,児童書,児童文庫,児童文庫,集英社みらい文庫,柴野理奈子,8,集英社,43382707,おチビがうちにやってきた！　動物園で事件！あらたな能力児、あらわる！？,集英社みらい文庫,20221216,2036,,,おチビがうちにやってきた！,,,,おチビがうちにやってきた！,通学シリーズ みらい文庫版,通学シリーズ みらい文庫版
205,9784065301821,氷の上のプリンセス　シニア編,３,1076,16,55,1,11,書籍,児童書,児童文庫,児童文庫,青い鳥文庫,風野潮,6,講談社,43308401,氷の上のプリンセス　シニア編,講談社青い鳥文庫,20221214,1209,,,氷の上のプリンセス,,,,氷の上のプリンセス,ディズニーえほん文庫,講談社アニメ絵本
206,9784083217524,生き残りゲーム　ラストサバイバル　かせぐが勝ちの学園生活！　サバイバルポイント,,1076,16,55,1,18,書籍,児童書,児童文庫,児童文庫,集英社みらい文庫,大久保開,8,集英社,43375619,生き残りゲーム　ラストサバイバル　かせぐが勝ちの学園生活！　サバイバルポイント,集英社みらい文庫,20221125,1434,ラストサバイバルシリーズ,,,,,,生き残りゲームラストサバイバル,通学シリーズ みらい文庫版,通学シリーズ みらい文庫版
207,9784813780670,放課後★七不思議！　イケメンたちが優結を救う！？涙と笑顔のハッピーエンド,,1076,16,55,1,91,書籍,児童書,児童文庫,児童文庫,その他児童文庫,永良サチ,8137,スターツ出版,43365496,放課後★七不思議！　イケメンたちが優結を救う！？涙と笑顔のハッピーエンド,野いちごジュニア文庫,20221020,1215,,,放課後★七不思議！,,,,放課後★七不思議！,,
208,9784041129081,パンどろぼうほかほかギフトボックス絵本３冊＋メッセージカード（全３冊セット）,,1076,16,7,1,97,書籍,児童書,絵本,国内絵本,３才〜国内絵本,柴田ケイコ,4,ＫＡＤＯＫＡＷＡ,43368305,パンどろぼうほかほかギフトボックス絵本３冊＋メッセージカード（全３冊セット）,,20221109,2829,,,パンどろぼう,,,,パンどろぼう,ディズニー_角川アニメ絵本,
209,9784083217517,霧島くんは普通じゃない　〜ヴァンパイア三兄弟と同居！？　ドキドキの新学期〜,,1076,16,55,1,18,書籍,児童書,児童文庫,児童文庫,集英社みらい文庫,麻井深雪,8,集英社,43375618,霧島くんは普通じゃない　～ヴァンパイア三兄弟と同居！？　ドキドキの新学期～,集英社みらい文庫,20221125,9859,霧島くんは普通じゃない,,霧島くんは普通じゃない,,,霧島くんは普通じゃない,霧島くんは普通じゃない,通学シリーズ みらい文庫版,通学シリーズ みらい文庫版
210,9784813780717,となりの一条三兄弟！,３,1076,16,55,1,91,書籍,児童書,児童文庫,児童文庫,その他児童文庫,永良サチ,8137,スターツ出版,43313007,となりの一条三兄弟！,野いちごジュニア文庫,20221118,1282,,,となりの一条三兄弟！,,,,となりの一条三兄弟！,,
211,9784052056239,ひみつの魔女フレンズ　まいごの子犬と魔法のリング,５,1076,16,41,5,21,書籍,児童書,読み物,読み物,高学年読み物,宮下恵茉,5,学研プラス,43230639,ひみつの魔女フレンズ,,20221201,1437,ひみつの魔女フレンズ,,ひみつの魔女フレンズ,,,ひみつの魔女フレンズ,ひみつの魔女フレンズ,１０歳までに読みたい世界名作,
212,9784487815340,小学生のうちに覚えておくといいことカルタ,,1076,16,91,1,5,書籍,児童書,グッズ,グッズ,かるた,東京書籍出版事業部,487,東京書籍,43375231,小学生のうちに覚えておくといいことカルタ,［バラエティ］,20221208,1075,,,,,,,小学生のための英語絵本シリーズ　Ｏｖｅｒ　ｔｈｅ　ＮＥＷ　Ｈ,,
213,9784046061270,じんせいさいしょの,,1076,16,11,2,1,書籍,児童書,幼児絵本,ファーストブック,ファーストブック,おおのたろう,4,ＫＡＤＯＫＡＷＡ,43384710,じんせいさいしょの,,20230126,1109,,,,,,,ないしょのＭ組,ファースト・ステップ,
214,9784083217661,戦国姫　徳川家康と愛しき姫君たち　江姫、東福門院和子ほか,,1076,16,55,1,18,書籍,児童書,児童文庫,児童文庫,集英社みらい文庫,藤咲あゆな,8,集英社,43386789,戦国姫　徳川家康と愛しき姫君たち　江姫、東福門院和子ほか,集英社みらい文庫,20230127,1132,戦国姫,,戦国姫,,,戦国姫,戦国姫,通学シリーズ みらい文庫版,通学シリーズ みらい文庫版
215,9784083217500,二条くんはわたしの執事　ダンスパーティーで運命の告白！？,,1076,16,55,1,18,書籍,児童書,児童文庫,児童文庫,集英社みらい文庫,小桜すず,8,集英社,43375617,二条くんはわたしの執事　ダンスパーティーで運命の告白！？,集英社みらい文庫,20221125,1085,二条くんはわたしの執事,,二条くんはわたしの執事,,,二条くんはわたしの執事,二条くんはわたしの執事,通学シリーズ みらい文庫版,通学シリーズ みらい文庫版
216,9784299033833,まいぜんシスターズのまちがいさがしＢＯＯＫ,,1076,16,7,4,1,書籍,児童書,絵本,さがしもの絵本,さがしもの絵本,まいぜんシスターズ,299,宝島社,43373394,まいぜんシスターズのまちがいさがしＢＯＯＫ,,20221025,8641,,,,,,,,,
217,9784299035875,桃太郎電鉄でわかる歴史の英雄大図鑑,,1076,16,71,1,47,書籍,児童書,学習百科,学習百科,歴史（読みもの）,村瀬哲史,299,宝島社,43377522,桃太郎電鉄でわかる歴史の英雄大図鑑,,20221118,1124,,,,,,,,,
218,9784522803363,あつまれ！　きょうりゅう　３５ピース,,1076,16,91,1,13,書籍,児童書,グッズ,グッズ,ジグソーパズル,加藤愛一,522,永岡書店,43365874,あつまれ！　きょうりゅう　３５ピース,頭のいい子を育むジグソー知育パズル,20221011,1013,頭のいい子を育む　ジグソー知育パズル,,,,,,,ディズニージグソーブック,ディズニージグソーブック
219,9784083217593,戦国姫　徳川家康と運命の姫君たち　於大の方、瀬名姫ほか,,1076,16,55,1,18,書籍,児童書,児童文庫,児童文庫,集英社みらい文庫,藤咲あゆな,8,集英社,43382710,戦国姫　徳川家康と運命の姫君たち　於大の方、瀬名姫ほか,集英社みらい文庫,20221216,1921,戦国姫,,戦国姫,,,戦国姫,戦国姫,通学シリーズ みらい文庫版,通学シリーズ みらい文庫版
220,9784774738604,とびだす！かわいい！どうぶつピアノ,,1076,16,15,1,1,書籍,児童書,しかけ絵本,しかけ絵本,音のでる絵本,ｍｉｏ,7747,コスミック出版,43383715,とびだす！かわいい！どうぶつピアノ,［バラエティ］,20221216,1256,,,,,,,,,
221,9784065296851,小説　ブルーロック,１,1076,16,55,1,91,書籍,児童書,児童文庫,児童文庫,その他児童文庫,吉岡みつる,6,講談社,43367241,小説　ブルーロック,講談社ＫＫ文庫,20221117,1828,,,,,,,ブルーナのおはなしちえあそび,ディズニーえほん文庫,講談社アニメ絵本
222,9784865492859,おせちのみんなあつまって！,,1076,16,11,3,5,書籍,児童書,幼児絵本,知育絵本,たべもの絵本,真珠まりこ,86549,ひさかたチャイルド,43367256,おせちのみんなあつまって！,,20221114,1838,,,,,,,,０歳・１歳・２歳児の絵本,
223,9784265820658,ほねほねザウルス　パーフェクト図鑑,,1076,16,41,5,13,書籍,児童書,読み物,読み物,ほねほねザウルスシリーズ,カバヤ食品,265,岩崎書店,43370950,ほねほねザウルス　パーフェクト図鑑,,20221117,2312,ほねほねザウルス,,ほねほねザウルス,ほねほねザウルス,,ほねほねザウルス,ほねほねザウルス,ほねほねザウルス,
224,9784083217678,逃走中　オリジナルストーリー　暗闇からハンター！？　夜の遊園地で恐怖に立ちむかえ！,,1076,16,55,1,18,書籍,児童書,児童文庫,児童文庫,集英社みらい文庫,逃走中,8,集英社,43386790,逃走中　オリジナルストーリー　暗闇からハンター！？　夜の遊園地で恐怖に立ちむかえ！,集英社みらい文庫,20230127,3416,逃走中 オリジナルストーリー,,逃走中　オリジナルストーリー,,,,逃走中　オリジナルストーリー,通学シリーズ みらい文庫版,通学シリーズ みらい文庫版
225,9784065311035,ひろがるスカイ！プリキュア　へんしんシールえほん,,1076,16,35,1,11,書籍,児童書,絵本塔,絵本塔,講談社,東映アニメーション,6,講談社,43393231,ひろがるスカイ！プリキュア　へんしんシールえほん,おともだちムック,20230206,1384,,,プリキュア,,おともだちムック,,プリキュア,講談社アニメ絵本,おともだちムック
226,9784074514120,女の子おりがみ,,1076,16,61,1,1,書籍,児童書,実用百科,実用百科,おりがみ,たつくりのおりがみ,7,主婦の友社,43378772,女の子おりがみ,,20221202,2218,,,,,,,,,
227,9784774738659,くるくるまわる！ビーだまビッグコースター,,1076,16,91,1,91,書籍,児童書,グッズ,グッズ,その他グッズ,ｍｉｏ,7747,コスミック出版,43383195,くるくるまわる！ビーだまビッグコースター,［バラエティ］,20221213,1233,,,,,,,,,
228,9784087901009,おしりダンディ　ザ・ヤング　きょうりゅうのしま,,1076,16,41,5,7,書籍,児童書,読み物,読み物,おしりたんていシリーズ,トロル,8,集英社,43375621,おしりダンディ　ザ・ヤング　きょうりゅうのしま,おしりダンディ　アドベンチャー,20221125,4247,おしりダンディ アドベンチャー,,,,,,おしりダンディアドベンチャー,満点ゲットシリーズ　せいかつプラス,おしりダンディアドベンチャー
229,9784865492873,はたらくくるま,,1076,16,11,2,1,書籍,児童書,幼児絵本,ファーストブック,ファーストブック,伊藤アキラ,86549,ひさかたチャイルド,43373876,はたらくくるま,,20221215,1191,,,はたらくくるま,,,,はたらくくるま,,
230,9784791631582,超特大なぞなぞウルトラ大冒険３５１５問！,,1076,16,61,1,11,書籍,児童書,実用百科,実用百科,クイズ・なぞなぞ,平目きらり,7916,西東社,43363338,超特大なぞなぞウルトラ大冒険３５１５問！,,20221011,1026,,,,,,,,,
231,9784083217654,渚くんをお兄ちゃんとは呼ばない　〜これからも大好き〜,,1076,16,55,1,18,書籍,児童書,児童文庫,児童文庫,集英社みらい文庫,夜野せせり,8,集英社,43386788,渚くんをお兄ちゃんとは呼ばない　～これからも大好き～,集英社みらい文庫,20230127,2508,渚くんをお兄ちゃんとは呼ばない,,渚くんをお兄ちゃんとは呼ばない,,,渚くんをお兄ちゃんとは呼ばない,渚くんをお兄ちゃんとは呼ばない,通学シリーズ みらい文庫版,通学シリーズ みらい文庫版
232,9784041097526,角川まんが学習シリーズ　日本の歴史　多様化する社会　平成時代〜令和,１６,1076,16,71,5,1,書籍,児童書,学習百科,学習漫画,日本の歴史,五百旗頭薫,4,ＫＡＤＯＫＡＷＡ,42677088,角川まんが学習シリーズ　日本の歴史,,20221013,4185,,,角川まんが学習シリーズ,,,,角川まんが学習シリーズ　まんが人物伝,,
233,9784065297001,人狼サバイバル　疑心暗鬼！　水の都の人狼ゲーム,,1076,16,55,1,11,書籍,児童書,児童文庫,児童文庫,青い鳥文庫,甘雪こおり,6,講談社,43367244,人狼サバイバル　疑心暗鬼！　水の都の人狼ゲーム,,20221109,4734,,,人狼サバイバル,,,,人狼サバイバル,ディズニーえほん文庫,
234,9784330059228,トミカ　はじめてのひらがなキューブ,,1076,16,91,1,1,書籍,児童書,グッズ,グッズ,知育玩具,ｍｉｏ,330,交通新聞社,43371216,トミカ　はじめてのひらがなキューブ,［バラエティ］,20221128,1086,,,トミカ,,,,はじめてカード図鑑,,
235,9784023322233,大雪のサバイバル,,1076,16,71,5,21,書籍,児童書,学習百科,学習漫画,サバイバルシリーズ,ポドアルチング,2,朝日新聞出版,43392485,大雪のサバイバル,かがくるＢＯＯＫ　科学漫画サバイバルシリーズ　８２,20230207,4032,科学漫画サバイバルシリーズ８２,,,サバイバルシリーズ,サバイバルシリーズ,サバイバルシリーズ,サバイバルシリーズ,サバイバルシリーズ,サバイバルシリーズ
236,9784791631889,ミラクルハピネス　心理テスト１４１２,,1076,16,61,1,21,書籍,児童書,実用百科,実用百科,心理ゲーム・占い,ミラクル心理研究会,7916,西東社,43368800,ミラクルハピネス　心理テスト１４１２,,20221015,2097,,,,,,,ミラクルハッピー☆希望のどうぶつ物語,,
237,9784046322012,怪盗レッド　家族の絆は、うばえない☆の巻,２２,1076,16,55,1,15,書籍,児童書,児童文庫,児童文庫,角川つばさ文庫,秋木真,4,ＫＡＤＯＫＡＷＡ,40911770,怪盗レッド,角川つばさ文庫,20221214,3750,,,怪盗レッド,,,,怪盗レッドＴＨＥＦＩＲＳＴ,角川まんが学習シリーズ,角川まんが学習シリーズ
238,9784046322029,ふたごチャレンジ！　ココロ揺らめく遊園地！？,４,1076,16,55,1,15,書籍,児童書,児童文庫,児童文庫,角川つばさ文庫,七都にい,4,ＫＡＤＯＫＡＷＡ,43292427,ふたごチャレンジ！,角川つばさ文庫,20230112,2721,,,ふたごチャレンジ！,,,,ふたごチャレンジ！,角川まんが学習シリーズ,角川まんが学習シリーズ
239,9784791631513,大迫力！戦慄の都市伝説大百科,,1076,16,61,1,91,書籍,児童書,実用百科,実用百科,その他実用百科,朝里樹,7916,西東社,43374282,大迫力！戦慄の都市伝説大百科,,20221115,3485,,,,,,,,,
240,9784041129791,角川まんが学習シリーズ日本の歴史５大特典つき全１６巻＋別巻４冊セット（全２０巻セ,,1076,16,71,5,1,書籍,児童書,学習百科,学習漫画,日本の歴史,山本博文,4,ＫＡＤＯＫＡＷＡ,43370508,角川まんが学習シリーズ日本の歴史５大特典つき全１６巻＋別巻４冊セット（全２０巻セ,,20221110,1223,,,角川まんが学習シリーズ,,,,角川まんが学習シリーズ,,
241,9784522803431,たべっ子どうぶつバスボール　りんごのかおり,１,1076,16,91,1,91,書籍,児童書,グッズ,グッズ,その他グッズ,ｍｉｏ,522,永岡書店,43376252,たべっ子どうぶつバスボール　りんごのかおり,,20221110,4544,,,,,,,トロールズ,,
242,9784036358502,あやし、おそろし、天獄園,,1076,16,41,5,24,書籍,児童書,読み物,読み物,ふしぎ駄菓子屋銭天堂シリーズ,廣嶋玲子,3,偕成社,43363698,あやし、おそろし、天獄園,,20221124,10445,,,,ふしぎ駄菓子屋銭天堂シリーズ,,,,ふしぎ駄菓子屋銭天堂シリーズ,
243,9784410143335,化学重要問題集化学基礎・化学　実戦２０２３,,1076,19,31,21,11,書籍,学習参考書,高校学参,理科,化学,数研出版編集部,410,数研出版,43363351,化学重要問題集化学基礎・化学　実戦２０２３,,20221104,2698,,,,,,,チャート式問題集シリーズ,,
244,9784591175699,ティンクル・セボンスター　アンナと宝石の国の女王様,８,1076,16,41,5,5,書籍,児童書,読み物,読み物,低学年読み物,菊田みちよ,591,ポプラ社,42723633,ティンクル・セボンスター,,20221214,1179,ティンクル・セボンスター,,ティンクル・セボンスター,,,ティンクル・セボンスター,ティンクル・セボンスター,,
245,9784083217494,絶叫学級　パーティーのいけにえ　編,,1076,16,55,1,18,書籍,児童書,児童文庫,児童文庫,集英社みらい文庫,いしかわえみ,8,集英社,43366740,絶叫学級　パーティーのいけにえ　編,集英社みらい文庫,20221028,3042,絶叫学級,,絶叫学級,,,絶叫学級,絶叫学級,通学シリーズ みらい文庫版,通学シリーズ みらい文庫版
246,9784591175705,ミオととなりのマーメイド　つながる心でラストマジック！,１２,1076,16,41,5,51,書籍,児童書,読み物,読み物,ファンタジー,ミランダ・ジョーンズ,591,ポプラ社,43380020,ミオととなりのマーメイド　つながる心でラストマジック！,,20221207,2130,ミオととなりのマーメイド,,ミオととなりのマーメイド,,,ミオととなりのマーメイド,ミオととなりのマーメイド,ファンタジー超図鑑,
247,9784046321831,ぜったいバレちゃいけません！！！　ハッピーエンドはゆずれない！,６,1076,16,55,1,15,書籍,児童書,児童文庫,児童文庫,角川つばさ文庫,水無仙丸,4,ＫＡＤＯＫＡＷＡ,43210129,ぜったいバレちゃいけません！！！,角川つばさ文庫,20221013,1374,,,ぜったいバレちゃいけません！！！,,,,ぜったいバレちゃいけません！！！,角川まんが学習シリーズ,角川まんが学習シリーズ
248,9784083217487,迷宮教室　裏切りの「友達処刑ゲーム」,,1076,16,55,1,18,書籍,児童書,児童文庫,児童文庫,集英社みらい文庫,あいはらしゅう,8,集英社,43366739,迷宮教室　裏切りの「友達処刑ゲーム」,集英社みらい文庫,20221028,1475,迷宮教室,,迷宮教室,,,迷宮教室,迷宮教室,通学シリーズ みらい文庫版,通学シリーズ みらい文庫版
249,9784478116562,小学生がたった１日で１９×１９までかんぺきに暗算できる本,,1076,19,11,5,1,書籍,学習参考書,小学学参,基礎学習,基礎学習参考書,小杉拓也,478,ダイヤモンド社,43373276,小学生がたった１日で１９×１９までかんぺきに暗算できる本,,20221208,17634,,,,,,,,,
250,9784522803424,じゃがりこバスボール　りんごのかおり,,1076,16,91,1,91,書籍,児童書,グッズ,グッズ,その他グッズ,ｍｉｏ,522,永岡書店,43376318,じゃがりこバスボール　りんごのかおり,,20221110,6182,,,,,,,トロールズ,,
251,9784867163436,まじょねこマーニャ　まほうのゆびわ,,1076,16,7,1,92,書籍,児童書,絵本,国内絵本,国内絵本,さかいさちえ,86716,マイクロマガジン社,43360949,まじょねこマーニャ　まほうのゆびわ,,20221005,1432,,,,,,,,,
252,9784591175866,かいけつゾロリの　あたまがよくなるボードゲームＢＯＸ,,1076,16,91,1,8,書籍,児童書,グッズ,グッズ,その他ゲーム,原ゆたか,591,ポプラ社,43380293,かいけつゾロリの　あたまがよくなるボードゲームＢＯＸ,［バラエティ］,20221209,1523,単行本,,かいけつゾロリ,,,,かいけつゾロリ,なぞなぞ＆ゲーム王国,プティ・パティシエール
253,9784410143137,物理重要問題集物理基礎・物理　実戦２０２３,,1076,19,31,21,1,書籍,学習参考書,高校学参,理科,物理,数研出版編集部,410,数研出版,43363350,物理重要問題集物理基礎・物理　実戦２０２３,,20221104,1050,,,,,,,チャート式問題集シリーズ,,
254,9784083217609,アイ・アム・冒険少年　脱出島　オリジナルストーリー　友情でミッションを乗り越えろ！,,1076,16,55,1,18,書籍,児童書,児童文庫,児童文庫,集英社みらい文庫,ｍｉｏ,8,集英社,43382711,アイ・アム・冒険少年　脱出島　オリジナルストーリー　友情でミッションを乗り越えろ！,集英社みらい文庫,20221216,1176,アイ・アム・冒険少年 脱出島 オリジナルストーリー 無人島サバイバルスタート！,,,,,,逃走中　オリジナルストーリー,通学シリーズ みらい文庫版,通学シリーズ みらい文庫版
255,9784591176061,おしりたんてい　ププッ　でんせつのかたなをまもれ　アニメコミック,１４,1076,16,41,5,7,書籍,児童書,読み物,読み物,おしりたんていシリーズ,トロル,591,ポプラ社,43109435,おしりたんてい　アニメコミック,,20230118,2038,アニメコミックおしりたんてい,,おしりたんてい,おしりたんてい,,おしりたんてい,おしりたんていかいとう,おしりたんていかいとう,
256,9784083217586,青星学園★チームＥＹＥーＳの事件ノート　翔太の熱い体育祭！ハチマキにこめた気持ち,,1076,16,55,1,18,書籍,児童書,児童文庫,児童文庫,集英社みらい文庫,相川真,8,集英社,43382709,青星学園★チームＥＹＥーＳの事件ノート　翔太の熱い体育祭！ハチマキにこめた気持ち,集英社みらい文庫,20221216,3422,,,,,,,青星学園★チームＥＹＥ－Ｓの事件ノート,通学シリーズ みらい文庫版,通学シリーズ みらい文庫版
257,9784522440513,おしえて　おしえて　かわいいの　だぁれ？　こころをはぐくむ　ふれあいえほん,,1076,16,11,2,1,書籍,児童書,幼児絵本,ファーストブック,ファーストブック,うらつかりょうま,522,永岡書店,43380013,おしえて　おしえて　かわいいの　だぁれ？　こころをはぐくむ　ふれあいえほん,,20221212,1777,,,,,,,こころをはぐくむふれあいえほん,ディズニージグソーブック,
258,9784309629315,人類の物語　Ｕｎｓｔｏｐｐａｂｌｅ　Ｕｓ　ヒトはこうして地球の支配者になった,,1076,16,71,1,47,書籍,児童書,学習百科,学習百科,歴史（読みもの）,ユヴァル・ノア・ハラリ,309,河出書房新社,43369411,人類の物語　Ｕｎｓｔｏｐｐａｂｌｅ　Ｕｓ　ヒトはこうして地球の支配者になった,,20221124,3382,Unstoppable Us,,,,,,,,
259,9784046057129,にゃんこ大戦争でまなぶ！難しい言葉１０００,,1076,16,71,1,3,書籍,児童書,学習百科,学習百科,国語,ＰＯＮＯＳ,4,ＫＡＤＯＫＡＷＡ,43367727,にゃんこ大戦争でまなぶ！難しい言葉１０００,,20221118,2756,,,,,,,１００年後も読まれる名作,,
260,9784391158779,すみっコぐらしをさがせ　あつまるとあんしんです編,,1076,16,21,1,51,書籍,児童書,キャラクター絵本,キャラクター絵本,その他キャラクター,主婦と生活社,391,主婦と生活社,43372086,すみっコぐらしをさがせ　あつまるとあんしんです編,,20221125,3526,,,すみっコぐらし,,,,すみっコぐらし,,
261,9784813780786,ヴァンパイア・溺愛パラダイス,５,1076,16,55,1,91,書籍,児童書,児童文庫,児童文庫,その他児童文庫,碧井こなつ,8137,スターツ出版,43270868,ヴァンパイア・溺愛パラダイス,野いちごジュニア文庫,20230120,1344,ヴァンパイア♡溺愛パラダイス,,ヴァンパイア・溺愛パラダイス,,,,ヴァンパイア・溺愛パラダイス,,
262,9784865314960,共通テスト予想問題パック　２０２３年用,,1076,19,31,51,41,書籍,学習参考書,高校学参,予備校,Ｚ会,Ｚ会編集部,86531,Ｚ会,43367355,共通テスト予想問題パック　２０２３年用,,20221007,5463,,,,,,,,,
263,9784405073586,頭のいい子が育つ葉加瀬太郎の英語のうた　ＣＤ付,,1076,16,71,1,6,書籍,児童書,学習百科,学習百科,英語,葉加瀬太郎,405,新星出版社,43369780,頭のいい子が育つ葉加瀬太郎の英語のうた　ＣＤ付,,20221117,1435,,,,,,,,,
264,9784046321886,理花のおかしな実験室　ふくらむナゾの答えをさがせ！,７,1076,16,55,1,15,書籍,児童書,児童文庫,児童文庫,角川つばさ文庫,やまもとふみ,4,ＫＡＤＯＫＡＷＡ,43189443,理花のおかしな実験室,角川つばさ文庫,20221013,2290,,,理花のおかしな実験室,,,,理花のおかしな実験室,角川まんが学習シリーズ,角川まんが学習シリーズ
265,9784052056437,５分後に意外な結末ｅｘ　亜麻色の糸で紡がれた物語,,1076,16,41,5,22,書籍,児童書,読み物,読み物,５分後に意外な結末シリーズ,桃戸ハル,5,学研プラス,43363323,５分後に意外な結末ｅｘ　亜麻色の糸で紡がれた物語,「５分後に意外な結末」シリーズ,20221215,4042,５分後に意外な結末,,５分後に意外な結末,５分後に意外な結末,５分後に意外な結末,５分後に意外な結末,５分後に意外な結末ｅｘ,５分後に意外な結末,「５分後に意外な結末」シリーズ
266,9784591175798,ないしょの未来日記　恋愛ギライな私とフキゲンな王子様,１,1076,16,55,1,91,書籍,児童書,児童文庫,児童文庫,その他児童文庫,高杉六花,591,ポプラ社,43379932,ないしょの未来日記　恋愛ギライな私とフキゲンな王子様,ポプラキミノベル　創作,20221207,1452,ポプラキミノベル　ノベライズ,,,,,,大人にはないしょだよ,少年探偵・江戸川乱歩＜文庫版＞,ポプラ社のよみきかせ大型絵本
267,9784046321909,すずめの戸締まり,,1076,16,55,1,15,書籍,児童書,児童文庫,児童文庫,角川つばさ文庫,新海誠,4,ＫＡＤＯＫＡＷＡ,43351498,すずめの戸締まり,角川つばさ文庫,20221013,45820,,,,,,,,角川まんが学習シリーズ,角川まんが学習シリーズ
268,9784065291832,いちねんじゅうおばけずかん　ハロウィンかぼちゃん,,1076,16,41,5,41,書籍,児童書,読み物,読み物,おばけ・こわい話,斉藤洋,6,講談社,43371446,いちねんじゅうおばけずかん　ハロウィンかぼちゃん,どうわがいっぱい,20221201,4832,,,おばけずかん,,,,おばけずかんアニメえほん,おばけずかんアニメえほん,ゆずのどうぶつカルテ
